{"initial_reset_timestamp": 1618056226.812477, "timestamps": [1618056229.3522754, 1618056231.0611186, 1618056239.2740119, 1618056245.829638, 1618056249.9328282, 1618056266.0539799, 1618056268.5477154, 1618056274.3680353, 1618056290.4974554, 1618056307.3548088], "episode_lengths": [3, 2, 10, 8, 5, 20, 3, 7, 20, 21], "episode_rewards": [1.9105482353831815, 0.7999999999999999, 7.8393412419324005, 5.644577582690675, 4.152001607080788, 18.385851998606555, 1.622222222222222, 4.7994404448350085, 16.000801846629653, 14.845246859117442], "episode_rewards_": [[0.8666666666666667, 0.9772149020498481, 0.06666666666666665], [0.7999999999999999, 0.0], [0.7999999999999999, 0.7999999999999999, 0.9105482353831814, 0.9294396281688483, 0.8221197095484385, 0.6932317627319943, 0.7817545644191256, 0.9074303051067808, 0.9289068105682267, 0.2659102260058053], [0.8444444444444444, 0.8222222222222223, 0.7116739868390409, 0.6927825940533742, 0.8001025126737838, 0.8406644463292686, 0.866020709461874, 0.06666666666666665], [0.9772149020498481, 0.9961062948355148, 0.9993346115982865, 0.9998862929506904, 0.17945950564644808], [0.9327704576054036, 0.8411136150078892, 0.8254505389849939, 0.9333221389578075, 0.9739783484656811, 0.9771285000100468, 0.9998890460684905, 0.9999810392785196, 0.9777745376135568, 0.9777772240718342, 0.9555554609337243, 0.9555555393857977, 0.9333333305701119, 0.9555555550833535, 0.9555555554748617, 0.9555555555417659, 0.9777777777754212, 0.9777777777773751, 0.9999999999999312, 0.2799999999999876], [0.7999999999999999, 0.7999999999999999, 0.022222222222222216], [0.6894517646168187, 0.7811086072143331, 0.7967716832372284, 0.7994483186475959, 0.7999057241476115, 0.9105321247491988, 0.022222222222222216], [0.8444444444444444, 0.8222222222222223, 0.8222222222222223, 0.9327704576054036, 0.9516618503910704, 0.8443419317706606, 0.936550455720579, 0.9745300298180851, 0.9772227758624353, 0.8671346990970693, 0.8483219420052491, 0.8673292853795999, 0.8667799004087501, 0.7561377815977702, 0.7150081230166437, 0.6895548423737425, 0.6890026925042586, 0.7994565719709947, 0.7961096182184516, 0.0], [0.8222222222222223, 0.7116739868390409, 0.6927825940533742, 0.6895542772906024, 0.7995508313213797, 0.7077997128714767, 0.6921205262145991, 0.6894411376864314, 0.7995314970941566, 0.8183446442627001, 0.799337367547872, 0.7998867639100501, 0.7999806492844925, 0.6894484578072069, 0.670559806736295, 0.6895541807225399, 0.6890025794358526, 0.6889083172657532, 0.7994404443530941, 0.7961068621982998, 0.0]], "episode_seeds": [2543122846622824923, 4788925149003209327, 15738243670539391257, 3741591043918622551, 12218996192124856342, 9844606779605240732, 13434286890056310722, 6582823145213110825, 14164998682609032993, 15359561363069288720], "episode_types": ["t", "t", "t", "t", "t", "t", "t", "t", "t", "t"], "episode_speed": [[25.0, 29.1455588268693, 11.531570001356656], [25.0, 16.012498280616136], [25.0, 25.0, 29.1455588268693, 29.853986056331806, 25.82948910806644, 20.996191102449785, 24.31579616571721, 29.028636441504275, 29.8340053963085, 29.971633475217697], [25.0, 25.0, 20.8544411731307, 20.146013943668194, 24.17051089193356, 24.85825007068091, 24.97577660482028, 10.916556926011355], [29.1455588268693, 29.853986056331806, 29.975047934935745, 29.995735985650892, 24.229731461741803], [29.1455588268693, 25.70842722946251, 25.121061878603935, 29.16624687758445, 29.857521400796376, 29.975652083710088, 29.995839227568396, 29.99928897294448, 29.99987849384171, 29.999979236027116, 29.999996451681326, 29.999999393634084, 29.999999896379194, 29.999999982292426, 29.999999996973983, 29.99999999948289, 29.99999999991163, 29.999999999984897, 29.999999999997417, 27.999999999999535], [25.0, 25.0, 17.706139917695474], [20.8544411731307, 24.29157277053749, 24.878938121396065, 24.97931194928485, 24.996464655535434, 29.14495467809495, 18.303216707036032], [25.0, 25.0, 25.0, 29.1455588268693, 29.853986056331806, 25.82948910806644, 29.28730875618838, 29.878209451511527, 29.979187428174654, 25.850884549473435, 25.145406158530175, 25.024848201734994, 25.00424626532813, 20.85516680991638, 20.146137946457475, 20.02497325568201, 20.004267635576365, 24.14628811557897, 24.854110683191934, 13.397355230108875], [25.0, 20.8544411731307, 20.146013943668194, 20.024952065064255, 24.14982284121841, 20.709155899347046, 20.12118639971413, 20.020709329907845, 24.149097807697544, 24.85459082651792, 24.9751512830452, 24.995753646626873, 24.99927434816847, 20.854317167770258, 20.145992752611065, 20.024948443761915, 20.004263395511142, 20.000728564132412, 24.145683329907698, 24.854007332436243, 19.537634047764154]], "episode_crashed": [[false, false, true], [false, true], [false, false, false, false, false, false, false, false, false, true], [false, false, false, false, false, false, false, true], [false, false, false, false, true], [false, false, false, false, false, false, false, false, false, false, false, false, false, false, false, false, false, false, false, true], [false, false, true], [false, false, false, false, false, false, true], [false, false, false, false, false, false, false, false, false, false, false, false, false, false, false, false, false, false, false, true], [false, false, false, false, false, false, false, false, false, false, false, false, false, false, false, false, false, false, false, false, true]], "episode_action": [[2, 3, 4], [1, 3], [0, 1, 3, 3, 4, 4, 3, 3, 3, 3], [1, 0, 4, 4, 3, 2, 2, 2], [3, 3, 3, 2, 4], [3, 4, 1, 3, 2, 1, 2, 1, 0, 3, 0, 3, 0, 2, 1, 1, 2, 1, 2, 1], [1, 1, 2], [4, 3, 0, 1, 0, 3, 2], [1, 0, 1, 3, 3, 4, 3, 2, 1, 4, 1, 2, 1, 4, 0, 0, 1, 3, 0, 0], [0, 4, 1, 4, 3, 4, 4, 4, 3, 1, 0, 0, 0, 4, 4, 2, 1, 1, 3, 0, 4]], "episode_cost": [[0.0, 0.0, 1.0], [0.0, 1.0], [0.0, 0.0, 0.0, 0.0, 0.0, 0.0, 0.0, 0.0, 0.0, 1.0], [0.0, 0.0, 0.0, 0.0, 0.0, 0.0, 0.0, 1.0], [0.0, 0.0, 0.0, 0.0, 1.0], [0.0, 0.0, 0.0, 0.0, 0.0, 0.0, 0.0, 0.0, 0.0, 0.0, 0.0, 0.0, 0.0, 0.0, 0.0, 0.0, 0.0, 0.0, 0.0, 1.0], [0.0, 0.0, 1.0], [0.0, 0.0, 0.0, 0.0, 0.0, 0.0, 1.0], [0.0, 0.0, 0.0, 0.0, 0.0, 0.0, 0.0, 0.0, 0.0, 0.0, 0.0, 0.0, 0.0, 0.0, 0.0, 0.0, 0.0, 0.0, 0.0, 1.0], [0.0, 0.0, 0.0, 0.0, 0.0, 0.0, 0.0, 0.0, 0.0, 0.0, 0.0, 0.0, 0.0, 0.0, 0.0, 0.0, 0.0, 0.0, 0.0, 0.0, 1.0]]}