episode,sim/wall,total steps,steps/sec,score
0,0.4094630458074326,250,4.094630346149213,"010: 7.1516, 008: 7.1358, 012: 7.4900, 013: -1.6776, 004: 7.4032, 011: 7.4166, 014: 6.8505, 005: -0.9835, 006: 1.5390, 001: 7.4545, 003: -1.9042, 007: 7.0318, 009: 7.1668, 002: -38.7866, 000: 1.3706"
1,0.40096126296312556,250,4.009612537637963,"010: 7.3527, 008: 6.9344, 012: 6.9357, 013: -7.3670, 004: 7.3192, 011: 2.0759, 014: -1.7640, 005: 7.4070, 006: 7.0363, 001: 7.3380, 003: 6.8136, 007: -0.5915, 009: 7.1108, 002: -0.8821, 000: 7.2328"
2,0.2903886985866827,217,2.90388693027755,"010: 5.3188, 008: 3.4109, 012: 1.5175, 013: 6.1037, 004: 6.2105, 011: 6.4767, 014: 1.9966, 005: -8.2571, 006: 5.9825, 001: -18.6262, 003: -12.6398, 007: 6.2238, 009: 1.9912, 002: -23.2027, 000: 6.0905"
3,0.2775077387183978,161,2.775077318758844,"010: 4.8226, 008: -6.1655, 012: -3.9829, 013: 4.6955, 004: 4.8899, 011: 4.5111, 014: -6.7375, 005: -10.7513, 006: -13.6958, 001: -3.5267, 003: 4.6954, 007: 3.9741, 009: 1.2374, 002: 4.8805, 000: 4.7709"
4,0.26857404383074834,166,2.6857403554274235,"010: 4.9001, 008: -5.1052, 012: 4.0726, 013: 4.8800, 004: -0.3045, 011: 2.8741, 014: 4.8084, 005: -0.1846, 006: 0.9579, 001: 4.7770, 003: -1.2161, 007: -0.8466, 009: 4.8836, 002: 4.8261, 000: 4.9124"
5,0.2605285751659528,247,2.605285699245945,"010: 7.0524, 008: 7.1135, 012: 7.3836, 013: -2.9896, 004: 7.2572, 011: 7.1122, 014: 7.3272, 005: 7.0742, 006: 1.9562, 001: 7.4260, 003: -2.9026, 007: 0.7698, 009: 1.2224, 002: -2.3999, 000: -0.3077"
6,0.2775818143026771,116,2.775818032170019,"010: 0.6984, 008: -2.2644, 012: -0.5191, 013: 3.4007, 004: 3.2908, 011: -0.7680, 014: 3.3930, 005: 3.4955, 006: -0.1242, 001: 3.4763, 003: 3.3326, 007: -0.8393, 009: 2.8091, 002: 0.3070, 000: 3.4942"
7,0.2273035821905858,231,2.273035784577515,"010: 6.9402, 008: 6.4442, 012: 6.6190, 013: 5.3305, 004: 6.6087, 011: -0.9353, 014: -11.6855, 005: -0.8496, 006: 6.9581, 001: 2.5333, 003: 6.6111, 007: 5.2006, 009: 6.4139, 002: 4.3095, 000: 6.7953"
MEAN,0.30153859519570037,204.75,3.015385875530559,n/a
