{"initial_reset_timestamp": 1618069909.8653843, "timestamps": [1618069912.3857055, 1618069916.5345705], "episode_lengths": [3, 5], "episode_rewards": [1.8661037909387368, 3.5769986823267548], "episode_rewards_": [[0.8444444444444444, 0.9549926798276257, 0.06666666666666665], [0.9549926798276257, 0.9516618503910704, 0.8443419317706606, 0.8037799981151758, 0.022222222222222216]], "episode_seeds": [13458744483634119826, 17577958761799421838], "episode_types": ["t", "t"], "episode_speed": [[25.0, 29.1455588268693, 13.795397712478918], [29.1455588268693, 29.853986056331806, 25.82948910806644, 25.14174992931909, 16.558192256130592]], "episode_crashed": [[false, false, true], [false, false, false, false, true]], "episode_action": [[1, 3, 2], [3, 0, 4, 0, 2]], "episode_cost": [[0.0, 0.0, 1.0], [0.0, 0.0, 0.0, 0.0, 1.0]]}