episode,sim/wall,total steps,steps/sec,score
0,3.776455715910535,500,37.76455239877745,000: 13.5537
1,1.9939440728479536,101,19.939434158824522,000: 0.7828
2,1.9866778134865468,500,19.866777005651606,000: 13.8728
3,1.9778000723914784,500,19.7779986721503,000: 14.4416
4,1.970502466421412,500,19.70502336816319,000: 14.4781
5,2.0281864014436004,500,20.281862837542814,000: -253.6467
MEAN,2.2889277570835875,433.5,22.889274740184977,n/a
