{"initial_reset_timestamp": 1618336961.851188, "timestamps": [1618336970.875124, 1618336983.8226266, 1618336987.8030086, 1618336993.6745214, 1618337009.177039], "episode_lengths": [5, 7, 2, 3, 8], "episode_rewards": [3.133447040382643, 5.4007271482873564, 0.9333333333333333, 1.8, 6.1961062948355154], "episode_rewards_": [[0.7116739868390409, 0.8033308294365552, 0.8189939054594507, 0.7994483186475959, 0.0], [0.7116739868390409, 0.8033308294365552, 0.9295421408426319, 0.928887946816444, 0.9325736690792313, 0.9554257378722636, 0.1392928374011896], [0.8666666666666667, 0.06666666666666665], [0.8666666666666667, 0.8666666666666667, 0.06666666666666665], [0.8444444444444444, 0.8666666666666667, 0.8666666666666667, 0.8444444444444444, 0.8666666666666667, 0.9772149020498481, 0.8855580594523337, 0.04444444444444443]], "episode_seeds": [3600999411162905824, 11495929208441891810, 13092935347810804905, 2091033812097438277, 14841799543704680550], "episode_types": ["t", "t", "t", "t", "t"], "episode_speed": [[20.8544411731307, 24.29157277053749, 24.878938121396065, 24.97931194928485, 10.267297304163964], [20.8544411731307, 24.29157277053749, 29.024496948265362, 29.833298005616655, 29.971512590471175, 29.99513183687655, 24.39014806921128], [25.0, 12.540295631400364], [25.0, 25.0, 10.273646274885325], [25.0, 25.0, 25.0, 25.0, 25.0, 29.1455588268693, 25.70842722946251, 16.687965085612124]], "episode_crashed": [[false, false, false, false, true], [false, false, false, false, false, false, true], [false, true], [false, false, true], [false, false, false, false, false, false, false, true]], "episode_action": [[4, 3, 1, 0, 4], [4, 3, 3, 0, 0, 2, 3], [2, 2], [2, 1, 4], [0, 2, 2, 0, 2, 3, 4, 0]], "episode_cost": [[0.0, 0.0, 0.0, 0.0, 1.0], [0.0, 0.0, 0.0, 0.0, 0.0, 0.0, 1.0], [0.0, 1.0], [0.0, 0.0, 1.0], [0.0, 0.0, 0.0, 0.0, 0.0, 0.0, 0.0, 1.0]]}