episode,sim/wall,total steps,steps/sec,score
0,0.219528565265932,500,2.195285638871252,"006: 1.0201, 009: -418.8059, 002: 1.4408, 013: -3.6661, 005: 0.9665, 001: 13.8585, 010: 14.4162, 011: 13.2616, 012: 14.4482, 000: 0.8807, 004: 14.3789, 007: 14.4659, 003: 13.7149, 014: 14.2749, 008: 14.0034"
1,0.14733708869568438,201,1.473370871507165,"006: 2.6207, 009: 1.0217, 002: -0.8780, 013: 2.3525, 005: 5.8046, 001: 6.0315, 010: 5.8776, 011: 5.5184, 012: 5.3136, 000: 1.2516, 004: 6.0173, 007: -0.6365, 003: 5.3964, 014: -1.7683, 008: 5.7785"
2,0.11061003423918772,238,1.1061003338126092,"006: 6.1514, 009: 2.8769, 002: -0.1407, 013: 6.8812, 005: 6.8429, 001: 1.4159, 010: 3.1069, 011: 6.7157, 012: 6.5445, 000: 5.7210, 004: 6.9323, 007: 2.0296, 003: 0.7140, 014: -9.1645, 008: -1.9298"
3,0.12977187845231253,458,1.2977187783864401,"006: 13.0643, 009: -4.1056, 002: 13.0311, 013: -207.4769, 005: -10.8147, 001: 10.8489, 010: 13.2328, 011: 12.7383, 012: -3.9992, 000: 13.3654, 004: 13.0606, 007: 12.8725, 003: 13.1422, 014: -15.4638, 008: -6.6791"
4,0.13007557096600833,500,1.3007557040125395,"006: 1.0037, 009: 13.9628, 002: 14.2967, 013: -0.2037, 005: -0.6639, 001: 14.5790, 010: 13.3725, 011: 13.6108, 012: 1.5517, 000: 14.4516, 004: 13.3073, 007: 13.4820, 003: -0.9419, 014: 2.1476, 008: 14.0084"
MEAN,0.147464627523825,379.4,1.4746462653180012,n/a
