episode,sim/wall,total steps,steps/sec,score
0,3.2149394906240105,500,32.14938997773023,000: 13.5537
1,2.6860259595990983,101,26.86024937741877,000: 0.7828
2,2.7103354452902484,500,27.103351650657356,000: 13.8728
3,2.67192134474463,500,26.71921106449355,000: 14.4416
4,2.663322274171657,500,26.633220035843152,000: 14.4781
5,2.7115333389309875,500,27.115330935177475,000: -253.6467
MEAN,2.7763463088934386,433.5,27.763458840220093,n/a
