{"initial_reset_timestamp": 1618334909.3277462, "timestamps": [1618334931.574153, 1618334954.030356], "episode_lengths": [13, 13], "episode_rewards": [10.239190021288303, 9.934135728586588], "episode_rewards_": [[0.7338962090612631, 0.7372270384978186, 0.7339987217350469, 0.7334470403826429, 0.7333527645302546, 0.7333366538962719, 0.8438821361616533, 0.9733212938550609, 0.9732187007825596, 0.9769986851585403, 0.9998668622376883, 0.9999772483228365, 0.06666666666666665], [0.8444444444444444, 0.8666666666666667, 0.9772149020498481, 0.9738840726132926, 0.8665641539928828, 0.7376762071764387, 0.7156507734803889, 0.7118868859991956, 0.7334659041344254, 0.733355988123495, 0.8438854401536112, 0.8627736230852325, 0.06666666666666665]], "episode_seeds": [17926163951128206446, 16218472680599978979], "episode_types": ["t", "t"], "episode_speed": [[20.8544411731307, 20.146013943668194, 20.024952065064255, 20.004264014349108, 20.00072866988454, 20.000124521110198, 24.145580106061995, 28.999548519564783, 29.829034612679315, 29.970784026778595, 29.995007333913307, 29.999146812106368, 13.93185277474364], [25.0, 25.0, 29.1455588268693, 29.853986056331806, 25.82948910806644, 20.996191102449785, 20.170237338847915, 20.02909155830317, 20.00497140504095, 20.00084955463106, 24.14570400576042, 24.854010865696218, 10.14868195808646]], "episode_crashed": [[false, false, false, false, false, false, false, false, false, false, false, false, true], [false, false, false, false, false, false, false, false, false, false, false, false, true]], "episode_action": [[4, 2, 2, 4, 2, 4, 3, 3, 0, 3, 2, 1, 4], [1, 2, 3, 0, 4, 4, 4, 1, 2, 1, 3, 2, 1]], "episode_cost": [[0.0, 0.0, 0.0, 0.0, 0.0, 0.0, 0.0, 0.0, 0.0, 0.0, 0.0, 0.0, 1.0], [0.0, 0.0, 0.0, 0.0, 0.0, 0.0, 0.0, 0.0, 0.0, 0.0, 0.0, 0.0, 1.0]]}