{"initial_reset_timestamp": 1618647621.4115534, "timestamps": [1618647629.9598124], "episode_lengths": [4], "episode_rewards": [2.533333333333333], "episode_rewards_": [[0.8222222222222223, 0.8222222222222223, 0.8444444444444444, 0.04444444444444443]], "episode_seeds": [11765731606633333369], "episode_types": ["t", "t"], "episode_speed": [[25.0, 25.0, 25.0, 13.656560121870427]], "episode_crashed": [[false, false, false, true]], "episode_action": [[[2, 1, 3, 4, 3, 2, 0, 2, 1, 4], [1, 1, 1, 2, 0, 4, 4, 0, 4, 3], [2, 2, 3, 1, 4, 4, 3, 1, 4, 4], [3, 3, 4, 2, 1, 0, 1, 0, 2, 3]]], "episode_cost": [[0.0, 0.0, 0.0, 1.0]]}