{"initial_reset_timestamp": 1618335869.9373631, "timestamps": [1618335876.9731965, 1618335924.6343768, 1618335928.2463868, 1618335938.5778933, 1618335947.2013092], "episode_lengths": [4, 28, 2, 6, 5], "episode_rewards": [2.4044565808924148, 20.808690603724095, 0.7999999999999999, 4.373218684211579, 3.510548235383181], "episode_rewards_": [[0.8666666666666667, 0.7561184312834853, 0.7372270384978186, 0.04444444444444443], [0.6894517646168187, 0.6927825940533742, 0.6895542772906024, 0.7995508313213797, 0.9288961836378395, 0.9509997825522953, 0.954777027549671, 0.8448742788958418, 0.715544956814647, 0.6712218750565739, 0.6674450981867722, 0.6667996914549148, 0.6666893990378919, 0.6888927735836764, 0.7111117749597454, 0.8216594599382135, 0.8183285364439685, 0.7110086017502063, 0.8032171229533779, 0.7084262389760935, 0.6700053699323419, 0.7777854471568597, 0.906752029664808, 0.8182426658921763, 0.8031174569691885, 0.8005327367179876, 0.8223132606594796, 0.008709367657349754], [0.7999999999999999, 0.0], [0.7999999999999999, 0.8222222222222223, 0.9327704576054036, 0.9516618503910704, 0.8443419317706606, 0.022222222222222216], [0.8444444444444444, 0.8222222222222223, 0.8444444444444444, 0.9549926798276257, 0.04444444444444443]], "episode_seeds": [14636951220999254110, 8594820405705317284, 8788714750429614645, 6670336494226437056, 6865146158849167112], "episode_types": ["t", "t", "t", "t", "t"], "episode_speed": [[25.0, 20.8544411731307, 20.146013943668194, 13.254022625496493], [20.8544411731307, 20.146013943668194, 20.024952065064255, 24.14982284121841, 29.00027355308565, 29.82915851237774, 29.970805199779324, 25.84945212526073, 20.99960254721593, 20.170820314621523, 20.029191182003956, 20.004988429559305, 20.000852463920946, 20.000145676054533, 20.000024894323786, 24.14556308101634, 24.853986783315484, 20.8294892322994, 24.28730877741834, 20.732650628270175, 20.125201372462826, 24.16695426838224, 29.003201112430297, 25.684099970956613, 25.116904636344568, 25.019977626924536, 25.003413941397152, 20.326601287150616], [25.0, 15.424015217192501], [25.0, 25.0, 29.1455588268693, 29.853986056331806, 25.82948910806644, 10.890984131832047], [25.0, 25.0, 25.0, 29.1455588268693, 13.69424893893467]], "episode_crashed": [[false, false, false, true], [false, false, false, false, false, false, false, false, false, false, false, false, false, false, false, false, false, false, false, false, false, false, false, false, false, false, false, true], [false, true], [false, false, false, false, false, true], [false, false, false, false, true]], "episode_action": [[2, 4, 1, 0], [4, 2, 4, 3, 3, 3, 3, 4, 4, 0, 4, 0, 4, 2, 2, 3, 0, 4, 3, 4, 0, 3, 3, 4, 1, 1, 2, 0], [0, 1], [0, 2, 3, 1, 4, 3], [1, 0, 2, 3, 4]], "episode_cost": [[0.0, 0.0, 0.0, 1.0], [0.0, 0.0, 0.0, 0.0, 0.0, 0.0, 0.0, 0.0, 0.0, 0.0, 0.0, 0.0, 0.0, 0.0, 0.0, 0.0, 0.0, 0.0, 0.0, 0.0, 0.0, 0.0, 0.0, 0.0, 0.0, 0.0, 0.0, 1.0], [0.0, 1.0], [0.0, 0.0, 0.0, 0.0, 0.0, 1.0], [0.0, 0.0, 0.0, 0.0, 1.0]]}