episode,sim/wall,total steps,steps/sec,score
0,3.2106798117915574,500,32.106794185548786,000: 13.5537
1,2.723310694401159,101,27.23309819048673,000: 0.7828
2,2.747629738435043,500,27.476294864443464,000: 13.8728
3,2.7152753686544555,500,27.15275122563387,000: 14.4416
4,2.708685787310679,500,27.086855074271824,000: 14.4781
5,2.8178957675841185,500,28.1789546467672,000: -253.6467
MEAN,2.820579528029502,433.5,28.205791364525314,n/a
