episode,sim/wall,total steps,steps/sec,score
0,2.521434972204186,500,25.214347903108223,000: 13.5537
1,2.2025926164520437,101,22.025919293231755,000: 0.7828
2,2.203422910709696,500,22.034227718049653,000: 13.8728
3,2.2057919287708536,500,22.0579176636668,000: 14.4416
4,2.1932219878527737,500,21.93221827294281,000: 14.4781
5,2.224887461424022,500,22.248872961958128,000: -253.6467
MEAN,2.2585586462355955,433.5,22.585583968826228,n/a
