{"initial_reset_timestamp": 1618858819.0431006, "timestamps": [1618858820.979725, 1618858831.0851305, 1618858835.5973015, 1618858837.5163984, 1618858840.4354997, 1618858852.184641, 1618858861.2650206, 1618858873.0703354, 1618858889.3313482, 1618858891.3273425, 1618858897.6582386, 1618858902.3707657, 1618858904.3668532, 1618858906.3778853, 1618858912.864116, 1618858919.3277884, 1618858934.5961845, 1618858942.8198073, 1618858953.7297099, 1618858961.9240415, 1618858970.0349216, 1618858975.553732, 1618858981.887697, 1618858983.8334627, 1618858992.059752], "episode_lengths": [2, 11, 5, 2, 3, 13, 10, 13, 18, 2, 7, 5, 2, 2, 7, 7, 17, 9, 12, 9, 9, 6, 7, 2, 9], "episode_rewards": [0.8666666666666667, 7.910332696645905, 3.6175494216067143, 0.9549926798276258, 1.9955434191075851, 9.805254423156141, 7.000137139794987, 9.958449646409154, 15.471765199816717, 0.9333333333333333, 5.357357845223167, 3.0713394672821757, 0.7999999999999999, 1.0216593464942925, 4.6267813157884214, 5.044444444444444, 13.381808622236301, 6.80056287572793, 7.823021433171687, 6.227325885503998, 6.377891484827088, 4.136296296296297, 4.249699551984802, 1.0438815687165146, 6.315783911726618], "episode_rewards_": [[0.8222222222222223, 0.04444444444444443], [0.7999999999999999, 0.6894517646168187, 0.6705603718311518, 0.6673320550683801, 0.7773286090991576, 0.8183479482546581, 0.9321083897666286, 0.9293264885646773, 0.8221003753212154, 0.8037766941232177, 0.0], [0.9105482353831814, 0.9294396281688483, 0.9326679449316199, 0.8226713909008424, 0.022222222222222216], [0.9327704576054036, 0.022222222222222216], [0.9772149020498481, 0.9738840726132926, 0.04444444444444443], [0.9105482353831814, 0.9294396281688483, 0.9326679449316199, 0.9332196262840239, 0.9333139021364123, 0.9333300127703947, 0.8227845305050135, 0.6933453728116058, 0.671225743661885, 0.6674457592859041, 0.6667998044289786, 0.6889116405660524, 0.022222222222222216], [0.7561184312834853, 0.7372270384978186, 0.7339987217350469, 0.7334470403826429, 0.7333527645302546, 0.7333366538962719, 0.8438821361616533, 0.8627730584718795, 0.8437790726137114, 0.022222222222222216], [0.8222222222222223, 0.8222222222222223, 0.7116739868390409, 0.6705603718311518, 0.6895542772906024, 0.7995508313213797, 0.9288961836378395, 0.9509997825522953, 0.954777027549671, 0.9332002920568007, 0.822762362761273, 0.8038898199881936, 0.04814026613645991], [0.8666666666666667, 0.8666666666666667, 0.8666666666666667, 0.8666666666666667, 0.8666666666666667, 0.9772149020498481, 0.9961062948355148, 0.9993346115982865, 0.9998862929506904, 0.9999805688030788, 0.9999966794370615, 0.9999994325548616, 0.9999999030303021, 0.8894517480458383, 0.7600121336161849, 0.7378924264156131, 0.7341124287016604, 0.04444444444444443], [0.8666666666666667, 0.06666666666666665], [0.8222222222222223, 0.8444444444444444, 0.8222222222222223, 0.8444444444444444, 0.9549926798276257, 0.9738840726132926, 0.09514775944891622], [0.7116739868390409, 0.7150048162755963, 0.7339987217350469, 0.8439952757658243, 0.06666666666666665], [0.7999999999999999, 0.0], [0.9772149020498481, 0.04444444444444443], [0.7999999999999999, 0.7999999999999999, 0.8222222222222223, 0.7116739868390409, 0.6927825940533742, 0.8001025126737838, 0.0], [0.8666666666666667, 0.8666666666666667, 0.8444444444444444, 0.8222222222222223, 0.7999999999999999, 0.8222222222222223, 0.022222222222222216], [0.9772149020498481, 0.9961062948355148, 0.9993346115982865, 0.9998862929506904, 0.8894323334198977, 0.9811052866513946, 0.8862228804089086, 0.7594603581258684, 0.7377981344761629, 0.7118740930963661, 0.7112414957556229, 0.711133392312834, 0.6888926964841167, 0.7994377749452969, 0.7077803928669547, 0.8026654600363146, 0.022222222222222216], [0.8444444444444444, 0.8666666666666667, 0.8666666666666667, 0.8666666666666667, 0.8666666666666667, 0.8666666666666667, 0.8444444444444444, 0.7338962090612631, 0.04444444444444443], [0.6894517646168187, 0.6705603718311518, 0.6673320550683801, 0.6667803737159762, 0.6889083200858099, 0.7994404448350089, 0.7077808491196942, 0.6698950803991361, 0.6672183645900511, 0.7773091807340221, 0.7961224059534163, 0.022222222222222216], [0.7338962090612631, 0.7150048162755963, 0.6895542772906024, 0.6890025959381983, 0.7994565554689913, 0.8183318376206756, 0.7993351790434251, 0.8221086121426108, 0.1606358026626357], [0.8222222222222223, 0.8222222222222223, 0.7999999999999999, 0.8222222222222223, 0.7116739868390409, 0.8033308294365552, 0.7967716832372284, 0.7994483186475959, 0.0], [0.8222222222222223, 0.7999999999999999, 0.8222222222222223, 0.8222222222222223, 0.7999999999999999, 0.06962962962962964], [0.7999999999999999, 0.6894517646168187, 0.6705603718311518, 0.6673320550683801, 0.6890025959381983, 0.6889083200858099, 0.04444444444444443], [0.9772149020498481, 0.06666666666666665], [0.8444444444444444, 0.8222222222222223, 0.8222222222222223, 0.8444444444444444, 0.7338962090612631, 0.6927825940533742, 0.7117764995128245, 0.821773053543602, 0.022222222222222216]], "episode_seeds": [17949631512231458249, 3822121232298082940, 17974827220676779619, 6975417601053579100, 17872136381822983030, 16265735602583366237, 13352815951875552085, 14971995306867115706, 14088341668983153331, 16040658264230942953, 15120080037274584887, 15037559712023096213, 14103921274527371565, 6745382268439527410, 13968654612834915047, 130801564940053956, 11022717269606271627, 10774453867763452922, 2250678128325211685, 14096173649767588884, 16682203679026854121, 6120833202813988570, 13142684721801167578, 13134894991721607245, 17878693249191015615], "episode_types": ["t", "t", "t", "t", "t", "t", "t", "t", "t", "t", "t", "t", "t", "t", "t", "t", "t", "t", "t", "t", "t", "t", "t", "t", "t"],