episode,sim/wall,total steps,steps/sec,score
0,0.3760860495394494,500,3.7608604346947243,"000: 14.4564, 011: 14.0719, 008: 4.3312, 006: 14.0338, 003: -0.0357, 012: 14.4979, 013: -0.1331, 014: 14.1492, 004: 14.4857, 010: 14.2221, 005: -0.0392, 009: 14.1515, 002: 0.0180, 007: 13.7916, 001: 14.2389"
1,0.3167444319891965,421,3.1674442744386084,"000: 1.1838, 011: 3.2871, 008: 11.4158, 006: 2.7272, 003: 11.4792, 012: 11.4796, 013: 11.6426, 014: -1.7648, 004: 12.0360, 010: 11.6769, 005: 1.0204, 009: 11.2959, 002: -0.8382, 007: -1.4848, 001: 11.8344"
2,0.24684880314692542,199,2.4684879730657308,"000: 5.8346, 011: 5.6757, 008: 2.8731, 006: 5.4146, 003: -0.8620, 012: -7.8425, 013: 5.6661, 014: 5.8376, 004: 5.7036, 010: 3.9836, 005: 5.8715, 009: -0.4722, 002: -0.2002, 007: 5.9080, 001: -8.4231"
3,0.28203964726961767,414,2.8203964406291924,"000: 12.2127, 011: 11.9500, 008: -6.6647, 006: 12.1234, 003: 11.3286, 012: -3.9897, 013: -27.9606, 014: 0.1818, 004: 11.8496, 010: 12.1083, 005: -10.8075, 009: -4.0577, 002: 12.1217, 007: 11.7304, 001: -0.9782"
4,0.29219902290494143,476,2.921990190560721,"000: 13.0683, 011: 12.9190, 008: 13.6413, 006: 0.9677, 003: -0.9741, 012: 8.5734, 013: 13.7694, 014: 13.5359, 004: -0.9902, 010: 6.0765, 005: -4.4854, 009: 13.6485, 002: 13.5088, 007: 13.3859, 001: -3.3943"
5,0.24155548642985097,500,2.4155548420401125,"000: 14.0972, 011: 14.0422, 008: 14.1648, 006: -3.7054, 003: -6.3444, 012: 13.8187, 013: -0.7470, 014: 14.2876, 004: 14.3883, 010: 13.5454, 005: 14.2270, 009: 14.0132, 002: 7.9017, 007: 14.2009, 001: 13.5875"
MEAN,0.2925789068799969,418.3333333333333,2.925789025904848,n/a
