{"initial_reset_timestamp": 1618333275.2392664, "timestamps": [1618333307.4407337, 1618333316.0184536], "episode_lengths": [19, 5], "episode_rewards": [14.78303288588474, 3.6177656413298074], "episode_rewards_": [[0.8666666666666667, 0.9772149020498481, 0.8855580594523337, 0.8698949834294383, 0.8672183480190707, 0.8667609425190551, 0.756134541917468, 0.7372297916156185, 0.8445474275936687, 0.8628867489502084, 0.8437985009788468, 0.8443340603059402, 0.8444255810938847, 0.7338929855365869, 0.7372264876353772, 0.7339986275991368, 0.7334470242959233, 0.7333527617812233, 0.04444444444444443], [0.8444444444444444, 0.8444444444444444, 0.9549926798276257, 0.9516618503910704, 0.022222222222222216]], "episode_seeds": [2566421590665108630, 8951971113630508683], "episode_types": ["t", "t"], "episode_speed": [[25.0, 29.1455588268693, 25.70842722946251, 25.121061878603935, 25.02068805071515, 25.003535344464566, 20.85504532190505, 20.146117185585695, 24.17052853476258, 24.858253085632818, 24.97577712004009, 24.99586059480609, 24.999292624354005, 20.85432029095534, 20.145993286326647, 20.024948534967628, 20.004263411097124, 20.000728566795875, 14.16507083566967], [25.0, 25.0, 29.1455588268693, 29.853986056331806, 16.084528397790784]], "episode_crashed": [[false, false, false, false, false, false, false, false, false, false, false, false, false, false, false, false, false, false, true], [false, false, false, false, true]], "episode_action": [[1, 3, 4, 1, 2, 2, 4, 2, 3, 2, 0, 1, 1, 4, 2, 4, 1, 4, 0], [0, 1, 3, 0, 1]], "episode_cost": [[0.0, 0.0, 0.0, 0.0, 0.0, 0.0, 0.0, 0.0, 0.0, 0.0, 0.0, 0.0, 0.0, 0.0, 0.0, 0.0, 0.0, 0.0, 1.0], [0.0, 0.0, 0.0, 0.0, 1.0]]}