{"initial_reset_timestamp": 1618331942.1518388, "timestamps": [1618331985.9722967, 1618331996.1212528], "episode_lengths": [26, 6], "episode_rewards": [19.66220608139663, 4.266666666666667], "episode_rewards_": [[0.8222222222222223, 0.7116739868390409, 0.6927825940533742, 0.6673320550683801, 0.6667803737159762, 0.6666860978635878, 0.6666699872296054, 0.6666672341118053, 0.6666667636363646, 0.6666666832376471, 0.6888888917206746, 0.6666666671505856, 0.7772149021325441, 0.8183285170718689, 0.8215568338229237, 0.9326567505565068, 0.95164241919422, 0.9548868465909157, 0.9554412810611095, 0.9333138051667148, 0.8227817608162331, 0.8038931348875611, 0.8006652909480967, 0.9106619257788143, 0.929459056519852, 0.0], [0.8666666666666667, 0.8444444444444444, 0.8222222222222223, 0.8444444444444444, 0.8444444444444444, 0.04444444444444443]], "episode_seeds": [18233145187499833683, 2563807080824728461], "episode_types": ["t", "t"], "episode_speed": [[25.0, 20.8544411731307, 20.146013943668194, 20.024952065064255, 20.004264014349108, 20.00072866988454, 20.000124521110198, 20.000021279192694, 20.000003636363672, 20.00000062141177, 20.000000106191962, 20.00000001814696, 24.1455588299704, 24.85398605686175, 24.975047935026303, 29.141294812535666, 29.853257386449915, 29.974923413826005, 29.995714706458273, 29.999267693751804, 25.85431603060874, 25.145992558283538, 25.024948410553623, 29.149822216705537, 29.854714619494448, 16.08472154261014], [25.0, 25.0, 25.0, 25.0, 25.0, 15.424015217192501]], "episode_crashed": [[false, false, false, false, false, false, false, false, false, false, false, false, false, false, false, false, false, false, false, false, false, false, false, false, false, true], [false, false, false, false, false, true]], "episode_action": [[1, 4, 1, 0, 1, 1, 0, 0, 4, 0, 2, 0, 3, 2, 1, 3, 1, 3, 3, 0, 4, 0, 0, 3, 0, 3], [1, 0, 0, 2, 1, 1]], "episode_cost": [[0.0, 0.0, 0.0, 0.0, 0.0, 0.0, 0.0, 0.0, 0.0, 0.0, 0.0, 0.0, 0.0, 0.0, 0.0, 0.0, 0.0, 0.0, 0.0, 0.0, 0.0, 0.0, 0.0, 0.0, 0.0, 1.0], [0.0, 0.0, 0.0, 0.0, 0.0, 1.0]]}