{"initial_reset_timestamp": 1618571623.8740885, "timestamps": [1618571625.6377134, 1618571628.199409, 1618571631.5927382, 1618571634.9628482, 1618571645.5672848, 1618571653.1399405, 1618571654.9044983, 1618571657.540777, 1618571669.1064007, 1618571671.670082], "episode_lengths": [2, 3, 4, 4, 13, 9, 2, 3, 14, 3], "episode_rewards": [0.9333333333333333, 2.1118694451553477, 2.846251917842199, 2.4261159273867072, 9.932770457605404, 5.827481217770659, 0.8444444444444446, 1.6894517646168186, 10.439322475731064, 1.9384349850655131], "episode_rewards_": [[0.8666666666666667, 0.06666666666666665], [0.9549926798276257, 0.9738840726132926, 0.18299269271442942], [0.9105482353831814, 0.9294396281688483, 0.9326679449316199, 0.07359610935854954], [0.8444444444444444, 0.7338962090612631, 0.8255530516587775, 0.022222222222222216], [0.8444444444444444, 0.8222222222222223, 0.7999999999999999, 0.7999999999999999, 0.7999999999999999, 0.7999999999999999, 0.7999999999999999, 0.8222222222222223, 0.7999999999999999, 0.7999999999999999, 0.7999999999999999, 0.7999999999999999, 0.2438815687165147], [0.8444444444444444, 0.8222222222222223, 0.7116739868390409, 0.6705603718311518, 0.6673320550683801, 0.6667803737159762, 0.6889083200858099, 0.7111144316740498, 0.04444501188958294], [0.8222222222222223, 0.022222222222222216], [0.8666666666666667, 0.7561184312834853, 0.06666666666666665], [0.6894517646168187, 0.6705603718311518, 0.6673320550683801, 0.7773286090991576, 0.7961257260324359, 0.799337932161225, 0.799886860395829, 0.8222028879949992, 0.799996696008042, 0.799999435386647, 0.9105481388974023, 0.9294396116805638, 0.9548901643361881, 0.022222222222222216], [0.8666666666666667, 0.8666666666666667, 0.20510165173217967]], "episode_seeds": [15509545366924469346, 1842108097818071662, 4404284452548046754, 4501191592720720234, 3018372457851787240, 11302275328292271846, 4488467040343386535, 3180554833358069217, 5488014883089110746, 2941732315757010765], "episode_types": ["t", "t", "t", "t", "t", "t", "t", "t", "t", "t"], "episode_speed": [[25.0, 12.540295631400364], [29.1455588268693, 29.853986056331806, 24.362225976791102], [29.1455588268693, 29.853986056331806, 29.975047934935745, 22.759854100945606], [25.0, 20.8544411731307, 24.29157277053749, 15.253668996641347], [25.0, 25.0, 25.0, 25.0, 25.0, 25.0, 25.0, 25.0, 25.0, 25.0, 25.0, 25.0, 29.1455588268693], [25.0, 25.0, 20.8544411731307, 20.146013943668194, 20.024952065064255, 20.004264014349108, 20.00072866988454, 20.000124521110198, 20.000021279192694], [25.0, 12.540295631400364], [25.0, 20.8544411731307, 19.505832854419392], [20.8544411731307, 20.146013943668194, 20.024952065064255, 24.14982284121841, 24.854714726216347, 24.975172456045936, 24.995757264843586, 24.999274966479135, 24.999876100301574, 24.999978826999264, 29.14555520865258, 29.85398543802114, 29.975047829273723, 12.22682929541843], [25.0, 25.0, 25.191311939956737]], "episode_crashed": [[false, true], [false, false, true], [false, false, false, true], [false, false, false, true], [false, false, false, false, false, false, false, false, false, false, false, false, true], [false, false, false, false, false, false, false, false, true], [false, true], [false, false, true], [false, false, false, false, false, false, false, false, false, false, false, false, false, true], [false, false, true]], "episode_action": [[2, 2], [3, 3, 2], [3, 3, 3, 1], [2, 4, 3, 0], [2, 0, 0, 1, 1, 1, 1, 2, 0, 1, 1, 1, 3], [2, 0, 4, 0, 1, 4, 2, 2, 1], [1, 1], [2, 4, 3], [4, 4, 4, 3, 1, 1, 1, 2, 0, 1, 3, 1, 2, 1], [2, 1, 3]], "episode_cost": [[0.0, 1.0], [0.0, 0.0, 1.0], [0.0, 0.0, 0.0, 1.0], [0.0, 0.0, 0.0, 1.0], [0.0, 0.0, 0.0, 0.0, 0.0, 0.0, 0.0, 0.0, 0.0, 0.0, 0.0, 0.0, 1.0], [0.0, 0.0, 0.0, 0.0, 0.0, 0.0, 0.0, 0.0, 1.0], [0.0, 1.0], [0.0, 0.0, 1.0], [0.0, 0.0, 0.0, 0.0, 0.0, 0.0, 0.0, 0.0, 0.0, 0.0, 0.0, 0.0, 0.0, 1.0], [0.0, 0.0, 1.0]]}