episode,sim/wall,total steps,steps/sec,score
0,3.2198428416036737,500,32.19842446119259,000: 13.5537
1,2.7300064083098716,101,27.30005352715327,000: 0.7828
2,2.7524943410284934,500,27.524940881447215,000: 13.8728
3,2.7225865403000324,500,27.225862575364864,000: 14.4416
4,2.7105624111456867,500,27.105620608063866,000: 14.4781
5,2.7594495216945565,500,27.594492312221117,000: -253.6467
MEAN,2.8158236773470526,433.5,28.158232394240486,n/a
