{"initial_reset_timestamp": 1618332987.5004556, "timestamps": [1618333014.7828944, 1618333030.4429262], "episode_lengths": [16, 9], "episode_rewards": [11.823024733864901, 7.310308599485393], "episode_rewards_": [[0.7561184312834853, 0.7372270384978186, 0.7339987217350469, 0.8439952757658243, 0.8627923926991027, 0.8660045988278916, 0.8665535270624957, 0.7560990970562623, 0.7372237345058607, 0.733998157121694, 0.7334469438968637, 0.73335274804197, 0.733336651078618, 0.8438821356801491, 0.8405508361673739, 0.04444444444444443], [0.9105482353831814, 0.9516618503910704, 0.9326679449316199, 0.955441848506246, 0.9555361243586344, 0.955552234992617, 0.8450067527272357, 0.8038936081947873, 0.0]], "episode_seeds": [17343975319103379487, 1121932653996439479], "episode_types": ["t", "t"], "episode_speed": [[20.8544411731307, 20.146013943668194, 20.024952065064255, 24.14982284121841, 24.854714726216347, 24.975172456045936, 24.995757264843586, 20.853716139609833, 20.14589004396977, 20.024930892063526, 20.00426039613239, 20.000728051573873, 20.000124415448173, 24.14558008800559, 24.853989689609854, 18.652406494963337], [29.1455588268693, 29.853986056331806, 29.975047934935745, 29.995735985650892, 29.99927133011546, 29.999875478889802, 25.854419893938005, 25.146010307304522, 14.432612182301106]], "episode_crashed": [[false, false, false, false, false, false, false, false, false, false, false, false, false, false, false, true], [false, false, false, false, false, false, false, false, true]], "episode_action": [[4, 1, 2, 3, 1, 2, 1, 4, 1, 2, 4, 4, 1, 3, 0, 3], [3, 2, 0, 2, 3, 3, 4, 0, 1]], "episode_cost": [[0.0, 0.0, 0.0, 0.0, 0.0, 0.0, 0.0, 0.0, 0.0, 0.0, 0.0, 0.0, 0.0, 0.0, 0.0, 1.0], [0.0, 0.0, 0.0, 0.0, 0.0, 0.0, 0.0, 0.0, 1.0]]}