episode,sim/wall,total steps,steps/sec,score
0,2.3412407464477707,500,23.412390475185724,000: 11.3638
1,0.2364574184168451,500,2.364574133512605,000: 11.5886
2,0.2233242665886705,500,2.233242627836071,000: 11.4053
3,0.21244783578147958,500,2.124478321228063,000: 11.1101
MEAN,0.7533675668086915,500.0,7.533671389440616,n/a
