{"initial_reset_timestamp": 1618393868.683431, "timestamps": [1618393873.274937, 1618393875.6030374, 1618393878.6856062, 1618393883.6603441, 1618393885.2620668, 1618393886.7489145, 1618393889.412335, 1618393892.28463, 1618393895.325351, 1618393897.3661613, 1618393899.5528476, 1618393903.709095, 1618393907.9194245, 1618393913.6856928, 1618393918.6704915, 1618393924.6449738, 1618393929.0235624, 1618393932.4849384, 1618393935.7809935, 1618393939.0281482], "episode_lengths": [13, 13, 9, 13, 6, 6, 10, 13, 9, 8, 7, 13, 13, 13, 12, 13, 13, 13, 7, 13], "episode_rewards": [4.0, 8.0, -1.0, 1.0, -2.0, -1.0, 7.0, 7.0, -1.0, -1.0, -1.0, 4.0, 4.0, 6.0, -1.0, 2.0, 1.0, 1.0, 1.0, 4.0], "episode_rewards_": [[0.0, 0.0, 0.0, 0.0, 0.0, 0.0, 0.0, 0.0, 1.0, 1.0, 0.0, 1.0, 1.0], [1.0, 0.0, 0.0, 0.0, 0.0, 1.0, 1.0, 1.0, 1.0, 1.0, 1.0, 1.0, 0.0], [0.0, 0.0, 0.0, 0.0, 0.0, 1.0, 1.0, 1.0, -4.0], [0.0, 0.0, 0.0, 0.0, 0.0, 0.0, 0.0, 0.0, 0.0, 0.0, 1.0, 0.0, 0.0], [0.0, 0.0, 0.0, 1.0, 1.0, -4.0], [1.0, 0.0, 0.0, 1.0, 1.0, -4.0], [1.0, 1.0, 1.0, 1.0, 1.0, 1.0, 0.0, 0.0, 0.0, 1.0], [1.0, 1.0, 1.0, 0.0, 0.0, 0.0, 0.0, 0.0, 0.0, 1.0, 1.0, 1.0, 1.0], [1.0, 0.0, 0.0, 0.0, 0.0, 1.0, 0.0, 1.0, -4.0], [1.0, 1.0, 1.0, 1.0, 0.0, 0.0, 0.0, -5.0], [1.0, 0.0, 1.0, 1.0, 1.0, 0.0, -5.0], [1.0, 1.0, 0.0, 0.0, 0.0, 0.0, 0.0, 0.0, 0.0, 0.0, 1.0, 0.0, 1.0], [0.0, 1.0, 1.0, 0.0, 1.0, 0.0, 0.0, 0.0, 0.0, 0.0, 0.0, 1.0, 0.0], [1.0, 1.0, 1.0, 1.0, 1.0, 1.0, 0.0, 0.0, 0.0, 0.0, 0.0, 0.0, 0.0], [1.0, 0.0, 1.0, 1.0, 0.0, 0.0, 0.0, 0.0, 0.0, 0.0, 0.0, -4.0], [1.0, 0.0, 1.0, 0.0, 0.0, 0.0, 0.0, 0.0, 0.0, 0.0, 0.0, 0.0, 0.0], [0.0, 0.0, 0.0, 0.0, 0.0, 0.0, 0.0, 0.0, 0.0, 1.0, 0.0, 0.0, 0.0], [1.0, 0.0, 0.0, 0.0, 0.0, 0.0, 0.0, 0.0, 0.0, 0.0, 0.0, 0.0, 0.0], [1.0, 0.0, 1.0, 1.0, 1.0, 1.0, -4.0], [1.0, 0.0, 1.0, 1.0, 1.0, 0.0, 0.0, 0.0, 0.0, 0.0, 0.0, 0.0, 0.0]], "episode_seeds": [14623789888468253512, 13794157514995002329, 13345698095494553772, 4670274050153985162, 13509261990986914459, 14781800537794839805, 2229934673469235502, 3265217066618644626, 2573675660412311841, 13814710032237982946, 6337090852920306339, 11813593158865061182, 9133170736761048099, 457693272608961663, 9956619639988210303, 11315873575821285344, 16491493117495896278, 154250358475487322, 3122641834010083468, 14496832738060598438], "episode_types": ["t", "t", "t", "t", "t", "t", "t", "t", "t", "t", "t", "t", "t", "t", "t", "t", "t", "t", "t", "t"], "episode_speed": [[5.439885290443771, 4.660615338035013, 4.527447271570684, 4.504690415784019, 4.500801536872994, 0.7691340290388448, 0.13143595641333863, 3.753463802740243, 8.103428691348137, 8.846786511848036, 5.2428146733064285, 8.3579412323581, 8.890279710671441], [9.17088823462614, 5.29819984455127, 0.9054000181318569, 0.15472221072902836, 3.7574431496313068, 8.104108714913316, 8.846902719874592, 8.973837476073307, 8.995529132472802, 8.99923598134103, 8.999869438200149, 8.999977688524513, 5.268993243048973], [5.439885290443771, 0.9296123938526437, 0.15885982087205838, 3.7581502185242197, 4.373226600485816, 8.209338861741834, 8.864885313895567, 8.976910489819549, 3.925550753668169], [5.439885290443771, 0.9296123938526437, 0.15885982087205838, 0.027147274341850918, 0.004639149787190416, 0.0007927761172992043, 0.00013547611113902684, 2.3151273466563063e-05, 3.956280252047961e-06, 3.731003620264117, 8.09959051041541, 5.115127667701896, 0.8741151370209029], [5.439885290443771, 4.660615338035013, 4.527447271570684, 8.235693359966387, 8.869388987571618, 6.802381150985168], [9.17088823462614, 5.29819984455127, 4.636402962314226, 8.254312605610021, 8.87257079758973, 5.522004246294662], [9.17088823462614, 9.029202788733636, 9.00499041301285, 9.000852802869822, 9.000145733976908, 9.000024904222037, 5.26900131165617, 0.9004103323917398, 3.8848724763239297, 8.125884887591416], [9.17088823462614, 9.029202788733636, 9.00499041301285, 5.2698498586874525, 4.631558283278283, 0.7914788185975021, 0.1352544180541102, 0.023113388726652834, 3.734952750378094, 8.100265370288898, 8.846245937496665, 8.973725239692207, 8.995509952595775], [9.17088823462614, 5.29819984455127, 0.9054000181318569, 0.15472221072902836, 3.7574431496313068, 8.104108714913316, 5.115899775692224, 8.33625296955705, 7.714947219506512], [9.17088823462614, 9.029202788733636, 9.00499041301285, 9.000852802869822, 5.269142789794539, 0.9004345093410442, 0.1538736636977458, 1.2663112391190032], [9.17088823462614, 5.29819984455127, 8.367405906496595, 8.89189711212628, 8.981526488333271, 5.265840150021559, 2.9604742929550016], [9.17088823462614, 9.029202788733636, 5.273987468830482, 0.9012624079888264, 0.15401514183611464, 0.026319375694068215, 0.004497671648821459, 3.731771543350364, 0.6377158510712104, 3.839981080165035, 8.11821347615192, 5.118310113440111, 8.336664867919637], [5.439885290443771, 8.391618282217381, 8.896034722269311, 5.251230613043818, 8.35937941744254, 5.1595225353992165, 0.8817016975881591, 0.15067244656771145, 0.02574814840075764, 0.004400055625097347, 3.731754861920399, 8.099718888775831, 5.115149606053273], [9.17088823462614, 9.029202788733636, 9.00499041301285, 9.000852802869822, 9.000145733976908, 9.000024904222037, 5.26900131165617, 4.63141327657411, 0.7914540386578168, 0.13525018345396322, 0.023112665083309364, 0.003949682533591968, 0.000674954275499232], [9.17088823462614, 5.29819984455127, 8.367405906496595, 8.89189711212628, 5.250523544150903, 0.8972526993229325, 0.1533299298008349, 0.02620228101901468, 0.00447766154651744, 0.000765179676937718, 3.731133704386533, 5.735084769478522], [9.17088823462614, 5.29819984455127, 8.367405906496595, 5.16089416794391, 0.8819360934522774, 0.15071250206313427, 0.02575499341365753, 0.004401225357267802, 0.0007521176314952978, 3.731131472236646, 0.6376064704485519, 3.8399623883035265, 4.387207337750336], [5.439885290443771, 0.9296123938526437, 0.15885982087205838, 3.7581502185242197, 0.6422236563034468, 0.10974846686084101, 0.018754721754774568, 0.003204961291577893, 3.731550634359532, 8.099683988688492, 5.1151436420389595, 4.605120811029532, 4.517963909819304], [9.17088823462614, 5.29819984455127, 4.636402962314226, 0.7923067172452849, 0.13539589619247916, 0.02313756567595689, 0.003953937751910648, 0.0006756814422456599, 3.7311184101912036, 4.368607182481035, 0.7465435691892601, 0.12757551261025046, 0.02180115413149059], [9.17088823462614, 5.29819984455127, 8.367405906496595, 8.89189711212628, 8.981526488333271, 8.996843094203927, 5.551886378385352], [9.17088823462614, 5.29819984455127, 8.367405906496595, 8.89189711212628, 8.981526488333271, 5.265840150021559, 0.8998701270606334, 0.1537772174061921, 0.02627871720826432, 0.004490723591959861, 0.0007674118268239798, 0.00013114165231717113, 2.2410565450436444e-05]],