episode,sim/wall,total steps,steps/sec,score
0,0.1944901342055673,125,1.9449012987667804,"002: 2.1814, 000: 3.0834, 014: 1.5941, 013: -0.4792, 015: -0.0364, 007: 3.6726, 023: 3.6554, 027: 3.6828, 004: 3.6327, 003: 3.3955, 025: -2.2578, 019: -1.6492, 001: -13.6090, 010: 3.6854, 020: 1.3563, 017: 3.2098, 024: 1.5157, 008: 3.5689, 028: -2.7262, 005: 0.1887, 026: 3.7276, 006: 3.8237, 029: 3.5635, 016: 3.7095, 018: 1.6382, 022: 3.7139, 021: 3.5710, 012: 3.7628, 009: 3.7178, 011: -0.7733"
1,0.19531211033391768,148,1.9531210541774984,"002: 4.4477, 000: -0.5888, 014: 2.7838, 013: 2.3145, 015: 4.4515, 007: 2.0692, 023: -42.9845, 027: 4.2623, 004: -0.7824, 003: 4.4712, 025: 3.1301, 019: 1.5311, 010: 4.0171, 001: -0.1900, 020: 4.3715, 017: 4.4225, 024: -0.5884, 008: 4.3513, 028: 4.4694, 026: 4.0125, 005: 4.4472, 006: 4.3862, 029: 4.1868, 016: -3.0976, 022: 1.8479, 018: 4.3784, 021: 3.3967, 012: 4.3181, 009: 1.5604, 011: 4.3088"
2,0.07177134175587653,274,0.7177134148694425,"002: 7.1702, 000: 7.9964, 014: 7.8016, 013: 0.4526, 015: 7.3045, 007: -2.8656, 023: 4.7585, 027: -3.6744, 004: 7.2769, 003: 7.5334, 025: 7.5503, 019: 3.3182, 001: 7.7104, 010: -0.1917, 020: 3.1478, 017: 7.9353, 024: -2.1942, 008: -8.6923, 028: 7.7445, 005: 0.6684, 026: 8.0878, 006: 8.1370, 029: 0.8851, 016: 7.7701, 018: 6.5954, 022: 8.1772, 021: 8.1103, 012: -2.0221, 009: 1.2317, 011: 7.7255"
3,0.05875058494621052,165,0.5875058464696216,"002: 4.3358, 000: 4.4500, 014: 4.9395, 013: 2.4842, 015: -9.8347, 007: -0.5625, 023: -0.4246, 027: -4.2560, 004: 4.7685, 003: 3.4965, 025: 4.7752, 019: 4.7663, 010: 4.8430, 001: 4.8563, 020: 4.3698, 017: -0.0495, 024: 4.7267, 008: 4.9060, 028: -0.4095, 026: 4.7551, 005: -14.8994, 006: -4.0019, 029: -8.4148, 016: 4.9214, 022: 3.2739, 018: 4.6773, 021: -0.4089, 012: -0.3392, 009: -4.6156, 011: 4.1955"
4,0.05585205699475065,217,0.5585205672056248,"002: 2.5987, 000: 6.3473, 014: -0.2748, 013: -0.9887, 015: -0.6717, 007: -7.8394, 023: -0.9035, 027: 0.9383, 004: 6.3332, 003: -0.8201, 025: 2.2514, 019: 6.1968, 001: 6.1560, 010: 6.0337, 020: 2.4921, 017: 6.2023, 024: 6.2085, 008: 6.1636, 028: 5.7707, 005: 5.8297, 026: 2.5249, 006: 1.3603, 029: 6.4101, 016: 3.6620, 018: 6.4256, 022: 6.5347, 021: -0.3777, 012: -0.3126, 009: -0.3594, 011: 6.1046"
MEAN,0.11523524564726453,185.8,1.1523524362977935,n/a
