{"initial_reset_timestamp": 1618334359.1083794, "timestamps": [1618334388.9425066, 1618334405.05228], "episode_lengths": [17, 9], "episode_rewards": [13.376416943416485, 6.178341317920544], "episode_rewards_": [[0.8222222222222223, 0.7116739868390409, 0.7150048162755963, 0.822324734896006, 0.7301162109460876, 0.7143588590708037, 0.8222143484096348, 0.8628678047997086, 0.8437952636464114, 0.733785271700734, 0.8255340937690828, 0.9517611233845521, 0.9733318376376411, 0.9770180189159764, 0.8670997085439618, 0.9588641979145812, 0.04444444444444443], [0.6894517646168187, 0.6705603718311518, 0.7778802904515616, 0.7962200018848242, 0.7993540427952075, 0.8221118357358511, 0.8444255806926618, 0.7338929854680226, 0.04444444444444443]], "episode_seeds": [2402800601377733465, 12618629866559840035], "episode_types": ["t", "t"], "episode_speed": [[25.0, 20.8544411731307, 20.146013943668194, 24.17051089193356, 20.71269124381162, 20.121790548488473, 24.166371398694643, 24.85754267998907, 24.97565572007376, 20.85028102211086, 24.290861849673934, 29.024375460254035, 29.833277244744874, 29.971509042682445, 25.849572403731898, 29.29074075513013, 13.837831032562615], [20.8544411731307, 20.146013943668194, 24.17051089193356, 24.85825007068091, 24.97577660482028, 24.995860506761083, 24.999292609308153, 20.85432028838418, 18.819959616848298]], "episode_crashed": [[false, false, false, false, false, false, false, false, false, false, false, false, false, false, false, false, true], [false, false, false, false, false, false, false, false, true]], "episode_action": [[0, 4, 2, 3, 4, 4, 3, 2, 0, 4, 3, 3, 3, 3, 4, 3, 3], [4, 4, 3, 1, 1, 2, 2, 4, 1]], "episode_cost": [[0.0, 0.0, 0.0, 0.0, 0.0, 0.0, 0.0, 0.0, 0.0, 0.0, 0.0, 0.0, 0.0, 0.0, 0.0, 0.0, 1.0], [0.0, 0.0, 0.0, 0.0, 0.0, 0.0, 0.0, 0.0, 1.0]]}