{"initial_reset_timestamp": 1622377884.5519557, "timestamps": [1622377900.2508762, 1622377910.7615886, 1622377912.813586, 1622377918.186539, 1622377920.816776, 1622377924.6326413, 1622377927.5166674, 1622377931.6595018, 1622377944.5868797, 1622377952.8970754], "episode_lengths": [1000, 711, 244, 696, 351, 531, 373, 577, 1000, 960], "episode_rewards": [0.0, 10.0, 0.0, 10.0, 0.0, 10.0, 10.0, 10.0, 0.0, 10.0], "episode_types": ["t", "t", "t", "t", "t", "t", "t", "t", "t", "t", "t"]}