episode,sim/wall,total steps,steps/sec,score
0,0.41182565100055213,386,4.118256436676209,"004: 11.3668, 005: 0.5443, 009: 10.5642, 012: 9.3585, 002: 1.4770, 007: -1.7462, 006: 0.0330, 011: 11.0614, 014: 10.9308, 013: -13.2185, 000: -0.1035, 001: 11.0540, 003: 11.1982, 010: 11.1750, 008: 11.0635"
1,0.2722878351772382,500,2.722878323489963,"004: 14.5327, 005: 14.3729, 009: 14.0972, 012: 14.5954, 002: -0.8795, 007: -0.5727, 006: 13.4200, 011: 0.1851, 014: -1.7719, 013: 11.9800, 000: 2.4697, 001: 14.0517, 003: 3.4884, 010: 13.1283, 008: 13.8545"
2,0.2121265164583589,418,2.1212651466175734,"004: 10.9722, 005: -1.9617, 009: -141.8325, 012: 11.6237, 002: -0.5140, 007: 11.6875, 006: -12.6860, 011: 11.9869, 014: 12.0234, 013: 12.3717, 000: 2.9364, 001: -0.2380, 003: -1.2773, 010: 11.4090, 008: 3.4683"
3,0.2163902669571487,330,2.1639026492735054,"004: 4.7581, 005: -10.7659, 009: 0.1073, 012: -4.0203, 002: 9.5610, 007: 9.0251, 006: 9.7050, 011: 9.2222, 014: -9.3220, 013: 0.8652, 000: 9.4778, 001: 1.4103, 003: 9.4482, 010: 9.7231, 008: -6.2848"
4,0.19536872440836578,500,1.953687233163437,"004: 13.4811, 005: 0.2177, 009: 14.3253, 012: 14.0458, 002: -22.4160, 007: 7.7300, 006: 0.3846, 011: 13.4322, 014: 8.7595, 013: 14.5052, 000: 14.0174, 001: -1.3965, 003: -0.8412, 010: 14.1658, 008: -115.2355"
MEAN,0.26159979880033274,426.8,2.6159979578441375,n/a
