{"initial_reset_timestamp": 1618393547.8512425, "timestamps": [1618393549.658085, 1618393552.4203079, 1618393555.2906532, 1618393556.7149513, 1618393559.4415276, 1618393560.569534, 1618393563.8658562, 1618393564.9209137, 1618393568.082767, 1618393571.3693242, 1618393573.8076472, 1618393575.306323, 1618393578.843031, 1618393581.2028527, 1618393584.05549, 1618393585.0076387, 1618393586.7997653, 1618393590.2696543, 1618393592.166905, 1618393595.4559805], "episode_lengths": [10, 11, 13, 7, 12, 6, 13, 6, 13, 13, 9, 6, 13, 13, 13, 5, 8, 13, 9, 13], "episode_rewards": [9.0, -3.0, 0.0, 1.0, 8.0, -1.0, 5.0, 1.0, 0.0, 1.0, -2.0, 1.0, 1.0, 5.0, 7.0, 0.0, -1.0, 4.0, 2.0, 4.0], "episode_rewards_": [[1.0, 1.0, 1.0, 1.0, 1.0, 0.0, 1.0, 1.0, 1.0, 1.0], [0.0, 0.0, 0.0, 0.0, 0.0, 1.0, 1.0, 0.0, 0.0, 0.0, -5.0], [0.0, 0.0, 0.0, 0.0, 0.0, 0.0, 0.0, 0.0, 0.0, 0.0, 0.0, 0.0, 0.0], [1.0, 0.0, 1.0, 1.0, 1.0, 1.0, -4.0], [0.0, 0.0, 0.0, 0.0, 1.0, 1.0, 1.0, 1.0, 1.0, 1.0, 1.0, 1.0], [1.0, 1.0, 0.0, 1.0, 0.0, -4.0], [1.0, 1.0, 0.0, 1.0, 1.0, 1.0, 0.0, 0.0, 0.0, 0.0, 0.0, 0.0, 0.0], [1.0, 1.0, 1.0, 1.0, 1.0, -4.0], [0.0, 0.0, 0.0, 0.0, 0.0, 0.0, 0.0, 0.0, 0.0, 0.0, 0.0, 0.0, 0.0], [0.0, 0.0, 0.0, 0.0, 0.0, 0.0, 0.0, 0.0, 0.0, 0.0, 0.0, 0.0, 1.0], [1.0, 1.0, 0.0, 0.0, 0.0, 0.0, 1.0, 0.0, -5.0], [1.0, 1.0, 1.0, 1.0, 1.0, -4.0], [0.0, 0.0, 0.0, 0.0, 0.0, 0.0, 0.0, 0.0, 0.0, 1.0, 0.0, 0.0, 0.0], [1.0, 1.0, 1.0, 1.0, 1.0, 0.0, 0.0, 0.0, 0.0, 0.0, 0.0, 0.0, 0.0], [0.0, 0.0, 0.0, 0.0, 0.0, 0.0, 1.0, 1.0, 1.0, 1.0, 1.0, 1.0, 1.0], [1.0, 1.0, 1.0, 1.0, -4.0], [1.0, 1.0, 0.0, 0.0, 0.0, 0.0, 1.0, -4.0], [1.0, 1.0, 0.0, 0.0, 1.0, 0.0, 1.0, 0.0, 0.0, 0.0, 0.0, 0.0, 0.0], [1.0, 0.0, 1.0, 1.0, 1.0, 1.0, 1.0, 1.0, -5.0], [0.0, 0.0, 0.0, 0.0, 0.0, 0.0, 0.0, 0.0, 0.0, 1.0, 1.0, 1.0, 1.0]], "episode_seeds": [10814813808075883403, 16730458835367474405, 6755402382514299518, 17154065408866978839, 17500443267672466102, 5159508229642836955, 9218721254459184365, 15034559675363436088, 14459282323185911340, 10471802300632115067, 2420199479810479085, 141202189544976821, 6492670051838911065, 5909869753673330462, 14031016129680956514, 7749689366049369300, 14073292678409020427, 16278508829664258180, 7592710051549528491, 4571975771301736391], "episode_types": ["t", "t", "t", "t", "t", "t", "t", "t", "t", "t", "t", "t", "t", "t", "t", "t", "t", "t", "t", "t"], "episode_speed": [[9.17088823462614, 9.029202788733636, 9.00499041301285, 9.000852802869822, 9.000145733976908, 5.2690219600396695, 8.362419749322282, 8.891045036529192, 8.981380878638719, 8.996818211220281], [5.439885290443771, 4.660615338035013, 0.796444327388315, 0.13610296508539277, 3.754261339613195, 8.103564981016405, 8.846809802148842, 5.242818653344817, 0.8959360241350934, 0.15310492550240903, 1.4937315638144695], [5.439885290443771, 0.9296123938526437, 3.889862765054427, 0.6647317808581074, 0.11359484053073225, 0.019412021760934754, 0.003317286129250358, 0.0005668851703773754, 9.687400600152841e-05, 1.65546278667633e-05, 2.828991131043885e-06, 4.834413001570971e-07, 8.261443032921223e-08], [9.17088823462614, 5.29819984455127, 8.367405906496595, 8.89189711212628, 8.981526488333271, 8.996843094203927, 3.4246954043957016], [5.439885290443771, 4.660615338035013, 0.796444327388315, 3.867105909267762, 8.12284879031182, 8.850105178276204, 8.97438473853602, 8.995622653188933, 8.999251962931108, 8.99987216926586, 8.999978155231512, 5.268993322803709], [9.17088823462614, 9.029202788733636, 5.273987468830482, 8.363268296353564, 5.160187099050997, 5.069920598753828], [9.17088823462614, 9.029202788733636, 5.273987468830482, 8.363268296353564, 8.891190043233367, 8.981405658578403, 5.265819501638059, 0.8998665984948288, 3.88477955859818, 4.394866064862928, 0.7510309032427576, 0.12834234520483034, 0.02193219679983213], [9.17088823462614, 9.029202788733636, 9.00499041301285, 9.000852802869822, 9.000145733976908, 3.9326814344118484], [5.439885290443771, 0.9296123938526437, 3.889862765054427, 4.395734725040477, 0.7511793470469885, 0.12836771250447657, 0.02193653177288591, 0.0037486951884887054, 3.7316435520852815, 0.6376939788698727, 3.8399773424631607, 0.6562069490579068, 0.11213804707391122], [5.439885290443771, 0.9296123938526437, 0.15885982087205838, 0.027147274341850918, 0.004639149787190416, 3.7317957202996688, 0.6377199826273956, 0.1089788420170084, 0.018623201923887597, 3.734185430282228, 4.369131300129952, 4.47763607891139, 8.227181213188217], [9.17088823462614, 9.029202788733636, 5.273987468830482, 0.9012624079888264, 3.885018086018484, 4.3949068263926945, 8.21304375727336, 5.134515492770055, 2.4338762654872075], [9.17088823462614, 9.029202788733636, 9.00499041301285, 9.000852802869822, 9.000145733976908, 5.9492963863850665], [5.439885290443771, 0.9296123938526437, 0.15885982087205838, 0.027147274341850918, 0.004639149787190416, 0.0007927761172992043, 3.7311384202935085, 4.368610601972091, 4.477547097722418, 8.22716600734992, 5.136928819154587, 4.60884364148784, 0.7875971535617682], [9.17088823462614, 9.029202788733636, 9.00499041301285, 9.000852802869822, 9.000145733976908, 5.2690219600396695, 0.9004138609575443, 0.15387013513194162, 0.02629459575438313, 0.004493437048674533, 0.0007678755246516843, 3.731134165075189, 0.6376069306229767], [5.439885290443771, 4.660615338035013, 4.527447271570684, 4.504690415784019, 0.7697985926906245, 3.8625524667049564, 8.122070660550792, 8.849972205055032, 8.974362014977, 8.995618770000048, 8.999251299339818, 8.999872055865918, 8.999978135852794], [9.17088823462614, 9.029202788733636, 9.00499041301285, 9.000852802869822, 6.829688251670879], [9.17088823462614, 9.029202788733636, 5.273987468830482, 0.9012624079888264, 3.885018086018484, 4.3949068263926945, 8.21304375727336, 8.865518436952424], [9.17088823462614, 9.029202788733636, 5.273987468830482, 4.632265352171195, 8.25360553671711, 5.141447023652493, 8.340618693660536, 5.156316548431802, 0.8811538321350629, 0.15057882280761914, 0.025732149201676408, 0.004397321550210925, 3.731754394699168], [9.17088823462614, 5.29819984455127, 8.367405906496595, 8.89189711212628, 8.981526488333271, 8.996843094203927, 8.99946052194163, 8.999907809546988, 3.3472982899918184], [5.439885290443771, 4.660615338035013, 0.796444327388315, 3.867105909267762, 4.391845846129452, 4.481517727577578, 0.7658386529114838, 0.1308728154045048, 3.7533675685673975, 8.103412246060229, 8.846783701541815, 8.973817137240529, 8.995525656805576]], "episode_crashed": [[false, false, false, false, false, false, false, false, false, false], [false, false, false, false, false, false, false, false, false, false, true], [false, false, false, false, false, false, false, false, false, false, false, false, false], [false, false, false, false, false, false, true], [false, false, false, false, false, false, false, false, false, false, false, false], [false, false, false, false, false, true], [false, false, false, false, false, false, false, false, false, false, false, false, false], [false, false, false, false, false, true], [false, false, false, false, false, false, false, false, false, false, false, false, false], [false, false, false, false, false, false, false, false, false, false, false, false, false], [false, false, false, false, false, false, false, false, true], [false, false, false, false, false, true], [false, false, false, false, false, false, false, false, false, false, false, false, false], [false, false, false, false, false, false, false, false, false, false, false, false, false], [false, false, false, false, false, false, false, false, false, false, false, false, false], [false, false, false, false, true], [false, false, false, false, false, false, false, true], [false, false, false, false, false, false, false, false, false, false, false, false, false], [false, false, false, false, false, false, false, false, true], [false, false, false, false, false, false, false, false, false, false, false, false, false]],