{"initial_reset_timestamp": 1618858994.847745, "timestamps": [1618858997.7232008, 1618858999.888877, 1618859004.8243363, 1618859009.0667155, 1618859010.5321305, 1618859012.0297098, 1618859013.487071, 1618859015.6371481, 1618859018.48048, 1618859027.652294, 1618859032.0071087, 1618859033.484266, 1618859037.8150299, 1618859043.4694421, 1618859049.7976944, 1618859063.6997538, 1618859070.842418, 1618859090.2580516, 1618859097.1897056, 1618859102.9297018, 1618859106.448035, 1618859117.7370865, 1618859122.074666, 1618859127.7980087, 1618859135.551247], "episode_lengths": [4, 3, 7, 6, 2, 2, 2, 3, 4, 13, 6, 2, 6, 8, 9, 20, 10, 28, 10, 8, 5, 16, 6, 8, 11], "episode_rewards": [3.0186829911517563, 1.8627729615021817, 5.3298802252445565, 4.510312584463167, 0.9549926798276258, 0.8222222222222223, 0.9327704576054037, 2.1192892057302304, 2.773321196885363, 9.005313957560732, 4.4887557506426585, 0.8666666666666667, 4.461564128569459, 6.461411559126308, 6.22748065032552, 14.777352045260182, 8.039208768101007, 22.82342705019084, 7.266800355787055, 6.461411559126308, 3.3777777777777778, 11.805118668700159, 4.177214902049848, 5.271340034727313, 9.661970449876463], "episode_rewards_": [[0.9327704576054036, 0.9516618503910704, 0.9771123893760643, 0.15713829377921792], [0.9549926798276257, 0.8633358372301115, 0.04444444444444443], [0.7999999999999999, 0.8222222222222223, 0.8222222222222223, 0.8222222222222223, 0.9327704576054036, 0.9738840726132926, 0.1565590283591937], [0.9327704576054036, 0.9516618503910704, 0.9548901671538421, 0.8448936131230647, 0.8260964961897863, 0.0], [0.9327704576054036, 0.022222222222222216], [0.8222222222222223, 0.0], [0.9105482353831814, 0.022222222222222216], [0.9327704576054036, 0.9516618503910704, 0.23485689773375631], [0.8222222222222223, 0.9327704576054036, 0.9738840726132926, 0.04444444444444443], [0.7999999999999999, 0.7999999999999999, 0.7999999999999999, 0.8222222222222223, 0.7116739868390409, 0.7150048162755963, 0.7117764995128245, 0.7112248181604207, 0.8216787776912134, 0.7300058244597164, 0.6921177730967991, 0.6672184449887686, 0.02239079431412912], [0.9327704576054036, 0.9738840726132926, 0.8665641539928828, 0.8482244425596202, 0.8228681794270147, 0.04444444444444443], [0.8222222222222223, 0.04444444444444443], [0.7116739868390409, 0.8033308294365552, 0.9295421408426319, 0.9733323912608887, 0.9992403357458981, 0.04444444444444443], [0.8222222222222223, 0.8222222222222223, 0.9327704576054036, 0.9516618503910704, 0.9548901671538421, 0.9776640707284683, 0.9777583465808567, 0.022222222222222216], [0.8666666666666667, 0.8666666666666667, 0.7561184312834853, 0.7372270384978186, 0.7339987217350469, 0.7334470403826429, 0.7333527645302546, 0.7333366538962719, 0.06666666666666665], [0.8222222222222223, 0.8444444444444444, 0.9549926798276257, 0.8633358372301115, 0.7371245258240348, 0.7377787198502226, 0.7340929975874353, 0.7334631510166254, 0.7111332954258321, 0.7111149021494901, 0.7111117589549671, 0.7111112218200041, 0.688888907807736, 0.7111111143441194, 0.7111111116635943, 0.7111111112055241, 0.8216593465104265, 0.8405507392827163, 0.9543272914263835, 0.06666666666666665], [0.8222222222222223, 0.8444444444444444, 0.8222222222222223, 0.7999999999999999, 0.8222222222222223, 0.9327704576054036, 0.9738840726132926, 0.9771123893760643, 0.9998862929506904, 0.04444444444444443], [0.9105482353831814, 0.8188913927856669, 0.8032283167627717, 0.800551681352404, 0.8000942758523885, 0.8000161106339826, 0.8000027531178001, 0.6894522350922593, 0.6705604522298695, 0.6673320688075752, 0.666780376063843, 0.7772343336479918, 0.9066578508501989, 0.9509970294462121, 0.9547765570762327, 0.9554224338806477, 0.9777550288497624, 0.999996112475852, 0.9777771134456392, 0.9555554420290092, 0.9555555361552045, 0.9555555522402637, 0.9555555549890112, 0.8450073200755585, 0.7155676919869814, 0.8039962178354415, 0.7085593771250958, 0.0], [0.9549926798276257, 0.8633358372301115, 0.7371245258240348, 0.8261047330111816, 0.7307621681508801, 0.6922470233349526, 0.8000109899391953, 0.8184265839485046, 0.8215735922983471, 0.022222222222222216], [0.7999999999999999, 0.8222222222222223, 0.9327704576054036, 0.9516618503910704, 0.9548901671538421, 0.9776640707284683, 0.9777583465808567, 0.04444444444444443], [0.8444444444444444, 0.8444444444444444, 0.8222222222222223, 0.8444444444444444, 0.022222222222222216], [0.9327704576054036, 0.8411136150078892, 0.8254505389849939, 0.712225668191445, 0.6928768699057626, 0.689570387924585, 0.6890053490559983, 0.7994570259444318, 0.8405541402416152, 0.9543278726102455, 0.8632222294983665, 0.8476533469824982, 0.7344445727510784, 0.6928763029562597, 0.6895702910395852, 0.0], [0.8222222222222223, 0.7999999999999999, 0.7999999999999999, 0.8222222222222223, 0.9327704576054036, 0.0], [0.7116739868390409, 0.8033308294365552, 0.8189939054594507, 0.7111223054866369, 0.6926883182009855, 0.6895381666566198, 0.7995480782035798, 0.04444444444444443], [0.8666666666666667, 0.8666666666666667, 0.9772149020498481, 0.9961062948355148, 0.9993346115982865, 0.9998862929506904, 0.9999805688030788, 0.9999966794370615, 0.9999994325548616, 0.8894516676471208, 0.06666666666666665]], "episode_seeds": [15419507801232042460, 8979121819693139666, 11254941888879444865, 7070751773712386141, 13311787407002106890, 7006338173483996902, 17996355131936100569, 105914753381298023, 13312736322917378210, 7927278987105156633, 10594521178432771203, 2134431523810029251, 5849397239455105240, 10943799008130430277, 11905551607931587046, 13341183621090923929, 17940054901281540537, 17283202282628265004, 577915758045052089, 6982060539418148557, 3569439506476670469, 6045075597939160233, 8265420081689731070, 11001826846190843673, 3238292851282594728], "episode_types": ["t", "t", "t", "t", "t", "t", "t", "t", "t", "t", "t", "t", "t", "t", "t", "t", "t", "t", "t", "t", "t", "t", "t", "t", "t"],