episode,sim/wall,total steps,steps/sec,score
0,0.4220838690746538,500,4.220838648271125,"011: 13.2813, 006: 13.0011, 007: 12.6960, 003: 13.0311, 001: 13.3456, 014: 12.9715, 005: -2.8693, 013: -2.7615, 002: 0.4711, 010: 13.6781, 008: 12.9870, 004: 13.8009, 012: 13.6257, 000: 12.9927, 009: 13.3033"
1,0.4765760863244493,208,4.765760707040371,"011: 2.0350, 006: -0.1099, 007: -0.7375, 003: 5.3386, 001: 5.8160, 014: -1.7821, 005: 5.6547, 013: -5.3196, 002: -0.8948, 010: 5.7821, 008: 5.3351, 004: 5.7541, 012: 5.2952, 000: 1.3563, 009: 5.4875"
2,0.43116925478563434,184,4.311692427411604,"011: 4.9370, 006: 5.0205, 007: 4.9510, 003: -2.5061, 001: -1.6194, 014: -1.2756, 005: -1.5340, 013: 5.0406, 002: -0.5073, 010: 2.5139, 008: -1.1525, 004: 4.9185, 012: 4.7091, 000: 4.8986, 009: -0.7186"
3,0.5349986502403695,500,5.3499864205144805,"011: 13.0983, 006: 13.5397, 007: 12.8864, 003: 13.4663, 001: 1.2252, 014: -7.0458, 005: -10.9958, 013: 13.2198, 002: 13.4589, 010: 13.7454, 008: -6.1971, 004: 13.0197, 012: -4.4400, 000: 13.6044, 009: -6.3570"
4,0.506869022795982,500,5.068690142204786,"011: 12.8662, 006: 0.1997, 007: 12.8295, 003: -0.9729, 001: 13.0601, 014: 12.9258, 005: -5.7598, 013: 13.3482, 002: 13.1865, 010: 13.1862, 008: 13.3631, 004: -0.9854, 012: -3.1741, 000: 13.4753, 009: 13.5770"
5,0.16614372382317377,500,1.6614372303342453,"011: 13.4805, 006: 0.5504, 007: 13.2583, 003: -3.3750, 001: 12.7213, 014: 13.7602, 005: 13.3402, 013: -2.2617, 002: 0.2659, 010: 13.4300, 008: 13.8929, 004: 13.3630, 012: 13.4840, 000: 13.4959, 009: 12.4926"
6,0.16515339810157836,129,1.6515339406869753,"011: -4.8266, 006: -3.3215, 007: -0.8584, 003: 3.5050, 001: 3.5618, 014: 3.5713, 005: 3.4867, 013: 3.3723, 002: -4.2320, 010: -2.5939, 008: -2.8736, 004: 3.4728, 012: -0.8184, 000: 3.6070, 009: 3.0627"
MEAN,0.3861420007351201,360.14285714285717,3.861419930923369,n/a
