{"initial_reset_timestamp": 1618393800.5761943, "timestamps": [1618393802.7932963, 1618393804.0645058, 1618393807.1267328, 1618393810.0062802, 1618393812.8904564, 1618393814.7099247, 1618393817.0899937, 1618393818.5139046, 1618393821.1064134, 1618393824.2362032, 1618393827.1312027, 1618393831.4102612, 1618393838.2250495, 1618393843.412623, 1618393847.9322178, 1618393852.13043, 1618393858.155341, 1618393859.9632425, 1618393863.7775688, 1618393867.595655], "episode_lengths": [7, 6, 13, 13, 13, 5, 7, 7, 7, 7, 7, 13, 13, 13, 13, 13, 13, 6, 13, 13], "episode_rewards": [-1.0, 0.0, 5.0, 2.0, 6.0, 0.0, 0.0, 2.0, 0.0, 0.0, -1.0, 5.0, 7.0, 7.0, 5.0, 3.0, 1.0, 0.0, 2.0, 5.0], "episode_rewards_": [[1.0, 0.0, 0.0, 0.0, 1.0, 1.0, -4.0], [1.0, 0.0, 1.0, 1.0, 1.0, -4.0], [1.0, 1.0, 1.0, 0.0, 0.0, 0.0, 0.0, 1.0, 0.0, 0.0, 0.0, 1.0, 0.0], [1.0, 0.0, 0.0, 0.0, 0.0, 0.0, 1.0, 0.0, 0.0, 0.0, 0.0, 0.0, 0.0], [1.0, 0.0, 1.0, 1.0, 1.0, 1.0, 1.0, 0.0, 0.0, 0.0, 0.0, 0.0, 0.0], [1.0, 1.0, 1.0, 1.0, -4.0], [1.0, 0.0, 0.0, 1.0, 1.0, 1.0, -4.0], [1.0, 1.0, 1.0, 1.0, 1.0, 1.0, -4.0], [1.0, 0.0, 1.0, 0.0, 1.0, 1.0, -4.0], [1.0, 0.0, 1.0, 0.0, 1.0, 1.0, -4.0], [1.0, 1.0, 0.0, 1.0, 0.0, 1.0, -5.0], [0.0, 0.0, 1.0, 1.0, 0.0, 1.0, 1.0, 0.0, 0.0, 0.0, 1.0, 0.0, 0.0], [1.0, 1.0, 1.0, 1.0, 0.0, 0.0, 1.0, 1.0, 0.0, 0.0, 0.0, 0.0, 1.0], [1.0, 1.0, 0.0, 0.0, 0.0, 0.0, 1.0, 0.0, 1.0, 1.0, 0.0, 1.0, 1.0], [1.0, 1.0, 1.0, 1.0, 1.0, 0.0, 0.0, 0.0, 0.0, 0.0, 0.0, 0.0, 0.0], [1.0, 1.0, 0.0, 1.0, 0.0, 0.0, 0.0, 0.0, 0.0, 0.0, 0.0, 0.0, 0.0], [1.0, 0.0, 0.0, 0.0, 0.0, 0.0, 0.0, 0.0, 0.0, 0.0, 0.0, 0.0, 0.0], [1.0, 1.0, 1.0, 1.0, 1.0, -5.0], [0.0, 0.0, 1.0, 1.0, 0.0, 0.0, 0.0, 0.0, 0.0, 0.0, 0.0, 0.0, 0.0], [1.0, 0.0, 0.0, 0.0, 1.0, 0.0, 1.0, 1.0, 1.0, 0.0, 0.0, 0.0, 0.0]], "episode_seeds": [7164138074163781288, 7339467721584352943, 14675965703776077990, 406794934490956094, 3857057976544979153, 3826391030172574590, 8730616795352979371, 16356384630741975269, 16330053894471270915, 6623823744233152288, 15226863059561114107, 864485474966921827, 1361745372462471143, 841283976489835441, 11243785263724403500, 10445740525609014293, 7251035082811749735, 1019206313944267376, 3699459081479890217, 6479067383933740093], "episode_types": ["t", "t", "t", "t", "t", "t", "t", "t", "t", "t", "t", "t", "t", "t", "t", "t", "t", "t", "t", "t"], "episode_speed": [[9.17088823462614, 5.29819984455127, 0.9054000181318569, 3.8857251549113974, 8.126030600329933, 8.850648912173114, 3.3752310391916005], [9.17088823462614, 5.29819984455127, 8.367405906496595, 8.89189711212628, 8.981526488333271, 5.177804925322744], [9.17088823462614, 9.029202788733636, 9.00499041301285, 5.2698498586874525, 0.9005553390959131, 0.1538943120812456, 3.7573016714929377, 8.104084537964011, 5.115895644136038, 0.8742463751579675, 3.8804013638614165, 8.125120827075882, 5.119490498445451], [9.17088823462614, 5.29819984455127, 0.9054000181318569, 0.15472221072902836, 0.026440205448937302, 3.735521264214691, 8.100362522614795, 5.115259595503759, 4.605140626112431, 0.7869643518014712, 0.1344829487930581, 0.022981553706563306, 3.73493022132425], [9.17088823462614, 5.29819984455127, 8.367405906496595, 8.89189711212628, 8.981526488333271, 8.996843094203927, 8.99946052194163, 5.2689048653646156, 4.63139679503761, 0.7914512221571408, 0.13524970214713486, 3.7541155270160043, 4.372537119176716], [9.17088823462614, 9.029202788733636, 9.00499041301285, 9.000852802869822, 5.552850540529801], [9.17088823462614, 5.29819984455127, 4.636402962314226, 8.254312605610021, 8.87257079758973, 8.978223848560292, 5.944276130416875], [9.17088823462614, 9.029202788733636, 9.00499041301285, 9.000852802869822, 9.000145733976908, 9.000024904222037, 4.836977774313977], [9.17088823462614, 5.29819984455127, 8.367405906496595, 5.16089416794391, 8.343941981817016, 8.887887403460386, 4.483298885210017], [9.17088823462614, 5.29819984455127, 8.367405906496595, 5.16089416794391, 8.343941981817016, 8.887887403460386, 8.980841276297994], [9.17088823462614, 9.029202788733636, 5.273987468830482, 8.363268296353564, 5.160187099050997, 8.343821152062148, 3.561721569722473], [5.439885290443771, 4.660615338035013, 8.258450215753053, 8.873277866482645, 5.247341734132792, 8.35871485379076, 8.890411913472338, 5.250269741174861, 4.628212271562783, 4.5219099687447715, 8.234747100061876, 5.138224338704671, 0.8780620863543077], [9.17088823462614, 9.029202788733636, 9.00499041301285, 9.000852802869822, 5.269142789794539, 4.6314374535234135, 8.253464058578741, 8.872425790885556, 5.247196124438238, 4.627687026624745, 0.7908172663821945, 3.8661443107462925, 4.391681520255698], [9.17088823462614, 9.029202788733636, 5.273987468830482, 4.632265352171195, 0.7915996483523712, 3.8662780106199794, 8.122707312173452, 5.11907805714453, 8.336796100463578, 8.886666256411049, 5.249629652452143, 8.359105832113322, 8.890478727067656], [9.17088823462614, 9.029202788733636, 9.00499041301285, 9.000852802869822, 9.000145733976908, 5.2690219600396695, 0.9004138609575443, 0.15387013513194162, 0.02629459575438313, 3.7354963812310436, 0.638352382040908, 0.1090869116363622, 0.018641669750355683], [9.17088823462614, 9.029202788733636, 5.273987468830482, 8.363268296353564, 5.160187099050997, 0.8818152636974087, 0.15069185367963447, 0.02575146484785336, 0.004400622366886767, 0.0007520145875335863, 0.00012851044527671955, 2.1960923124357797e-05, 3.752863383481882e-06], [9.17088823462614, 5.29819984455127, 4.636402962314226, 0.7923067172452849, 0.13539589619247916, 0.02313756567595689, 3.7349568819342798, 0.6382601879585023, 0.10907115675237683, 3.7496419216084136, 4.371772632646199, 0.7470845073797823, 0.1276679525826706], [9.17088823462614, 9.029202788733636, 9.00499041301285, 9.000852802869822, 9.000145733976908, 3.4220581915868595], [5.439885290443771, 4.660615338035013, 8.258450215753053, 8.873277866482645, 5.247341734132792, 0.8967089654260221, 0.1532370120750855, 0.026186402472895894, 3.7354778922721716, 0.6383492224953665, 0.10908637170720233, 0.018641577482814732, 0.003185626266684615], [9.17088823462614, 5.29819984455127, 0.9054000181318569, 3.8857251549113974, 8.126030600329933, 5.119645967990746, 8.336893149745514, 8.88668284099151, 8.98063543074419, 5.2656878787632095, 4.630847049876479, 0.791357277177061, 0.13523364805533705]], "episode_crashed": [[false, false, false, false, false, false, true], [false, false, false, false, false, true], [false, false, false, false, false, false, false, false, false, false, false, false, false], [false, false, false, false, false, false, false, false, false, false, false, false, false], [false, false, false, false, false, false, false, false, false, false, false, false, false], [false, false, false, false, true], [false, false, false, false, false, false, true], [false, false, false, false, false, false, true], [false, false, false, false, false, false, true], [false, false, false, false, false, false, true], [false, false, false, false, false, false, true], [false, false, false, false, false, false, false, false, false, false, false, false, false], [false, false, false, false, false, false, false, false, false, false, false, false, false], [false, false, false, false, false, false, false, false, false, false, false, false, false], [false, false, false, false, false, false, false, false, false, false, false, false, false], [false, false, false, false, false, false, false, false, false, false, false, false, false], [false, false, false, false, false, false, false, false, false, false, false, false, false], [false, false, false, false, false, true], [false, false, false, false, false, false, false, false, false, false, false, false, false], [false, false, false, false, false, false, false, false, false, false, false, false, false]],