episode,sim/wall,total steps,steps/sec,score
0,4.168469659179058,500,41.684691620437846,000: 13.5793
1,2.501146902045418,500,25.01146723067393,000: 14.1825
2,2.889779897969171,463,28.897796829591957,000: 10.8498
3,2.934528279710596,209,29.34527592059173,000: 0.2997
4,2.819375869757847,382,28.193755720886514,000: 9.2919
MEAN,3.062660121732418,410.8,30.626597464436394,n/a
