episode,sim/wall,total steps,steps/sec,score
0,0.4308063626742255,163,4.308063382422157,"006: 4.9283, 012: 4.8702, 001: -13.6558, 014: 4.9218, 007: 4.6336, 003: -1.5141, 011: -0.7765, 010: 4.9441, 013: -0.7007, 002: -0.0452, 004: 3.4061, 009: 4.7152, 005: -0.0645, 008: 4.8844, 000: 4.4222"
1,0.2884807815859456,192,2.8848077538548598,"006: 5.4281, 012: 5.6858, 001: 5.8636, 014: 3.7386, 007: 5.6105, 003: -2.1377, 011: -2.0421, 010: 5.5989, 013: 3.6670, 002: 5.6058, 004: -0.8430, 009: -1.6731, 005: 5.6993, 008: -12.6754, 000: 5.6268"
2,0.15080628076657043,261,1.5080627972782663,"006: 7.5071, 012: 7.6244, 001: -0.7813, 014: 1.5180, 007: 4.1431, 003: 7.6499, 011: 3.4756, 010: 0.8356, 013: 7.5744, 002: 1.1336, 004: 6.5447, 009: 7.5758, 005: -0.7786, 008: 7.6216, 000: -23.8460"
3,0.1114553698058534,236,1.114553691783731,"006: -0.2071, 012: 7.0230, 001: 6.9947, 014: 6.9810, 007: 0.8551, 003: 3.0899, 011: 6.9537, 010: 0.8094, 013: -2.7407, 002: 2.9200, 004: 6.6481, 009: 6.9154, 005: 6.8214, 008: 3.0275, 000: 6.7445"
MEAN,0.24538719870814873,213.0,2.453871906334754,n/a
