{"initial_reset_timestamp": 1618595964.3217578, "timestamps": [1618595980.8045213, 1618595994.1603, 1618595995.5265517, 1618595999.960151, 1618596000.9030774], "episode_lengths": [13, 12, 5, 13, 8], "episode_rewards": [-3.0, 8.0, -1.0, 3.0, -2.0], "episode_rewards_": [[1.0, 0.0, 1.0, 0.0, 0.0, 0.0, 0.0, 0.0, 0.0, 0.0, 0.0, 0.0, -5.0], [0.0, 1.0, 1.0, 0.0, 1.0, 1.0, 1.0, 1.0, 0.0, 0.0, 1.0, 1.0], [1.0, 1.0, 1.0, 0.0, -4.0], [0.0, 1.0, 1.0, 1.0, 0.0, 0.0, 0.0, 0.0, 0.0, 0.0, 0.0, 0.0, 0.0], [1.0, 0.0, 0.0, 0.0, 0.0, 1.0, 1.0, -5.0]], "episode_seeds": [281596025060019351, 11305538866519211590, 681428945903835358, 12933798263939788856, 5498631769762219380], "episode_types": ["t", "t", "t", "t", "t"], "episode_speed": [[9.17088823462614, 5.29819984455127, 8.367405906496595, 5.16089416794391, 0.8819360934522774, 0.15071250206313427, 0.02575499341365753, 3.7354041695396365, 4.369339568330122, 0.7466687253140757, 3.8585998445018417, 4.390392259737988, 2.949530612625], [5.439885290443771, 8.391618282217381, 8.896034722269311, 5.251230613043818, 8.35937941744254, 8.890525479581587, 8.981292092469154, 8.996803038708505, 5.2684507327463574, 4.631319189116188, 8.25344384858297, 8.872422337235058], [9.17088823462614, 9.029202788733636, 9.00499041301285, 5.2698498586874525, 7.730689288833684], [5.439885290443771, 8.391618282217381, 8.896034722269311, 8.982233557226186, 5.265960979776427, 0.8998907754441334, 0.15378074597199629, 3.7572822643810144, 0.642075333152178, 0.10972312017936657, 0.018750390305123772, 0.003204221097793695, 0.0005475636867537975], [9.17088823462614, 5.29819984455127, 4.636402962314226, 4.523309661427653, 4.503983346891105, 8.231683651300493, 8.86870377553634, 4.52290327442154]], "episode_crashed": [[false, false, false, false, false, false, false, false, false, false, false, false, true], [false, false, false, false, false, false, false, false, false, false, false, false], [false, false, false, false, true], [false, false, false, false, false, false, false, false, false, false, false, false, false], [false, false, false, false, false, false, false, true]], "episode_action": [[2, 0, 2, 0, 0, 0, 1, 2, 1, 0, 2, 1, 1], [0, 2, 2, 0, 2, 1, 1, 1, 0, 1, 2, 2], [2, 2, 1, 0, 2], [0, 2, 1, 1, 0, 0, 0, 2, 0, 1, 0, 0, 1], [2, 0, 1, 1, 1, 2, 2, 0]], "episode_cost": [[0.0, 0.0, 0.0, 0.0, 0.0, 0.0, 0.0, 0.0, 0.0, 0.0, 0.0, 0.0, 1.0], [0.0, 0.0, 0.0, 0.0, 0.0, 0.0, 0.0, 0.0, 0.0, 0.0, 0.0, 0.0], [0.0, 0.0, 0.0, 0.0, 1.0], [0.0, 0.0, 0.0, 0.0, 0.0, 0.0, 0.0, 0.0, 0.0, 0.0, 0.0, 0.0, 0.0], [0.0, 0.0, 0.0, 0.0, 0.0, 0.0, 0.0, 1.0]], "episode_agents_rewards": [[[1], [0], [1], [0], [0], [0], [0], [0], [0], [0], [0], [0], [-5]], [[0], [1], [1], [0], [1], [1], [1], [1], [0], [0], [1], [1]], [[1], [1], [1], [0], [-4]], [[0], [1], [1], [1], [0], [0], [0], [0], [0], [0], [0], [0], [0]], [[1], [0], [0], [0], [0], [1], [1], [-5]]], "episode_agents_dones": [[[false], [false], [false], [false], [false], [false], [false], [false], [false], [false], [false], [false], [true]], [[false], [false], [false], [false], [false], [false], [false], [false], [false], [false], [false], [true]], [[false], [false], [false], [false], [true]], [[false], [false], [false], [false], [false], [false], [false], [false], [false], [false], [false], [false], [true]], [[false], [false], [false], [false], [false], [false], [false], [true]]]}