{"initial_reset_timestamp": 1618332305.8651202, "timestamps": [1618332312.803946, 1618332323.2498143], "episode_lengths": [4, 6], "episode_rewards": [2.422222222222222, 3.8006960139741603], "episode_rewards_": [[0.7999999999999999, 0.7999999999999999, 0.7999999999999999, 0.022222222222222216], [0.7999999999999999, 0.6894517646168187, 0.6927825940533742, 0.8001025126737838, 0.7962200018848242, 0.022139140745359425]], "episode_seeds": [1960606606723277625, 8668247069014245659], "episode_types": ["t", "t"], "episode_speed": [[25.0, 25.0, 25.0, 15.424015217192501], [25.0, 20.8544411731307, 20.146013943668194, 24.17051089193356, 24.85825007068091, 20.830217777950978]], "episode_crashed": [[false, false, false, true], [false, false, false, false, false, true]], "episode_action": [[0, 0, 1, 2], [1, 4, 2, 3, 0, 4]], "episode_cost": [[0.0, 0.0, 0.0, 1.0], [0.0, 0.0, 0.0, 0.0, 0.0, 1.0]]}