{"initial_reset_timestamp": 1618070097.0259037, "timestamps": [1618070111.5338674, 1618070123.7396264], "episode_lengths": [18, 15], "episode_rewards": [12.916369538747531, 12.30722127406802], "episode_rewards_": [[0.7561184312834853, 0.7150048162755963, 0.7117764995128245, 0.7112248181604207, 0.7111305423080322, 0.821662667057231, 0.9510995421082793, 0.8626705457980958, 0.8697812929511093, 0.8449766974317131, 0.822313177995591, 0.7116895301105809, 0.6927852502156077, 0.7117769534196996, 0.6890026735055429, 0.6666861111189343, 0.666669989494788, 0.0], [0.7999999999999999, 0.8222222222222223, 0.8444444444444444, 0.9549926798276257, 0.9961062948355148, 0.9993346115982865, 0.889338057567509, 0.7599927052510494, 0.7378891063365937, 0.8446600967223992, 0.8629060027787142, 0.8660240134538322, 0.97710508017683, 0.8855392921863302, 0.06666666666666665]], "episode_seeds": [18263249421327452685, 1502474793384045637], "episode_types": ["t", "t"], "episode_speed": [[20.8544411731307, 20.146013943668194, 20.024952065064255, 20.004264014349108, 20.00072866988454, 24.145683347979496, 28.999566162393805, 25.683478800761925, 25.116798485666596, 25.019959487022575, 25.00341084150133, 20.85502404581345, 20.146113549751956, 20.02496908657207, 20.004266923124526, 20.000729166960035, 20.000124606054545, 15.176717240660684], [25.0, 25.0, 25.0, 29.1455588268693, 29.853986056331806, 29.975047934935745, 25.85017715878159, 20.99972644691435, 20.17084148762226, 24.17475362708997, 24.85897510420178, 24.975900504518705, 29.14144050663112, 25.70772345698738, 19.117869483006245]], "episode_crashed": [[false, false, false, false, false, false, false, false, false, false, false, false, false, false, false, false, false, true], [false, false, false, false, false, false, false, false, false, false, false, false, false, false, true]], "episode_action": [[4, 0, 4, 1, 1, 3, 3, 4, 2, 0, 0, 4, 4, 2, 0, 0, 1, 1], [0, 2, 2, 3, 2, 2, 4, 4, 4, 3, 2, 2, 3, 4, 2]], "episode_cost": [[0.0, 0.0, 0.0, 0.0, 0.0, 0.0, 0.0, 0.0, 0.0, 0.0, 0.0, 0.0, 0.0, 0.0, 0.0, 0.0, 0.0, 1.0], [0.0, 0.0, 0.0, 0.0, 0.0, 0.0, 0.0, 0.0, 0.0, 0.0, 0.0, 0.0, 0.0, 0.0, 1.0]]}