episode,sim/wall,total steps,steps/sec,score
0,2.3520765216240487,500,23.520759676464838,000: 11.3638
1,0.47694805679120383,500,4.769480329276612,000: 11.5515
2,0.4479215569991785,500,4.479215416920409,000: 11.2418
3,0.4190898124148874,500,4.190897981774048,000: 11.1101
MEAN,0.9240089869573296,500.0,9.240088351108977,n/a
