{"initial_reset_timestamp": 1618859571.7837005, "timestamps": [1618859573.5456715, 1618859576.8991408, 1618859578.6245959, 1618859607.3906164, 1618859613.1235344, 1618859617.3163157, 1618859619.0522277, 1618859621.6034462, 1618859628.8486814, 1618859632.1781878, 1618859634.7235262, 1618859640.5239289, 1618859649.2214847, 1618859652.576722, 1618859661.5775843, 1618859666.4804494, 1618859668.2026353, 1618859680.9168837, 1618859682.7501366, 1618859684.451058, 1618859690.0297549, 1618859694.236721, 1618859699.8631651, 1618859727.9751568, 1618859734.7585022], "episode_lengths": [2, 4, 2, 36, 7, 5, 2, 3, 9, 4, 3, 7, 11, 4, 11, 6, 2, 16, 2, 2, 7, 5, 7, 36, 8], "episode_rewards": [0.9198024691358025, 2.333998721735047, 0.9777777777777779, 26.973321881269666, 5.132691264136618, 3.5168462290803877, 0.8486273880638309, 2.0177656413298073, 6.639323042595454, 2.426678803114637, 1.777777777777778, 4.360813983658853, 9.339115142440761, 2.4, 9.5947408880791, 4.740920897767574, 0.977214902049848, 12.538591741547117, 1.072175248638193, 0.9333333333333333, 4.46746851387755, 3.355771775278649, 4.866666666666667, 28.29164121357973, 6.159875110193663], "episode_rewards_": [[0.8666666666666667, 0.053135802469135816], [0.7116739868390409, 0.8033308294365552, 0.8189939054594507, 0.0], [0.8222222222222223, 0.15555555555555559], [0.8444444444444444, 0.8222222222222223, 0.8444444444444444, 0.7338962090612631, 0.6927825940533742, 0.6673320550683801, 0.7773286090991576, 0.6855774906492546, 0.6921205262145991, 0.6894411376864314, 0.7995314970941566, 0.8183446442627001, 0.8215595897700942, 0.8443312083544944, 0.8666473159511593, 0.8444411376348326, 0.7338956439664064, 0.825552955090715, 0.7306678757961458, 0.7144531321031357, 0.822230458561703, 0.8184261133907106, 0.8215735118855565, 0.7115631298748243, 0.6705414276802409, 0.6673288177358746, 0.6667798204939395, 0.6666860033244505, 0.6666699710739789, 0.7772154667341801, 0.7961063913334234, 0.7993346280886438, 0.7998862957686986, 0.9105288046678246, 0.9294363076882034, 0.0], [0.7561184312834853, 0.7372270384978186, 0.7339987217350469, 0.8439952757658243, 0.9733406280822839, 0.8848959916135586, 0.2031151771586006], [0.7999999999999999, 0.7999999999999999, 0.9105482353831814, 0.9516618503910704, 0.05463614330613583], [0.8222222222222223, 0.02640516584160853], [0.9772149020498481, 0.9961062948355148, 0.04444444444444443], [0.7999999999999999, 0.6894517646168187, 0.7811086072143331, 0.7967716832372284, 0.7994483186475959, 0.9104539595307927, 0.9294235175348655, 0.9326651918138199, 0.0], [0.8666666666666667, 0.7561184312834853, 0.7372270384978186, 0.06666666666666665], [0.8666666666666667, 0.8444444444444444, 0.06666666666666665], [0.7338962090612631, 0.7150048162755963, 0.7117764995128245, 0.7112248181604207, 0.7111305423080322, 0.7333366538962719, 0.04444444444444443], [0.7999999999999999, 0.9105482353831814, 0.9294396281688483, 0.9548901671538421, 0.955441848506246, 0.9333139021364123, 0.9333300127703947, 0.9333327658881948, 0.9555554585858577, 0.955555538984575, 0.0777075848632105], [0.7999999999999999, 0.7999999999999999, 0.7999999999999999, 0.0], [0.9105482353831814, 0.9294396281688483, 0.9326679449316199, 0.9332196262840239, 0.9333139021364123, 0.955552234992617, 0.9777772103326393, 0.9777776808080798, 0.9999999834290195, 0.9999999971682144, 0.04444444444444443], [0.8444444444444444, 0.9549926798276257, 0.9738840726132926, 0.9548901671538421, 0.955441848506246, 0.05726768522212263], [0.9327704576054036, 0.04444444444444443], [0.9772149020498481, 0.9961062948355148, 0.888786376215105, 0.8704466647818424, 0.9778608592546406, 0.9739944590996638, 0.9771312531278468, 0.8671190589385275, 0.8483192692861666, 0.7345583710379505, 0.7151179719668289, 0.689573614266915, 0.6667836781777212, 0.6666866625572218, 0.6888923059513256, 0.0], [0.9772149020498481, 0.094960346588345], [0.8666666666666667, 0.06666666666666665], [0.7116739868390409, 0.6927825940533742, 0.6895542772906024, 0.6890025959381983, 0.7994565554689913, 0.8405540598428979, 0.04444444444444443], [0.7561184312834853, 0.7372270384978186, 0.8445469571182284, 0.9734349039346725, 0.04444444444444443], [0.7999999999999999, 0.8222222222222223, 0.8222222222222223, 0.8222222222222223, 0.7999999999999999, 0.7999999999999999, 0.0], [0.9105482353831814, 0.9294396281688483, 0.9326679449316199, 0.9332196262840239, 0.9333139021364123, 0.9333300127703947, 0.8227845305050135, 0.6933453728116058, 0.671225743661885, 0.6674457592859041, 0.6667998044289786, 0.6666894183438302, 0.6666705546606119, 0.6666673310790882, 0.6666667802069326, 0.6666666860693623, 0.6666666699823591, 0.6666666672332795, 0.6666666667634941, 0.6666666666832133, 0.6666666666694944, 0.66666666666715, 0.7772149020499306, 0.8183285170577511, 0.821556833820511, 0.9326567505560943, 0.9738646414163715, 0.9771090688131258, 0.9554412810611076, 0.9333138051667144, 0.822781760816233, 0.8261153571097832, 0.9334357485535003, 0.9517755407867035, 0.9549095955048457, 0.1856560761403708], [0.8222222222222223, 0.9327704576054036, 0.9294396281688483, 0.9548901671538421, 0.955441848506246, 0.8449878889754533, 0.7155643714405876, 0.004558526121060114]], "episode_seeds": [1358445960006294727, 17391524782001721563, 6444745139816741315, 1823260249197859125, 397418482634176037, 12619134743223364303, 12722382978554475069, 14470286059967065105, 16796008013824484824, 3431417977601350319, 4546597119415914264, 11748757691198129788, 6046354925640090566, 4356431831389443817, 15763478249424808020, 10695603586735161220, 16097775535987182635, 13928989485719593795, 2013200001080023590, 469996429930110216, 3412186462816615773, 57405436439544836, 10276076684804085534, 15012502689997726475, 12574458389548103798], "episode_types": ["t", "t", "t", "t", "t", "t", "t", "t", "t", "t", "t", "t", "t", "t", "t", "t", "t", "t", "t", "t", "t", "t", "t", "t", "t"],