{"initial_reset_timestamp": 1618571484.4732184, "timestamps": [1618571494.275008, 1618571500.017976, 1618571504.2378478, 1618571505.0843482, 1618571509.2475264, 1618571514.9640636, 1618571545.4146683, 1618571550.4301937, 1618571555.475455, 1618571562.956251], "episode_lengths": [12, 7, 5, 1, 5, 7, 37, 6, 6, 9], "episode_rewards": [8.600114371464146, 5.114982064515736, 2.6941245652323267, 0.2883260131609591, 3.627957340191499, 4.755129138636795, 26.145068409831577, 4.417100252928094, 4.112882180902587, 5.738591858406329], "episode_rewards_": [[0.8222222222222223, 0.7999999999999999, 0.7999999999999999, 0.6894517646168187, 0.6705603718311518, 0.7778802904515616, 0.8184422241070465, 0.7110280296342483, 0.8032204429501842, 0.818975041707668, 0.8438895394987999, 0.04444444444444443], [0.9327704576054036, 0.9738840726132926, 0.8665641539928828, 0.826002220337398, 0.7123199440438334, 0.8034412159229264, 0.0], [0.6894517646168187, 0.6705603718311518, 0.6673320550683801, 0.6667803737159762, 0.0], [0.2883260131609591], [0.8444444444444444, 0.8222222222222223, 0.9327704576054036, 0.9738840726132926, 0.05463614330613583], [0.7338962090612631, 0.7150048162755963, 0.7117764995128245, 0.821773053543602, 0.8183479482546581, 0.9321083897666286, 0.022222222222222216], [0.8444444444444444, 0.7338962090612631, 0.6927825940533742, 0.7117764995128245, 0.821773053543602, 0.8627923926991027, 0.7554563634447103, 0.7371138988936474, 0.7339793875078238, 0.733443736390685, 0.7333521999169016, 0.7333365574104928, 0.7111116620679652, 0.7333334274853774, 0.8438815848059913, 0.7522247288685024, 0.7365616505659626, 0.7338850147660304, 0.7112053869772207, 0.6889049995252163, 0.6888916420070896, 0.6666671371421757, 0.6666667470653959, 0.6666666804058635, 0.6666666690145338, 0.6666666670678896, 0.6666666667352309, 0.6888888889006058, 0.6666666666686689, 0.6666666666670089, 0.666666666666725, 0.6666666666666766, 0.6666666666666684, 0.6666666666666671, 0.7772149020498481, 0.796106294835515, 0.18871032266387452], [0.7999999999999999, 0.8222222222222223, 0.9327704576054036, 0.9294396281688483, 0.9326679449316199, 0.0], [0.7999999999999999, 0.6894517646168187, 0.7811086072143331, 0.8189939054594507, 0.9322187762529994, 0.09110912735898524], [0.7338962090612631, 0.8255530516587775, 0.7306678922984915, 0.7144531349231923, 0.6894600014382138, 0.6889864853042158, 0.6889055669680099, 0.6666695167541645, 0.0]], "episode_seeds": [11965332920411865765, 6284810736108187286, 14216778845550242677, 12562954659882299662, 15053075870151609317, 5253406039921008712, 8868198730742118245, 17212988184371914568, 16777582029192128790, 9474926360305608221], "episode_types": ["t", "t", "t", "t", "t", "t", "t", "t", "t", "t"], "episode_speed": [[25.0, 25.0, 25.0, 20.8544411731307, 20.146013943668194, 24.17051089193356, 24.85825007068091, 20.830217777950978, 24.28743327729858, 24.878230730704217, 24.97919106453833, 12.068827001066518], [29.1455588268693, 29.853986056331806, 25.82948910806644, 25.14174992931909, 20.87866456831042, 24.295712263776405, 10.707851492648903], [20.8544411731307, 20.146013943668194, 20.024952065064255, 20.004264014349108, 11.14968792204997], [29.1455588268693], [25.0, 25.0, 29.1455588268693, 29.853986056331806, 21.21552204064676], [20.8544411731307, 20.146013943668194, 20.024952065064255, 24.14982284121841, 24.854714726216347, 29.120731282915237, 11.121713833737266], [25.0, 20.8544411731307, 20.146013943668194, 20.024952065064255, 24.14982284121841, 24.854714726216347, 20.829613629176635, 20.14177120851178, 20.024227031543393, 20.004140114650685, 20.000707496883805, 20.000120902893475, 20.00002066088203, 20.000003530701655, 24.145559430224672, 20.708427332568842, 20.121061896223598, 20.02068805372614, 20.003535344979113, 20.000604148862276, 20.00010324193253, 20.00001764283159, 20.00000301495234, 20.000000515219885, 20.000000088045013, 20.00000001504586, 20.00000000257116, 20.000000000439382, 20.000000000075083, 20.000000000012832, 20.00000000000219, 20.00000000000037, 20.000000000000064, 20.000000000000014, 24.145558826869305, 24.85398605633181, 27.076637099895294], [25.0, 25.0, 29.1455588268693, 29.853986056331806, 29.975047934935745, 11.798860634001567], [25.0, 20.8544411731307, 24.29157277053749, 24.878938121396065, 29.124870776154147, 22.583258942628614], [20.8544411731307, 24.29157277053749, 20.733379294526763, 20.125325892953043, 20.021416720599685, 20.003659865574758, 20.000625427967037, 20.00010687828117, 18.666685844119495]], "episode_crashed": [[false, false, false, false, false, false, false, false, false, false, false, true], [false, false, false, false, false, false, true], [false, false, false, false, true], [true], [false, false, false, false, true], [false, false, false, false, false, false, true], [false, false, false, false, false, false, false, false, false, false, false, false, false, false, false, false, false, false, false, false, false, false, false, false, false, false, false, false, false, false, false, false, false, false, false, false, true], [false, false, false, false, false, true], [false, false, false, false, false, true], [false, false, false, false, false, false, false, false, true]], "episode_action": [[2, 0, 1, 4, 0, 3, 2, 4, 3, 1, 2, 4], [3, 2, 4, 0, 4, 3, 0], [4, 1, 4, 4, 3], [3], [2, 0, 3, 2, 0], [4, 4, 1, 3, 0, 3, 3], [1, 4, 0, 2, 3, 2, 4, 1, 1, 1, 2, 4, 0, 2, 3, 4, 2, 4, 0, 0, 4, 0, 0, 1, 0, 4, 1, 2, 0, 4, 4, 0, 1, 0, 3, 0, 3], [0, 2, 3, 0, 1, 4], [0, 4, 3, 2, 3, 3], [4, 3, 4, 1, 0, 4, 1, 0, 1]], "episode_cost": [[0.0, 0.0, 0.0, 0.0, 0.0, 0.0, 0.0, 0.0, 0.0, 0.0, 0.0, 1.0], [0.0, 0.0, 0.0, 0.0, 0.0, 0.0, 1.0], [0.0, 0.0, 0.0, 0.0, 1.0], [1.0], [0.0, 0.0, 0.0, 0.0, 1.0], [0.0, 0.0, 0.0, 0.0, 0.0, 0.0, 1.0], [0.0, 0.0, 0.0, 0.0, 0.0, 0.0, 0.0, 0.0, 0.0, 0.0, 0.0, 0.0, 0.0, 0.0, 0.0, 0.0, 0.0, 0.0, 0.0, 0.0, 0.0, 0.0, 0.0, 0.0, 0.0, 0.0, 0.0, 0.0, 0.0, 0.0, 0.0, 0.0, 0.0, 0.0, 0.0, 0.0, 1.0], [0.0, 0.0, 0.0, 0.0, 0.0, 1.0], [0.0, 0.0, 0.0, 0.0, 0.0, 1.0], [0.0, 0.0, 0.0, 0.0, 0.0, 0.0, 0.0, 0.0, 1.0]]}