{"initial_reset_timestamp": 1618571719.2740142, "timestamps": [1618571732.5250516, 1618571740.035268, 1618571741.7555099, 1618571748.3931775, 1618571750.9243243, 1618571762.408946, 1618571768.2732863, 1618571785.6048334, 1618571789.014088, 1618571799.0395954], "episode_lengths": [16, 9, 2, 8, 3, 14, 7, 21, 4, 12], "episode_rewards": [11.0274813318945, 7.66140823856337, 0.7999999999999999, 5.271925094769965, 1.4711232475590816, 10.783013450722816, 4.889554277290602, 15.138006817769357, 2.928774239767135, 9.910312471406407], "episode_rewards_": [[0.8222222222222223, 0.7116739868390409, 0.7150048162755963, 0.7339987217350469, 0.7112248181604207, 0.8216787776912134, 0.7300058244597164, 0.7365622175412435, 0.7338851116554354, 0.7334276257567024, 0.7111272245768793, 0.7111138647128299, 0.6888893594470255, 0.7111111915239604, 0.7111111248527209, 0.04444444444444443], [0.8666666666666667, 0.8666666666666667, 0.9772149020498481, 0.9738840726132926, 0.9771123893760643, 0.9776640707284683, 0.9777583465808567, 0.9777744572148391, 0.06666666666666665], [0.7999999999999999, 0.0], [0.8444444444444444, 0.7338962090612631, 0.7150048162755963, 0.7339987217350469, 0.7334470403826429, 0.7333527645302546, 0.7333366538962719, 0.04444444444444443], [0.7338962090612631, 0.7150048162755963, 0.022222222222222216], [0.8222222222222223, 0.9327704576054036, 0.9516618503910704, 0.9548901671538421, 0.8448936131230647, 0.8483187184120086, 0.8228842900609973, 0.8445575840486154, 0.8222415564494453, 0.7116772908309991, 0.715005380888949, 0.733998818220826, 0.7334470568709274, 0.04444444444444443], [0.7999999999999999, 0.7999999999999999, 0.7999999999999999, 0.8222222222222223, 0.7116739868390409, 0.8033308294365552, 0.15232723879278395], [0.6894517646168187, 0.6705603718311518, 0.6673320550683801, 0.6667803737159762, 0.6889083200858099, 0.6888922094518275, 0.7111116785562497, 0.8216594434639903, 0.862772978073162, 0.8660012810967387, 0.7560047247180947, 0.7372076073835935, 0.7339954011862403, 0.7334464729399194, 0.8439009029441503, 0.86277626549421, 0.7554536074951369, 0.7371134279342902, 0.7339793070264107, 0.8439919580205396, 0.06666666666666665], [0.9772149020498481, 0.9961062948355148, 0.888786376215105, 0.06666666666666665], [0.7561184312834853, 0.8477752738809997, 0.9739865852870763, 0.9955546134831108, 0.8886921003627166, 0.8482083319256374, 0.9556358839146183, 0.9517717664020008, 0.954908950506907, 0.8448968229771104, 0.8483192669382998, 0.04444444444444443]], "episode_seeds": [16234081976103864733, 16994019064373929404, 9718532369364806721, 12063700347986921314, 7859821267777206599, 221383297398972433, 1936826503762319235, 1528714285027567811, 14096676648720437945, 4394799870941867443], "episode_types": ["t", "t", "t", "t", "t", "t", "t", "t", "t", "t"], "episode_speed": [[25.0, 20.8544411731307, 20.146013943668194, 20.024952065064255, 20.004264014349108, 24.14628749675384, 20.708551750572703, 20.121083157796633, 20.020691687078823, 20.00353596587634, 20.000604254966305, 20.000103260064453, 20.000017645930118, 20.000003015481845, 20.000000515310365, 8.739192847048754], [25.0, 25.0, 29.1455588268693, 29.853986056331806, 29.975047934935745, 29.995735985650892, 29.99927133011546, 29.999875478889802, 11.419169648822889], [25.0, 16.525730589849108], [25.0, 20.8544411731307, 20.146013943668194, 20.024952065064255, 20.004264014349108, 20.00072866988454, 20.000124521110198, 11.516629467896152], [20.8544411731307, 20.146013943668194, 12.374322235052064], [25.0, 29.1455588268693, 29.853986056331806, 29.975047934935745, 25.85017715878159, 25.145285273783653, 25.024827543954064, 25.004242735156414, 25.000725033520865, 20.854565072829132, 20.146035116668926, 20.024955683280975, 20.004264632659776, 14.165842056949648], [25.0, 25.0, 25.0, 25.0, 20.8544411731307, 24.29157277053749, 24.878938121396065], [20.8544411731307, 20.146013943668194, 20.024952065064255, 20.004264014349108, 20.00072866988454, 20.000124521110198, 20.000021279192694, 24.14556246323297, 24.853986677743574, 24.975048041127703, 20.850177176928547, 20.145285276884756, 20.02482754448401, 20.004242735246976, 24.14628386040564, 24.854109956032875, 20.82951028106763, 20.141753547535885, 20.0242240134904, 24.149698425770236, 19.411258036787952], [29.1455588268693, 29.853986056331806, 25.82948910806644, 19.143162122555275], [20.8544411731307, 24.29157277053749, 29.024496948265362, 29.833298005616655, 25.825953763601873, 25.141145780544736, 29.169678980131515, 29.858107906741697, 29.97575231067568, 25.850297528308307, 25.145305843519576, 11.464478319642781]], "episode_crashed": [[false, false, false, false, false, false, false, false, false, false, false, false, false, false, false, true], [false, false, false, false, false, false, false, false, true], [false, true], [false, false, false, false, false, false, false, true], [false, false, true], [false, false, false, false, false, false, false, false, false, false, false, false, false, true], [false, false, false, false, false, false, true], [false, false, false, false, false, false, false, false, false, false, false, false, false, false, false, false, false, false, false, false, true], [false, false, false, true], [false, false, false, false, false, false, false, false, false, false, false, true]], "episode_action": [[0, 4, 2, 2, 0, 3, 4, 2, 1, 2, 0, 4, 0, 2, 1, 4], [2, 2, 3, 0, 3, 3, 1, 3, 2], [0, 1], [1, 4, 4, 2, 1, 4, 1, 0], [4, 4, 0], [2, 3, 1, 3, 4, 2, 0, 2, 0, 4, 2, 2, 2, 0], [0, 0, 0, 2, 4, 3, 1], [4, 0, 1, 0, 2, 4, 2, 3, 2, 1, 4, 2, 2, 2, 3, 2, 4, 2, 4, 3, 4], [3, 2, 4, 2], [4, 3, 3, 1, 4, 0, 3, 0, 3, 4, 2, 4]], "episode_cost": [[0.0, 0.0, 0.0, 0.0, 0.0, 0.0, 0.0, 0.0, 0.0, 0.0, 0.0, 0.0, 0.0, 0.0, 0.0, 1.0], [0.0, 0.0, 0.0, 0.0, 0.0, 0.0, 0.0, 0.0, 1.0], [0.0, 1.0], [0.0, 0.0, 0.0, 0.0, 0.0, 0.0, 0.0, 1.0], [0.0, 0.0, 1.0], [0.0, 0.0, 0.0, 0.0, 0.0, 0.0, 0.0, 0.0, 0.0, 0.0, 0.0, 0.0, 0.0, 1.0], [0.0, 0.0, 0.0, 0.0, 0.0, 0.0, 1.0], [0.0, 0.0, 0.0, 0.0, 0.0, 0.0, 0.0, 0.0, 0.0, 0.0, 0.0, 0.0, 0.0, 0.0, 0.0, 0.0, 0.0, 0.0, 0.0, 0.0, 1.0], [0.0, 0.0, 0.0, 1.0], [0.0, 0.0, 0.0, 0.0, 0.0, 0.0, 0.0, 0.0, 0.0, 0.0, 0.0, 1.0]]}