episode,sim/wall,total steps,steps/sec,score
0,3.78721641096291,500,37.87215932213423,000: 13.5537
1,1.9999756579954022,101,19.99974997049312,000: 0.7828
2,1.99583014982478,500,19.958299978725062,000: 13.8728
3,1.9822816525435003,500,19.822815026472504,000: 14.4416
4,1.981880498924036,500,19.818803490884488,000: 14.4781
MEAN,2.349436874050126,420.2,23.49436555774188,n/a
