{"initial_reset_timestamp": 1618859142.8154597, "timestamps": [1618859146.3675363, 1618859151.6140964, 1618859159.5252848, 1618859169.9997184, 1618859177.012513, 1618859181.4657311, 1618859183.3117237, 1618859186.0721078, 1618859201.6322463, 1618859203.4884367, 1618859209.5768452, 1618859213.993868, 1618859221.8172145, 1618859227.121507, 1618859232.4030602, 1618859235.9584198, 1618859237.7677243, 1618859244.7733743, 1618859249.3007367, 1618859256.2243717, 1618859258.9184883, 1618859264.2454817, 1618859269.4644861, 1618859285.8562129, 1618859290.3687093], "episode_lengths": [4, 6, 9, 12, 8, 5, 2, 3, 18, 2, 7, 5, 9, 6, 6, 4, 2, 8, 5, 8, 3, 6, 6, 19, 5], "episode_rewards": [2.2490035380106432, 4.008879202238498, 6.976975930566896, 9.239209452402527, 5.62689502283773, 3.4183285170577373, 0.977214902049848, 1.9105482353831815, 12.868467887915626, 0.8666666666666667, 4.644014706962745, 2.9385690096767716, 7.909745723757462, 4.9058754347676725, 4.129009890687149, 2.3368725644037998, 0.8666666666666667, 5.51124813736542, 3.1384553026274618, 6.978379986551033, 1.9510989746631404, 3.8941245652323273, 3.823020748870166, 12.538592445837892, 3.462210085774252], "episode_rewards_": [[0.7116739868390409, 0.6927825940533742, 0.8001025126737838, 0.04444444444444443], [0.8666666666666667, 0.7561184312834853, 0.7372270384978186, 0.7339987217350469, 0.8439952757658243, 0.07087306828965656], [0.8222222222222223, 0.7999999999999999, 0.9105482353831814, 0.9294396281688483, 0.9326679449316199, 0.9332196262840239, 0.8227656667532309, 0.8038903846015466, 0.022222222222222216], [0.7116739868390409, 0.7150048162755963, 0.7339987217350469, 0.7112248181604207, 0.7111305423080322, 0.821662667057231, 0.8405513067250978, 0.9543273883956104, 0.9737703821349637, 0.9993151832331512, 0.9998829728716708, 0.06666666666666665], [0.8444444444444444, 0.8444444444444444, 0.8444444444444444, 0.7338962090612631, 0.7150048162755963, 0.7339987217350469, 0.8439952757658243, 0.06666666666666665], [0.8222222222222223, 0.8222222222222223, 0.9327704576054036, 0.8411136150078892, 0.0], [0.9327704576054036, 0.04444444444444443], [0.8666666666666667, 0.9772149020498481, 0.06666666666666665], [0.8222222222222223, 0.7999999999999999, 0.8222222222222223, 0.8444444444444444, 0.7338962090612631, 0.7150048162755963, 0.7117764995128245, 0.6890025959381983, 0.6889083200858099, 0.6666699872296054, 0.6888894563340274, 0.6666667636363646, 0.6666666832376471, 0.6666666694984523, 0.7772149025337668, 0.9066545303013922, 0.9287742397812665, 0.0727873256005247], [0.8444444444444444, 0.022222222222222216], [0.7999999999999999, 0.6894517646168187, 0.6705603718311518, 0.7778802904515616, 0.7962200018848242, 0.9099022781783889, 0.0], [0.7116739868390409, 0.7150048162755963, 0.7117764995128245, 0.7334470403826429, 0.06666666666666665], [0.9772149020498481, 0.9961062948355148, 0.9993346115982865, 0.9998862929506904, 0.9999805688030788, 0.9999966794370615, 0.8894511971716801, 0.9811085102446353, 0.06666666666666665], [0.8666666666666667, 0.9772149020498481, 0.9961062948355148, 0.9993346115982865, 0.9998862929506904, 0.06666666666666665], [0.7116739868390409, 0.6927825940533742, 0.8001025126737838, 0.928990459490228, 0.9732381154085, 0.022222222222222216], [0.7338962090612631, 0.7372270384978186, 0.7339987217350469, 0.131750595109671], [0.8444444444444444, 0.022222222222222216], [0.7561184312834853, 0.7372270384978186, 0.7339987217350469, 0.7112248181604207, 0.8216787776912134, 0.8405540598428979, 0.8437796234878695, 0.06666666666666665], [0.8666666666666667, 0.7561184312834853, 0.7372270384978186, 0.7339987217350469, 0.04444444444444443], [0.9772149020498481, 0.9961062948355148, 0.9771123893760643, 0.9776640707284683, 0.9777583465808567, 0.9777744572148391, 0.9777772103326393, 0.11697231543280247], [0.9549926798276257, 0.9738840726132926, 0.022222222222222216], [0.8666666666666667, 0.7561184312834853, 0.7372270384978186, 0.7339987217350469, 0.7334470403826429, 0.06666666666666665], [0.7338962090612631, 0.6927825940533742, 0.7117764995128245, 0.821773053543602, 0.8405701704768803, 0.022222222222222216], [0.7561184312834853, 0.7150048162755963, 0.7117764995128245, 0.7334470403826429, 0.7333527645302546, 0.7111144316740498, 0.6888894563340274, 0.6888889858585868, 0.6888889054598694, 0.7111111139428967, 0.71111111159503, 0.6888888889715848, 0.6666666666807984, 0.6666666666690816, 0.6666666666670794, 0.6666666666667371, 0.6666666666666786, 0.6666666666666687, 0.0], [0.7999999999999999, 0.7999999999999999, 0.9105482353831814, 0.9294396281688483, 0.022222222222222216]], "episode_seeds": [192969414298427055, 16422076523357937765, 6011462553511012653, 497528232173572831, 9181811706395459957, 5424561439850589948, 17247972056319333579, 5975372115495588300, 16950842547505580953, 9402357050481420751, 6034460414771620524, 17840064826421937214, 14064821785417674263, 11867098538255397068, 6855448756580215023, 10163026605918324201, 13053772554266713055, 14107105874107730337, 7228727050610289765, 8465461733686379911, 15937679343858307523, 15908298277099680332, 8666669113715435407, 17727743179833862173, 10006170729287356352], "episode_types": ["t", "t", "t", "t", "t", "t", "t", "t", "t", "t", "t", "t", "t", "t", "t", "t", "t", "t", "t", "t", "t", "t", "t", "t", "t"],