episode,sim/wall,total steps,steps/sec,score
0,4.162303792215071,500,41.6230313132754,000: 13.5793
1,2.8990934250506646,500,28.990931845890675,000: 14.1825
2,3.41765623586307,463,34.176557546850454,000: 10.8502
3,3.3285156675089755,209,33.28514782815254,000: 0.2997
4,3.3362249204755603,378,33.36224358847428,000: 9.4365
MEAN,3.4287588082226685,410.0,34.28758242452867,n/a
