{"initial_reset_timestamp": 1618055953.7525835, "timestamps": [1618055965.409433, 1618055985.1687708, 1618055993.5289495, 1618056014.229215, 1618056022.490434, 1618056030.7505665, 1618056034.9534438, 1618056040.0868082, 1618056054.1847365, 1618056060.0025654], "episode_lengths": [14, 24, 10, 25, 10, 10, 5, 6, 17, 7], "episode_rewards": [13.000726072700196, 16.84012500676246, 7.003203487012028, 20.314867673068157, 7.116232983435542, 6.964341481390655, 3.0045590935661988, 3.560145274694201, 13.82654236370582, 4.271925094769964], "episode_rewards_": [[0.9772149020498481, 0.9961062948355148, 0.888786376215105, 0.9809949001650234, 0.9967522520403075, 0.9994449980846575, 0.9776829344802507, 0.9999837923963195, 0.9999972303112195, 0.9999995266927738, 0.9999999191173637, 0.9999999861781093, 0.9999999976380015, 0.18376296249570187], [0.6894517646168187, 0.6705603718311518, 0.7778802904515616, 0.8184422241070465, 0.7110280296342483, 0.692672207567003, 0.6895354135388199, 0.6889993723449579, 0.688907769211652, 0.688892115313915, 0.6666672180247436, 0.6666667608872752, 0.6666666827678602, 0.6666666694181712, 0.6666666671368664, 0.6888888889692405, 0.68888888890262, 0.6888888888912353, 0.7111111111115122, 0.7333333333334019, 0.8438815687165263, 0.9733211968853649, 0.9954409064338018, 0.06666666666666665], [0.7561184312834853, 0.7150048162755963, 0.7117764995128245, 0.7112248181604207, 0.6889083200858099, 0.7994404448350089, 0.7077808491196942, 0.8026655380045398, 0.9294284503643029, 0.18085531937034557], [0.6894517646168187, 0.7811086072143331, 0.9073199186204097, 0.8183397114332629, 0.8031340409103832, 0.6899873353352403, 0.6706518945657404, 0.6673476952269222, 0.6667830464350587, 0.7772347899830149, 0.796109693449304, 0.9098834277645785, 0.9293260203685391, 0.9548707529174075, 0.9554385308416551, 0.9555355574087895, 0.9777743603297813, 0.9777771937761227, 0.977777677978766, 0.9555555385010787, 0.9777777748633684, 0.8672295418965582, 0.7377899141406394, 0.8262184400459471, 0.04444444444444443], [0.8222222222222223, 0.9327704576054036, 0.8411136150078892, 0.8032283167627717, 0.8227739035746263, 0.8223164980746107, 0.7116900974730235, 0.6927853471711741, 0.6673325255438206, 0.0], [0.7999999999999999, 0.7999999999999999, 0.6894517646168187, 0.6705603718311518, 0.6895542772906024, 0.6667803737159762, 0.6889083200858099, 0.7994404448350089, 0.928877319886057, 0.2307686091292298], [0.8222222222222223, 0.7116739868390409, 0.6705603718311518, 0.7778802904515616, 0.022222222222222216], [0.6894517646168187, 0.6705603718311518, 0.7778802904515616, 0.6856717665016432, 0.6921366368485815, 0.04444444444444443], [0.8666666666666667, 0.8666666666666667, 0.9772149020498481, 0.8855580594523337, 0.8698949834294383, 0.8672183480190707, 0.756212707135874, 0.7372431491318011, 0.8445497102360281, 0.8628871390269316, 0.976569025243773, 0.9959959220883388, 0.9770935279721485, 0.8671126121532692, 0.7377699322232335, 0.6934445677659536, 0.04444444444444443], [0.7338962090612631, 0.7372270384978186, 0.7117764995128245, 0.6890025959381983, 0.7111305423080322, 0.6888922094518275, 0.0]], "episode_seeds": [12657446770505478351, 6660520281372870085, 14285896976330554009, 12402698060991827848, 15945064060420684255, 17881652888210258071, 9494919459224481559, 1631139678690864088, 9749602875908245693, 12945332099788925903], "episode_types": ["t", "t", "t", "t", "t", "t", "t", "t", "t", "t"], "episode_speed": [[29.1455588268693, 29.853986056331806, 25.82948910806644, 29.28730875618838, 29.878209451511527, 29.979187428174654, 29.996443376342732, 29.99939221486198, 29.999896136670728, 29.999982250979016, 29.99999696690114, 29.999999481679094, 29.999999911425057, 24.39111109358882], [20.8544411731307, 20.146013943668194, 24.17051089193356, 24.85825007068091, 20.830217777950978, 20.141874450429277, 20.02424467437241, 20.00414312960259, 20.000708012103615, 20.00012099093848, 20.000020675927885, 20.000003533272817, 20.000000603794756, 20.00000010318142, 20.000000017632487, 20.000000003013184, 20.000000000514916, 20.000000000087994, 20.00000000001504, 20.000000000002572, 24.145558826869735, 28.99954488320118, 29.829033991267565, 15.000764842908506], [20.8544411731307, 20.146013943668194, 20.024952065064255, 20.004264014349108, 20.00072866988454, 24.145683347979496, 20.7084485086552, 24.26662434183691, 29.020233555328026, 25.948741143054626], [20.8544411731307, 24.29157277053749, 29.024496948265362, 25.687739178747357, 25.11752653413937, 20.874525075071507, 20.14944604621526, 20.025538571009584, 20.0043642413147, 24.146304624363054, 24.854113504348902, 29.12062854117169, 29.849725763820217, 29.97431990106945, 29.995611573228732, 29.99925006949627, 29.999871845700127, 29.999978099937934, 29.999996257537056, 29.999999360457114, 29.999999890709645, 25.854441154454268, 21.000455113607313, 24.31652483505635, 12.383982755229527], [25.0, 29.1455588268693, 25.70842722946251, 25.121061878603935, 25.02068805071515, 25.003535344464566, 20.85504532190505, 20.146117185585695, 20.024969707893277, 13.226302699243991], [25.0, 25.0, 20.8544411731307, 20.146013943668194, 20.024952065064255, 20.004264014349108, 20.00072866988454, 24.145683347979496, 28.999566162393805, 27.820489509012784], [25.0, 20.8544411731307, 20.146013943668194, 24.17051089193356, 18.798566272506456], [20.8544411731307, 20.146013943668194, 24.17051089193356, 20.71269124381162, 20.121790548488473, 13.248475308652624], [25.0, 25.0, 29.1455588268693, 25.70842722946251, 25.121061878603935, 25.02068805071515, 20.857976517595272, 20.14661809244254, 24.170614133851053, 24.858267713509935, 29.121338446641484, 29.849847078312703, 29.9743406322889, 25.85005628908093, 20.99970579170459, 20.170837957889926, 12.38029134073535], [20.8544411731307, 20.146013943668194, 20.024952065064255, 20.004264014349108, 20.00072866988454, 20.000124521110198, 13.220612988032656]], "episode_crashed": [[false, false, false, false, false, false, false, false, false, false, false, false, false, true], [false, false, false, false, false, false, false, false, false, false, false, false, false, false, false, false, false, false, false, false, false, false, false, true], [false, false, false, false, false, false, false, false, false, true], [false, false, false, false, false, false, false, false, false, false, false, false, false, false, false, false, false, false, false, false, false, false, false, false, true], [false, false, false, false, false, false, false, false, false, true], [false, false, false, false, false, false, false, false, false, true], [false, false, false, false, true], [false, false, false, false, false, true], [false, false, false, false, false, false, false, false, false, false, false, false, false, false, false, false, true], [false, false, false, false, false, false, true]], "episode_action": [[3, 3, 4, 3, 1, 2, 0, 2, 2, 3, 1, 2, 3, 1], [4, 4, 3, 2, 4, 4, 1, 4, 4, 4, 0, 4, 4, 4, 1, 2, 1, 1, 2, 2, 3, 3, 3, 2], [4, 0, 1, 4, 0, 3, 4, 3, 3, 3], [4, 3, 3, 4, 0, 4, 4, 0, 4, 3, 1, 3, 0, 2, 3, 3, 2, 1, 3, 0, 2, 4, 4, 3, 3], [2, 3, 4, 0, 2, 1, 4, 4, 0, 4], [0, 1, 4, 0, 2, 0, 2, 3, 3, 1], [1, 4, 0, 3, 2], [4, 0, 3, 4, 2, 2], [2, 2, 3, 4, 1, 1, 4, 1, 3, 2, 3, 1, 0, 4, 4, 0, 2], [4, 2, 0, 0, 2, 0, 0]], "episode_cost": [[0.0, 0.0, 0.0, 0.0, 0.0, 0.0, 0.0, 0.0, 0.0, 0.0, 0.0, 0.0, 0.0, 1.0], [0.0, 0.0, 0.0, 0.0, 0.0, 0.0, 0.0, 0.0, 0.0, 0.0, 0.0, 0.0, 0.0, 0.0, 0.0, 0.0, 0.0, 0.0, 0.0, 0.0, 0.0, 0.0, 0.0, 1.0], [0.0, 0.0, 0.0, 0.0, 0.0, 0.0, 0.0, 0.0, 0.0, 1.0], [0.0, 0.0, 0.0, 0.0, 0.0, 0.0, 0.0, 0.0, 0.0, 0.0, 0.0, 0.0, 0.0, 0.0, 0.0, 0.0, 0.0, 0.0, 0.0, 0.0, 0.0, 0.0, 0.0, 0.0, 1.0], [0.0, 0.0, 0.0, 0.0, 0.0, 0.0, 0.0, 0.0, 0.0, 1.0], [0.0, 0.0, 0.0, 0.0, 0.0, 0.0, 0.0, 0.0, 0.0, 1.0], [0.0, 0.0, 0.0, 0.0, 1.0], [0.0, 0.0, 0.0, 0.0, 0.0, 1.0], [0.0, 0.0, 0.0, 0.0, 0.0, 0.0, 0.0, 0.0, 0.0, 0.0, 0.0, 0.0, 0.0, 0.0, 0.0, 0.0, 1.0], [0.0, 0.0, 0.0, 0.0, 0.0, 0.0, 1.0]]}