episode,sim/wall,total steps,steps/sec,score
0,0.38672672015803267,353,3.8672671409730186,"013: -4.4363, 012: 10.4240, 010: 9.6612, 007: 9.9286, 014: 10.1966, 008: 9.6028, 005: 0.4644, 003: 9.1045, 006: 0.1031, 004: 10.5074, 000: 0.1400, 009: 10.2098, 001: 10.1339, 011: 8.8660, 002: -1.4400"
1,0.2782550977435677,458,2.7825509532525685,"013: 0.9436, 012: 13.1592, 010: 12.2666, 007: -1.2470, 014: -1.7634, 008: 12.8883, 005: 13.3338, 003: 12.7997, 006: 11.8071, 004: 13.4389, 000: -4.5337, 009: 12.3934, 001: 11.9968, 011: -10.0183, 002: -0.8780"
2,0.18885750144425117,197,1.8885749885428793,"013: 5.9432, 012: 5.0411, 010: 4.6495, 007: 5.7204, 014: 4.8760, 008: 3.4149, 005: -1.6775, 003: 0.2374, 006: 5.4761, 004: 5.3811, 000: 0.2142, 009: 3.6807, 001: -18.1895, 011: 5.6173, 002: -0.1827"
3,0.2064468609076583,309,2.0644685860570653,"013: 8.9566, 012: -3.9992, 010: 9.1307, 007: 6.2299, 014: -1.5999, 008: -6.2635, 005: -10.7807, 003: 8.7787, 006: 8.9686, 004: 8.7794, 000: 8.9813, 009: 8.9004, 001: -1.7223, 011: 2.6362, 002: 9.0464"
4,0.19809624246939575,500,1.9809624097242762,"013: 14.3121, 012: -11.6399, 010: 13.3381, 007: 14.3132, 014: 14.2458, 008: 14.3558, 005: -14.2378, 003: 14.4298, 006: -0.0862, 004: 3.2979, 000: 14.4867, 009: 13.9119, 001: 1.5159, 011: 13.7466, 002: 3.7757"
5,0.19503107133598888,500,1.9503106988498795,"013: -4.1429, 012: 14.4055, 010: 13.7044, 007: 3.1733, 014: 14.3867, 008: 14.1475, 005: -123.0511, 003: -3.9717, 006: -14.6061, 004: 14.2025, 000: 14.1526, 009: 13.7796, 001: -1.6025, 011: 14.3218, 002: 13.8407"
6,0.1779253536488253,115,1.7792534905456117,"013: 3.3775, 012: 0.5976, 010: 0.9273, 007: -0.8411, 014: 3.3695, 008: -3.7953, 005: 3.3801, 003: 3.5006, 006: 0.4955, 004: 3.4121, 000: 3.5357, 009: 2.5095, 001: 3.1137, 011: -7.8985, 002: -2.9617"
7,0.17843633019491087,269,1.7843632765512627,"013: 0.7058, 012: 7.7242, 010: 7.9597, 007: 7.9428, 014: 2.2793, 008: 7.5611, 005: 1.8294, 003: 8.0676, 006: 0.7652, 004: 3.1632, 000: 8.0098, 009: 7.5889, 001: -1.9687, 011: 1.6714, 002: 5.4603"
MEAN,0.22622189723782882,337.625,2.26221894306207,n/a
