episode,sim/wall,total steps,steps/sec,score
0,3.895695293778316,500,38.95694859576881,000: 13.5079
1,1.796861037213643,99,17.968604151658973,000: 0.9950
2,3.0143549940461822,500,30.1435464743001,000: 11.5570
3,2.9564872428433735,500,29.564869510871645,000: 14.2280
4,2.940986078041634,500,29.4098574809328,000: 14.3237
5,3.031174855311639,500,30.311745048164937,000: 11.6264
MEAN,2.9392599168724645,433.1666666666667,29.392595210282877,n/a
