{"initial_reset_timestamp": 1618599159.1206813, "timestamps": [1618599174.9664493, 1618599206.1174293], "episode_lengths": [8, 17], "episode_rewards": [5.271362219042034, 11.671143363143132], "episode_rewards_": [[0.8666666666666667, 0.7561184312834853, 0.7372270384978186, 0.7117764995128245, 0.6890025959381983, 0.6889083200858099, 0.7994404448350089, 0.022222222222222216], [0.7116739868390409, 0.7150048162755963, 0.6895542772906024, 0.6890025959381983, 0.7994565554689913, 0.7077836022374943, 0.6921177730967991, 0.6894406672109908, 0.6667609590900357, 0.6666827801324349, 0.6888916424906076, 0.7994375948302067, 0.707780362087405, 0.8026654547764517, 0.8411024229806427, 0.7333250969132314, 0.07046277548440116]], "episode_seeds": [11477407630222845445, 14256142213603457010], "episode_types": ["t", "t", "t"], "episode_speed": [[25.0, 20.8544411731307, 20.146013943668194, 20.024952065064255, 20.004264014349108, 20.00072866988454, 24.145683347979496, 10.348402556633426], [20.8544411731307, 20.146013943668194, 20.024952065064255, 20.004264014349108, 24.14628749675384, 20.708551750572703, 20.121083157796633, 20.020691687078823, 20.00353596587634, 20.000604254966305, 20.000103260064453, 24.14557647279942, 20.708430244944353, 24.266621220783602, 24.874674195107435, 20.833024467579513, 20.142354080665044]], "episode_crashed": [[false, false, false, false, false, false, false, true], [false, false, false, false, false, false, false, false, false, false, false, false, false, false, false, false, true]], "episode_action": [[[2, 1, 0], [4, 3, 1], [4, 1, 0], [0, 4, 0], [0, 3, 4], [4, 3, 2], [3, 1, 2], [3, 4, 0]], [[4, 2, 2], [2, 2, 1], [0, 4, 3], [1, 2, 3], [3, 4, 0], [4, 3, 3], [1, 2, 1], [4, 0, 3], [0, 3, 2], [4, 0, 2], [2, 1, 4], [3, 1, 3], [4, 0, 3], [3, 2, 1], [2, 2, 3], [4, 2, 2], [2, 4, 0]]], "episode_cost": [[0.0, 0.0, 0.0, 0.0, 0.0, 0.0, 0.0, 1.0], [0.0, 0.0, 0.0, 0.0, 0.0, 0.0, 0.0, 0.0, 0.0, 0.0, 0.0, 0.0, 0.0, 0.0, 0.0, 0.0, 1.0]]}