episode,sim/wall,total steps,steps/sec,score
0,0.26718796595797567,367,2.6718796363909805,"002: 1.2976, 005: 0.7196, 011: 6.7023, 006: 10.2572, 013: -1.5381, 012: 10.8652, 000: 2.3768, 014: 9.6575, 009: 10.6622, 003: 5.2247, 001: 10.8850, 010: 10.4947, 007: 2.2404, 004: 10.8033, 008: 10.6579"
1,0.24393154617835386,186,2.439315408393391,"002: -0.8849, 005: -25.3020, 011: -0.8028, 006: 5.5610, 013: 3.3803, 012: 3.6980, 000: 1.0773, 014: -1.7702, 009: 5.4973, 003: 4.9292, 001: 5.4711, 010: 5.6148, 007: -0.5867, 004: 5.5242, 008: 5.2897"
2,0.22208719613380518,297,2.22087193758158,"002: -0.2835, 005: 8.5688, 011: 8.4683, 006: 8.2178, 013: 8.5672, 012: 7.8962, 000: 8.3221, 014: 3.4059, 009: 3.9761, 003: 0.5724, 001: 1.4940, 010: -10.3235, 007: 8.5667, 004: 8.7094, 008: -0.5108"
3,0.2263273964222073,500,2.2632739471241887,"002: 14.3236, 005: -10.7407, 011: 14.2399, 006: 14.0280, 013: 13.9946, 012: -3.9897, 000: 14.4247, 014: -20.1554, 009: 0.1935, 003: 14.3220, 001: -5.1352, 010: 14.2890, 007: 14.1885, 004: 13.5322, 008: -6.2749"
4,0.22059734311327778,278,2.205973397745129,"002: 8.0623, 005: -1.7643, 011: 8.1213, 006: 1.0549, 013: 7.7802, 012: -33.3316, 000: 8.1160, 014: 2.5781, 009: 7.9461, 003: -1.0143, 001: 1.2658, 010: 7.9121, 007: 7.6679, 004: -0.9825, 008: 8.1614"
5,0.18971971578731783,500,1.8971971458590282,"002: 0.9563, 005: 14.0551, 011: 14.7676, 006: 14.3375, 013: -7.5633, 012: 14.4498, 000: 14.2375, 014: 14.6406, 009: 14.2330, 003: -7.4064, 001: 13.5586, 010: 13.7537, 007: 13.9927, 004: 14.2763, 008: 14.0831"
6,0.20821053859877,190,2.0821053370284894,"002: -2.6470, 005: 5.5587, 011: -42.5387, 006: -2.1977, 013: 3.3724, 012: -6.1085, 000: 5.7789, 014: 5.8011, 009: 4.8857, 003: 5.7276, 001: 5.3635, 010: 5.3718, 007: -0.8340, 004: 5.4545, 008: -2.7300"
7,0.20830814182762947,500,2.0830814058616633,"002: 14.0441, 005: 2.9131, 011: 13.5282, 006: 4.2533, 013: 6.7438, 012: 13.3030, 000: 13.8635, 014: 2.5180, 009: 13.9344, 003: 14.5939, 001: -5.0781, 010: 14.4032, 007: 4.1208, 004: 14.0160, 008: 14.1029"
MEAN,0.22329623050241715,352.25,2.232962276998056,n/a
