episode,sim/wall,total steps,steps/sec,score
0,0.32208042330499986,466,3.2208041905906994,"006: 13.0684, 014: 12.1402, 004: 6.9782, 013: -1.6776, 010: 13.8194, 003: 13.1409, 001: 12.7547, 007: 4.9472, 008: 6.7187, 011: 12.9653, 005: 0.5920, 002: 0.6608, 000: 5.2039, 009: 4.3009, 012: 13.4345"
1,0.21631194678453464,206,2.163119435352696,"006: 4.3683, 014: -1.7644, 004: 6.2337, 013: 5.6143, 010: 6.0300, 003: 5.4626, 001: 6.2576, 007: -40.9405, 008: 1.2570, 011: -2.2635, 005: 5.6377, 002: -0.8824, 000: 2.2234, 009: -4.9112, 012: 5.2523"
2,0.2013101139562078,211,2.0131011120869275,"006: 5.6133, 014: 4.4600, 004: 6.1588, 013: 0.0907, 010: 5.1524, 003: 0.9889, 001: 1.4125, 007: 6.1909, 008: -0.2769, 011: -1.8878, 005: -5.6022, 002: -0.0964, 000: 6.0518, 009: 6.0509, 012: 5.3659"
3,0.21736633697698102,198,2.17366333563396,"006: 5.7614, 014: 0.5337, 004: 5.5997, 013: -95.4574, 010: -1.1298, 003: 5.8064, 001: -1.6153, 007: 5.5656, 008: -6.6719, 011: 5.2959, 005: -10.7290, 002: 5.9200, 000: 5.9472, 009: -27.9310, 012: -4.0336"
4,0.2111781483904318,332,2.1117814646888386,"006: 1.0544, 014: 2.3327, 004: -1.5574, 013: 8.9883, 010: 5.2394, 003: 8.7806, 001: 9.6329, 007: 9.2279, 008: 9.6807, 011: 9.6459, 005: 6.6960, 002: 3.5176, 000: 9.7587, 009: 9.7003, 012: 3.2914"
5,0.1772027579307291,159,1.772027546347689,"006: -1.3752, 014: 4.8620, 004: 4.6017, 013: -1.4544, 010: 4.7385, 003: -2.8385, 001: 2.4068, 007: 4.2054, 008: 4.6638, 011: -5.4570, 005: 2.4626, 002: 1.5575, 000: 4.7185, 009: 3.9101, 012: 4.4113"
MEAN,0.22424162122398072,262.0,2.242416180783468,n/a
