episode,sim/wall,total steps,steps/sec,score
0,2.2729224084867132,500,22.729219158018573,000: 11.3638
1,0.43218449729730646,500,4.3218448037490305,000: 11.5515
2,0.4097540266986962,500,4.097540146896699,000: 11.2418
3,0.4018238914947961,500,4.018238753266257,000: 11.1101
MEAN,0.8791712059943779,500.0,8.79171071548264,n/a
