episode,sim/wall,total steps,steps/sec,score
0,2.364660003619686,500,23.646595770132464,000: 11.3638
1,0.12078149512345358,500,1.207814928974756,000: 11.5886
2,0.11043099762093844,500,1.104309967486837,000: 11.3843
3,0.10958359756637748,500,1.0958359619210631,000: 11.1101
MEAN,0.6763640234826138,500.0,6.763639157128781,n/a
