episode,sim/wall,total steps,steps/sec,score
0,1.5217321928913858,500,15.217319941359587,"000: 11.2558, 001: 11.6969"
1,0.24308104341613387,500,2.430810394715581,"000: 10.6581, 001: 11.1419"
MEAN,0.8824066181537599,500.0,8.824065168037585,n/a
