{"initial_reset_timestamp": 1618393732.4276927, "timestamps": [1618393736.7087045, 1618393738.216008, 1618393741.5716658, 1618393744.1450179, 1618393746.4318676, 1618393750.7394226, 1618393752.0580544, 1618393754.1891692, 1618393758.3580296, 1618393759.7120042, 1618393760.6935608, 1618393762.774716, 1618393767.3992543, 1618393769.587545, 1618393773.2117286, 1618393776.8253224, 1618393781.0601542, 1618393785.3629446, 1618393786.804883, 1618393792.0603304], "episode_lengths": [13, 4, 13, 13, 7, 13, 6, 9, 13, 6, 6, 10, 13, 9, 13, 12, 13, 13, 5, 13], "episode_rewards": [0.0, -1.0, 6.0, -1.0, -1.0, 0.0, 0.0, -1.0, 2.0, 1.0, -1.0, -3.0, 0.0, -2.0, 2.0, 7.0, 4.0, 1.0, -1.0, 4.0], "episode_rewards_": [[0.0, 0.0, 0.0, 0.0, 0.0, 0.0, 0.0, 0.0, 0.0, 0.0, 0.0, 0.0, 0.0], [1.0, 1.0, 1.0, -4.0], [1.0, 1.0, 1.0, 1.0, 0.0, 0.0, 1.0, 0.0, 0.0, 0.0, 0.0, 0.0, 1.0], [1.0, 0.0, 0.0, 0.0, 0.0, 0.0, 0.0, 1.0, 0.0, 0.0, 0.0, 1.0, -4.0], [1.0, 1.0, 1.0, 0.0, 0.0, 1.0, -5.0], [0.0, 0.0, 0.0, 0.0, 0.0, 0.0, 0.0, 0.0, 0.0, 0.0, 0.0, 0.0, 0.0], [1.0, 0.0, 1.0, 1.0, 1.0, -4.0], [0.0, 1.0, 0.0, 0.0, 0.0, 0.0, 1.0, 1.0, -4.0], [1.0, 1.0, 0.0, 0.0, 0.0, 0.0, 0.0, 0.0, 0.0, 0.0, 0.0, 0.0, 0.0], [1.0, 1.0, 1.0, 1.0, 1.0, -4.0], [1.0, 1.0, 1.0, 1.0, 0.0, -5.0], [1.0, 1.0, 0.0, 0.0, 0.0, 0.0, 0.0, 0.0, 0.0, -5.0], [0.0, 0.0, 0.0, 0.0, 0.0, 0.0, 0.0, 0.0, 0.0, 0.0, 0.0, 0.0, 0.0], [1.0, 0.0, 0.0, 0.0, 1.0, 1.0, 0.0, 0.0, -5.0], [0.0, 1.0, 0.0, 0.0, 0.0, 0.0, 0.0, 0.0, 0.0, 0.0, 0.0, 1.0, 0.0], [0.0, 1.0, 1.0, 1.0, 0.0, 0.0, 1.0, 1.0, 1.0, 0.0, 0.0, 1.0], [1.0, 1.0, 0.0, 0.0, 0.0, 0.0, 0.0, 0.0, 0.0, 0.0, 0.0, 1.0, 1.0], [0.0, 0.0, 0.0, 0.0, 0.0, 1.0, 0.0, 0.0, 0.0, 0.0, 0.0, 0.0, 0.0], [1.0, 1.0, 0.0, 1.0, -4.0], [0.0, 1.0, 1.0, 0.0, 0.0, 0.0, 0.0, 0.0, 0.0, 0.0, 1.0, 1.0, 0.0]], "episode_seeds": [11734588337975513063, 16032396625071559502, 7387241576013181658, 5070533866657117848, 6186175755257574076, 10051140235198833471, 14943365930369943752, 2804455682275874060, 2106725980016232716, 2034730801136173044, 6238126342837151193, 10034032057464305903, 2118521285176435871, 8237582683052141483, 11089339090062767526, 12831874001270585659, 6475945344361792322, 17339814462556516711, 9102903351572833208, 4135351756900360211], "episode_types": ["t", "t", "t", "t", "t", "t", "t", "t", "t", "t", "t", "t", "t", "t", "t", "t", "t", "t", "t", "t"], "episode_speed": [[5.439885290443771, 4.660615338035013, 0.796444327388315, 3.867105909267762, 4.391845846129452, 4.481517727577578, 0.7658386529114838, 0.1308728154045048, 0.02236462438502855, 0.0038218511792342557, 0.0006531094010231741, 0.00011160871255858606, 3.7310220167982275], [9.17088823462614, 9.029202788733636, 9.00499041301285, 7.840940215163978], [9.17088823462614, 9.029202788733636, 9.00499041301285, 9.000852802869822, 5.269142789794539, 4.6314374535234135, 8.253464058578741, 5.141422846703189, 4.609611617921981, 0.7877283916988331, 0.13461351422230228, 3.7540068099846393, 8.103521484897522], [9.17088823462614, 5.29819984455127, 4.636402962314226, 0.7923067172452849, 0.13539589619247916, 0.02313756567595689, 3.7349568819342798, 8.10026607632324, 5.115243113967258, 0.8741348654293843, 3.8803823081607556, 8.125117570680835, 8.24301753045563], [9.17088823462614, 9.029202788733636, 9.00499041301285, 5.2698498586874525, 4.631558283278283, 8.253484706962242, 3.1182279687078402], [5.439885290443771, 0.9296123938526437, 0.15885982087205838, 0.027147274341850918, 0.004639149787190416, 0.0007927761172992043, 0.00013547611113902684, 2.3151273466563063e-05, 3.7310069004626216, 4.368588126780374, 0.7465403127942147, 0.1275749561306498, 3.7528040032180434], [9.17088823462614, 5.29819984455127, 8.367405906496595, 8.89189711212628, 8.981526488333271, 3.9269673607626205], [5.439885290443771, 8.391618282217381, 5.16503177808694, 4.613646106527559, 4.5194207825166295, 4.503318783239325, 8.231570085191244, 8.868684368424416, 4.175158809909293], [9.17088823462614, 9.029202788733636, 5.273987468830482, 4.632265352171195, 0.7915996483523712, 0.1352750664376101, 0.023116917292457014, 0.0039504091861064725, 0.0006750784518646225, 0.0001153629648732931, 1.9714173408434484e-05, 3.368920290880966e-06, 5.75708841104831e-07], [9.17088823462614, 9.029202788733636, 9.00499041301285, 9.000852802869822, 9.000145733976908, 4.514546993657595], [9.17088823462614, 9.029202788733636, 9.00499041301285, 9.000852802869822, 5.269142789794539, 1.6979035602571833], [9.17088823462614, 9.029202788733636, 5.273987468830482, 4.632265352171195, 0.7915996483523712, 0.1352750664376101, 3.754119861474826, 4.372537859884733, 0.7472152757116631, 0.14781748278741777], [5.439885290443771, 0.9296123938526437, 0.15885982087205838, 0.027147274341850918, 3.7356420939695596, 0.6383772826335556, 0.10909116685468084, 0.018642396917102108, 0.003185766298363378, 0.0005444099786587711, 9.303326016585204e-05, 3.7310188424719604, 4.368590167529267], [9.17088823462614, 5.29819984455127, 0.9054000181318569, 3.8857251549113974, 8.126030600329933, 8.850648912173114, 5.243474712079401, 0.8960481368540574, 0.24942299806020665], [5.439885290443771, 8.391618282217381, 5.16503177808694, 0.8826431623451909, 3.8818362760003726, 4.394363092495783, 4.48194789536524, 0.7659121635253102, 3.8618883216858975, 4.39095422179858, 4.481365359469725, 8.227818503359257, 5.137040323045724], [5.439885290443771, 8.391618282217381, 8.896034722269311, 8.982233557226186, 5.265960979776427, 4.630893719626503, 8.253371140852991, 8.872409912339439, 8.97819635516389, 5.265271069443172, 4.630775822067601, 0.7913451051825455], [9.17088823462614, 9.029202788733636, 5.273987468830482, 0.9012624079888264, 0.15401514183611464, 0.026319375694068215, 0.004497671648821459, 0.0007685991679951405, 0.00013134455495380972, 3.731025389421493, 4.368591286325914, 8.208546741088114, 8.864749949795442], [5.439885290443771, 0.9296123938526437, 0.15885982087205838, 3.7581502185242197, 4.373226600485816, 8.209338861741834, 5.133882369713199, 4.608323039120923, 0.7875081887423436, 0.1345758841278083, 0.02299743526185315, 0.00392999111282703, 0.0006715892433674313], [9.17088823462614, 9.029202788733636, 5.273987468830482, 8.363268296353564, 7.1913722071313595], [5.439885290443771, 8.391618282217381, 8.896034722269311, 5.251230613043818, 4.628376473260172, 4.5219380288829605, 4.503748951026987, 4.500640651622701, 4.500109479824814, 4.5000187088139905, 8.231006141298565, 8.868587997048168, 5.246540290624506]], "episode_crashed": [[false, false, false, false, false, false, false, false, false, false, false, false, false], [false, false, false, true], [false, false, false, false, false, false, false, false, false, false, false, false, false], [false, false, false, false, false, false, false, false, false, false, false, false, true], [false, false, false, false, false, false, true], [false, false, false, false, false, false, false, false, false, false, false, false, false], [false, false, false, false, false, true], [false, false, false, false, false, false, false, false, true], [false, false, false, false, false, false, false, false, false, false, false, false, false], [false, false, false, false, false, true], [false, false, false, false, false, true], [false, false, false, false, false, false, false, false, false, true], [false, false, false, false, false, false, false, false, false, false, false, false, false], [false, false, false, false, false, false, false, false, true], [false, false, false, false, false, false, false, false, false, false, false, false, false], [false, false, false, false, false, false, false, false, false, false, false, false], [false, false, false, false, false, false, false, false, false, false, false, false, false], [false, false, false, false, false, false, false, false, false, false, false, false, false], [false, false, false, false, true], [false, false, false, false, false, false, false, false, false, false, false, false, false]],