episode,sim/wall,total steps,steps/sec,score
0,1.5022746026843308,500,15.02274419740567,"001: 10.8262, 000: 11.9314"
1,0.3139660920806464,500,3.139660859701157,"001: 3.6469, 000: 11.1884"
MEAN,0.9081203473824886,500.0,9.081202528553414,n/a
