{"initial_reset_timestamp": 1618332171.9371746, "timestamps": [1618332175.4842207, 1618332243.679498], "episode_lengths": [2, 40], "episode_rewards": [1.0216593464942925, 30.60023963929618], "episode_rewards_": [[0.9772149020498481, 0.04444444444444443], [0.8666666666666667, 0.7561184312834853, 0.7372270384978186, 0.7339987217350469, 0.7112248181604207, 0.6889083200858099, 0.6888922094518275, 0.6888894563340274, 0.6888889858585868, 0.7994371408430506, 0.7077802845063413, 0.6921172061355794, 0.7999888057071702, 0.7962005707020351, 0.799350722234684, 0.6893408106857217, 0.6705414111097419, 0.6673288149041713, 0.689002042232257, 0.6889082254639791, 0.7994404286652511, 0.9288773171228356, 0.973218780709075, 0.9547764765948191, 0.8448741847441398, 0.8260931761084102, 0.822883722698152, 0.8223352648707581, 0.7116933044976865, 0.6927858952139573, 0.711777063642329, 0.8217731499466971, 0.7300219515678537, 0.7143427512520604, 0.7116633603897449, 0.7112054840154104, 0.7111272383301234, 0.7333360892853197, 0.8438820396762843, 0.9733212773668464]], "episode_seeds": [4212404004826154691, 1013374793755385495], "episode_types": ["t", "t"], "episode_speed": [[29.1455588268693, 19.63520405843872], [25.0, 20.8544411731307, 20.146013943668194, 20.024952065064255, 20.004264014349108, 20.00072866988454, 20.000124521110198, 20.000021279192694, 20.000003636363672, 24.145559448281066, 20.708427335654466, 20.12106189675089, 24.166246880685552, 24.857521401326313, 24.975652083800647, 20.850280400714567, 20.14530291661532, 20.024830558906427, 20.0042432503763, 20.000725121565882, 24.145682741613584, 28.999566058773002, 29.829037609923645, 29.970784538972385, 25.849448594571907, 25.145160770732048, 25.02480626784737, 25.0042390993201, 20.855165585329914, 20.146137737190063, 20.02497321992067, 24.149826456334473, 20.709156517127848, 20.121186505285596, 20.020709347948767, 20.003538983911223, 20.00060477071296, 20.000103348199488, 24.145576487860662, 28.99954790125674]], "episode_crashed": [[false, true], [false, false, false, false, false, false, false, false, false, false, false, false, false, false, false, false, false, false, false, false, false, false, false, false, false, false, false, false, false, false, false, false, false, false, false, false, false, false, false, false]], "episode_action": [[3, 0], [2, 4, 2, 2, 0, 0, 1, 4, 4, 3, 4, 1, 3, 0, 0, 4, 1, 0, 2, 4, 3, 3, 2, 0, 4, 1, 1, 1, 4, 4, 2, 3, 4, 1, 4, 1, 4, 2, 3, 3]], "episode_cost": [[0.0, 1.0], [0.0, 0.0, 0.0, 0.0, 0.0, 0.0, 0.0, 0.0, 0.0, 0.0, 0.0, 0.0, 0.0, 0.0, 0.0, 0.0, 0.0, 0.0, 0.0, 0.0, 0.0, 0.0, 0.0, 0.0, 0.0, 0.0, 0.0, 0.0, 0.0, 0.0, 0.0, 0.0, 0.0, 0.0, 0.0, 0.0, 0.0, 0.0, 0.0, 0.0]]}