{"initial_reset_timestamp": 1618068901.0384653, "timestamps": [1618068906.8452609, 1618068917.4527597], "episode_lengths": [7, 13], "episode_rewards": [5.044893613123064, 9.444444557985122], "episode_rewards_": [[0.7999999999999999, 0.8222222222222223, 0.9327704576054036, 0.8411136150078892, 0.847672761207216, 0.7344478904136672, 0.06666666666666665], [0.7999999999999999, 0.8222222222222223, 0.7999999999999999, 0.6894517646168187, 0.6927825940533742, 0.8001025126737838, 0.7962200018848242, 0.7993540427952075, 0.8221118357358511, 0.8222033584704397, 0.7999967764067595, 0.7999994491258421, 0.0]], "episode_seeds": [14526466099063138788, 6922113540527679183], "episode_types": ["t", "t"], "episode_speed": [[25.0, 25.0, 29.1455588268693, 25.70842722946251, 25.121061878603935, 20.875129223845853, 11.737550438703598], [25.0, 25.0, 25.0, 20.8544411731307, 20.146013943668194, 24.17051089193356, 24.85825007068091, 24.97577660482028, 24.995860506761083, 24.999292609308153, 24.99987911525348, 24.999979342219078, 10.195718147056992]], "episode_crashed": [[false, false, false, false, false, false, true], [false, false, false, false, false, false, false, false, false, false, false, false, true]], "episode_action": [[1, 2, 3, 4, 2, 4, 2], [0, 2, 0, 4, 2, 3, 0, 1, 2, 1, 0, 0, 1]], "episode_cost": [[0.0, 0.0, 0.0, 0.0, 0.0, 0.0, 1.0], [0.0, 0.0, 0.0, 0.0, 0.0, 0.0, 0.0, 0.0, 0.0, 0.0, 0.0, 0.0, 1.0]]}