{"initial_reset_timestamp": 1618333266.1920197, "timestamps": [1618333271.33906, 1618333274.8216639], "episode_lengths": [3, 2], "episode_rewards": [1.6444444444444444, 0.8222222222222222], "episode_rewards_": [[0.8222222222222223, 0.7999999999999999, 0.022222222222222216], [0.7999999999999999, 0.022222222222222216]], "episode_seeds": [9878068880047346613, 14179355676581512197], "episode_types": ["t", "t"], "episode_speed": [[25.0, 25.0, 10.195724803722253], [25.0, 17.706139917695474]], "episode_crashed": [[false, false, true], [false, true]], "episode_action": [[0, 0, 2], [0, 2]], "episode_cost": [[0.0, 0.0, 1.0], [0.0, 1.0]]}