episode,sim/wall,total steps,steps/sec,score
0,0.3950361438466287,500,3.950361356612942,"005: 1.0357, 013: 0.3312, 006: 14.1888, 001: 13.5282, 002: 1.0283, 011: 13.2562, 009: 14.2543, 004: 14.5386, 010: 14.5846, 014: 14.4227, 007: 5.2713, 000: 5.4605, 008: 13.5024, 012: 4.1574, 003: 13.4410"
1,0.2907874219454409,228,2.9078741575595592,"005: 6.8318, 013: 5.9746, 006: -0.8274, 001: 6.9572, 002: -0.8800, 011: -7.4371, 009: -0.6286, 004: 6.7658, 010: 6.6809, 014: -1.7634, 007: -0.5665, 000: 1.7302, 008: 6.0737, 012: 5.8623, 003: 6.1425"
2,0.27327588672211234,288,2.7327588239450082,"005: 2.8129, 013: 8.4841, 006: 8.2362, 001: 1.4359, 002: -1.6458, 011: 7.7699, 009: 8.2466, 004: 2.6726, 010: 7.8676, 014: 7.9360, 007: 8.4065, 000: 1.1403, 008: -1.2841, 012: 7.3852, 003: -3.2721"
3,0.26557707534843933,500,2.655770729942071,"005: -10.7932, 013: 13.9820, 006: 14.1993, 001: 3.9103, 002: 14.4389, 011: 13.8323, 009: -5.4161, 004: 13.8276, 010: 14.5548, 014: 13.9907, 007: 14.1313, 000: 14.4073, 008: -6.2134, 012: -3.9982, 003: 14.5893"
4,0.231799759092287,500,2.3179975678639715,"005: -1.1423, 013: 1.0911, 006: -1.6716, 001: 14.3806, 002: 14.0023, 011: 13.5197, 009: 14.4455, 004: 14.2692, 010: 13.4507, 014: 13.9476, 007: 14.1380, 000: 7.5090, 008: 14.2528, 012: 13.6450, 003: 13.2494"
5,0.2712576089274329,394,2.712576053654017,"005: 4.1307, 013: -0.5463, 006: 1.8722, 001: 10.7033, 002: 1.8029, 011: 11.2933, 009: 11.1814, 004: 11.4987, 010: 11.2298, 014: 11.5175, 007: 3.2120, 000: 10.7679, 008: 6.3312, 012: 11.3912, 003: -16.3236"
6,0.2894127142875717,370,2.894127099697614,"005: 9.8873, 013: 2.9010, 006: 3.5495, 001: 10.5884, 002: -0.6875, 011: -8.4113, 009: 0.8494, 004: 10.7005, 010: 10.6856, 014: 10.6788, 007: -0.8477, 000: 10.7300, 008: -0.9563, 012: 8.3387, 003: 10.8287"
MEAN,0.28816380145284465,397.14285714285717,2.8816379698964547,n/a
