episode,sim/wall,total steps,steps/sec,score
0,4.136563774552903,500,41.365632034064035,000: 13.5793
1,2.2857286103815455,500,22.8572846090583,000: 14.1825
2,2.3324516633059464,463,23.324514952183648,000: 10.8502
3,2.2590851745202727,226,22.590847976474375,000: -2.0710
MEAN,2.753457305690167,422.25,27.53456989294509,n/a
