episode,sim/wall,total steps,steps/sec,score
0,4.1414436077373065,500,41.41443035242469,000: 13.5793
1,2.8301676978868535,500,28.301673923353878,000: 14.1825
2,3.3418361670049097,463,33.41835821956031,000: 10.8502
3,3.2622121122615977,209,32.62211383862575,000: 0.2997
4,3.2536674492763353,378,32.536669818721485,000: 9.4365
MEAN,3.3658654068334,410.0,33.65864923053722,n/a
