{"initial_reset_timestamp": 1618054758.3966975, "timestamps": [1618054760.1240742, 1618054765.0459034, 1618054770.0304458, 1618054771.6903458, 1618054782.2223153, 1618054788.682068, 1618054792.8267987, 1618054799.4123065, 1618054801.8817647, 1618054806.7924473], "episode_lengths": [2, 6, 6, 2, 13, 8, 5, 8, 3, 6], "episode_rewards": [0.9327704576054037, 4.311111111111111, 3.6496995519848032, 1.0216593464942925, 10.443755623297054, 6.199863541190831, 3.751098974663141, 5.472400427923211, 2.0177656413298073, 4.5332196262840245], "episode_rewards_": [[0.9105482353831814, 0.022222222222222216], [0.8666666666666667, 0.8666666666666667, 0.8666666666666667, 0.8444444444444444, 0.8444444444444444, 0.022222222222222216], [0.7561184312834853, 0.7150048162755963, 0.7117764995128245, 0.7334470403826429, 0.7111305423080322, 0.022222222222222216], [0.9772149020498481, 0.04444444444444443], [0.8222222222222223, 0.8222222222222223, 0.7999999999999999, 0.9105482353831814, 0.9294396281688483, 0.9326679449316199, 0.9332196262840239, 0.9333139021364123, 0.8227817773872134, 0.914441373102528, 0.8195566842176825, 0.8033420072411007, 0.0], [0.8444444444444444, 0.9549926798276257, 0.9738840726132926, 0.9548901671538421, 0.8448936131230647, 0.8260964961897863, 0.800662067838775, 0.0], [0.8444444444444444, 0.8666666666666667, 0.9772149020498481, 0.9961062948355148, 0.06666666666666665], [0.6894517646168187, 0.6705603718311518, 0.6673320550683801, 0.7773286090991576, 0.7961257260324359, 0.9098861675444064, 0.9293264885646773, 0.03238924516618358], [0.9772149020498481, 0.9961062948355148, 0.04444444444444443], [0.8666666666666667, 0.9772149020498481, 0.8855580594523337, 0.8698949834294383, 0.8672183480190707, 0.06666666666666665]], "episode_seeds": [8030791500995301133, 10558601270030974765, 15732475872969241020, 14336650471254829546, 9976292027673363411, 6948100699786646909, 3194153169483996929, 7726858578905350981, 5652209154542052537, 16147114153126938878], "episode_types": ["t", "t", "t", "t", "t", "t", "t", "t", "t", "t"], "episode_speed": [[29.1455588268693, 19.63520405843872], [25.0, 25.0, 25.0, 25.0, 25.0, 11.70427592264034], [20.8544411731307, 20.146013943668194, 20.024952065064255, 20.004264014349108, 20.00072866988454, 11.516782003229196], [29.1455588268693, 18.30336197878178], [25.0, 25.0, 25.0, 29.1455588268693, 29.853986056331806, 29.975047934935745, 29.995735985650892, 29.99927133011546, 25.854316652020504, 29.2915514913448, 25.73337565816309, 25.125325271541275, 14.42738962959057], [25.0, 29.1455588268693, 29.853986056331806, 29.975047934935745, 25.85017715878159, 25.145285273783653, 25.024827543954064, 12.785265243629931], [25.0, 25.0, 29.1455588268693, 29.853986056331806, 17.637325327514866], [20.8544411731307, 20.146013943668194, 20.024952065064255, 24.14982284121841, 24.854714726216347, 29.120731282915237, 29.849743321175396, 21.214596693731885], [29.1455588268693, 29.853986056331806, 14.00245460822273], [25.0, 29.1455588268693, 25.70842722946251, 25.121061878603935, 25.02068805071515, 13.662318825472562]], "episode_crashed": [[false, true], [false, false, false, false, false, true], [false, false, false, false, false, true], [false, true], [false, false, false, false, false, false, false, false, false, false, false, false, true], [false, false, false, false, false, false, false, true], [false, false, false, false, true], [false, false, false, false, false, false, false, true], [false, false, true], [false, false, false, false, false, true]], "episode_action": [[3, 2], [1, 2, 1, 0, 1, 0], [4, 0, 1, 2, 0, 0], [3, 0], [1, 1, 0, 3, 3, 3, 0, 3, 4, 3, 4, 0, 0], [1, 3, 3, 0, 4, 1, 0, 4], [1, 2, 3, 1, 4], [4, 1, 4, 3, 1, 3, 0, 3], [3, 2, 0], [2, 3, 4, 1, 1, 3]], "episode_cost": [[0.0, 1.0], [0.0, 0.0, 0.0, 0.0, 0.0, 1.0], [0.0, 0.0, 0.0, 0.0, 0.0, 1.0], [0.0, 1.0], [0.0, 0.0, 0.0, 0.0, 0.0, 0.0, 0.0, 0.0, 0.0, 0.0, 0.0, 0.0, 1.0], [0.0, 0.0, 0.0, 0.0, 0.0, 0.0, 0.0, 1.0], [0.0, 0.0, 0.0, 0.0, 1.0], [0.0, 0.0, 0.0, 0.0, 0.0, 0.0, 0.0, 1.0], [0.0, 0.0, 1.0], [0.0, 0.0, 0.0, 0.0, 0.0, 1.0]]}