episode,sim/wall,total steps,steps/sec,score
0,1.9964627871020038,5000,19.964627737977487,000: 128.0762
MEAN,1.9964627871020038,5000.0,19.964627737977487,n/a
