{"initial_reset_timestamp": 1618860001.2237883, "timestamps": [1618860009.1000326, 1618860018.5958955, 1618860024.936165, 1618860028.628671, 1618860030.543752, 1618860033.3779, 1618860044.9876876, 1618860052.3848298, 1618860058.0125206, 1618860061.7595491, 1618860064.533852, 1618860066.4648783, 1618860076.3526037, 1618860083.2823923, 1618860085.1871164, 1618860093.264233, 1618860105.7069833, 1618860112.9551556, 1618860114.87398, 1618860125.4104412, 1618860127.3356118, 1618860131.060866, 1618860164.966482, 1618860171.9947891, 1618860180.8665779], "episode_lengths": [9, 11, 7, 4, 2, 3, 13, 8, 6, 4, 3, 2, 11, 8, 2, 9, 14, 8, 2, 12, 2, 4, 40, 8, 10], "episode_rewards": [6.555339335832461, 8.26221008860604, 5.111673986839041, 2.294010858183017, 0.8888888888888888, 1.7111111111111112, 9.09414800080979, 6.7280782257929745, 4.2, 2.862210085774252, 1.777777777777778, 1.0216593464942925, 7.355692682095267, 6.02654177686033, 0.7999999999999999, 6.778537049242223, 10.818196043323171, 6.199311859838428, 0.7999999999999999, 9.02403057701194, 0.8222222222222223, 2.4044565808924148, 30.360795236863197, 6.418305765297878, 9.216963110301322], "episode_rewards_": [[0.7999999999999999, 0.7999999999999999, 0.7999999999999999, 0.7999999999999999, 0.9105482353831814, 0.9294396281688483, 0.8221197095484385, 0.6932317627319943, 0.0], [0.7338962090612631, 0.8255530516587775, 0.8189939054594507, 0.8216705408698183, 0.7999057241476115, 0.8222061115882399, 0.7999972468822, 0.7999995295245595, 0.9105481549844638, 0.9294396144296533, 0.0], [0.8444444444444444, 0.8666666666666667, 0.8666666666666667, 0.8666666666666667, 0.8666666666666667, 0.7561184312834853, 0.04444444444444443], [0.7561184312834853, 0.7372270384978186, 0.7339987217350469, 0.06666666666666665], [0.8444444444444444, 0.04444444444444443], [0.8222222222222223, 0.8444444444444444, 0.04444444444444443], [0.8666666666666667, 0.8666666666666667, 0.7561184312834853, 0.7372270384978186, 0.7339987217350469, 0.7334470403826429, 0.7333527645302546, 0.7111144316740498, 0.7111116785562497, 0.7333334303030313, 0.7333333499043139, 0.733333336165119, 0.04444444444444443], [0.8666666666666667, 0.8666666666666667, 0.9772149020498481, 0.9961062948355148, 0.9993346115982865, 0.9776640707284683, 0.9777583465808567, 0.06666666666666665], [0.7999999999999999, 0.8222222222222223, 0.8222222222222223, 0.8444444444444444, 0.8666666666666667, 0.04444444444444443], [0.8444444444444444, 0.9549926798276257, 0.9961062948355148, 0.06666666666666665], [0.8666666666666667, 0.8666666666666667, 0.04444444444444443], [0.9772149020498481, 0.04444444444444443], [0.7338962090612631, 0.6927825940533742, 0.8001025126737838, 0.7078939887238654, 0.6921366368485815, 0.6672216685820093, 0.688983732186416, 0.6666828742703471, 0.7772176717386284, 0.796106768142741, 0.13266802581425616], [0.9327704576054036, 0.9516618503910704, 0.9548901671538421, 0.9332196262840239, 0.8227656667532309, 0.6933421492183655, 0.693447415009949, 0.04444444444444443], [0.7999999999999999, 0.0], [0.8666666666666667, 0.7561184312834853, 0.7372270384978186, 0.7117764995128245, 0.821773053543602, 0.8183479482546581, 0.9321083897666286, 0.9737709330091217, 0.16074808870741805], [0.7561184312834853, 0.7372270384978186, 0.8445469571182284, 0.8406644463292686, 0.8437984872396519, 0.733785822574892, 0.7149859525238137, 0.8223215113027654, 0.9512121308382921, 0.9510157990483656, 0.844231529197228, 0.9365315892197073, 0.841756348149654, 0.0], [0.7999999999999999, 0.8222222222222223, 0.9327704576054036, 0.9294396281688483, 0.8221197095484385, 0.9143282334983569, 0.8195373499904594, 0.1588942588046983], [0.7999999999999999, 0.0], [0.6894517646168187, 0.6705603718311518, 0.7778802904515616, 0.7962200018848242, 0.688805807412026, 0.7809982207279621, 0.818975041707668, 0.9322155526597591, 0.9293448014423017, 0.932651740159725, 0.9332168570791622, 0.07371012703897788], [0.8222222222222223, 0.0], [0.8666666666666667, 0.7561184312834853, 0.7372270384978186, 0.04444444444444443], [0.8444444444444444, 0.9549926798276257, 0.9516618503910704, 0.9548901671538421, 0.955441848506246, 0.9333139021364123, 0.9333300127703947, 0.9333327658881948, 0.8227850009804542, 0.8038936885935047, 0.6901171501867466, 0.6928963006187647, 0.6673514861826054, 0.666783694264783, 0.6666866653063113, 0.6666700841988905, 0.6666672506827153, 0.6888889886903605, 0.7994371413269675, 0.707780284589037, 0.6921172061497111, 0.7116627925486262, 0.6889831647558219, 0.688904999525357, 0.6666694197848915, 0.6666671371421798, 0.6888889692876187, 0.688888902628086, 0.7111111134589782, 0.711111111512334, 0.7333333334018977, 0.7333333333450502, 0.7333333333353355, 0.7333333333336755, 0.7333333333333917, 0.8438815687165246, 0.7522247261190019, 0.7365616500961053, 0.7116627924635152, 0.7334276091857218], [0.8666666666666667, 0.9772149020498481, 0.9961062948355148, 0.888786376215105, 0.8482244425596202, 0.9556386370324184, 0.8634462237164824, 0.022222222222222216], [0.9327704576054036, 0.9738840726132926, 0.9771123893760643, 0.9998862929506904, 0.9999805688030788, 0.9999966794370615, 0.9999994325548616, 0.9999999030303021, 0.9999999834290195, 0.33333333050154773]], "episode_seeds": [12351797123822460209, 17923488313375557736, 173899072430786116, 9621505802876087249, 11567456938762821371, 7931363919632284489, 1810915866609974482, 10001873446702786207, 2190139115564748591, 1910773242831902577, 17932530554887387039, 9602520767993641261, 16268906801553945794, 5880199466533720361, 3886681575587419032, 7859380174329204799, 4204887493680913148, 5467692148909416703, 17784056071167530986, 12734636990126436703, 17923770474749178738, 8522716230065404576, 6340598652060380847, 15173527217914106658, 12191666453240209432], "episode_types": ["t", "t", "t", "t", "t", "t", "t", "t", "t", "t", "t", "t", "t", "t", "t", "t", "t", "t", "t", "t", "t", "t", "t", "t", "t"],