episode,sim/wall,total steps,steps/sec,score
0,2.171463295756177,500,21.714631383676448,000: -220.4649
1,1.2600729431416022,253,12.600728533652063,000: -131.1268
2,1.2630397776506515,109,12.630395333944438,000: 1.5554
MEAN,1.5648586721828102,287.3333333333333,15.648585083757647,n/a
