episode,sim/wall,total steps,steps/sec,score
0,3.2228749569353994,500,32.228745111770856,000: 13.5537
1,2.693785304986309,101,26.937842772167148,000: 0.7828
2,2.7129250903385795,500,27.12924844673348,000: 13.8728
3,2.6839121825641614,500,26.839119077768743,000: 14.4416
4,2.67634071378104,500,26.763404746968305,000: 14.4781
5,2.783659533922273,500,27.83659201381593,000: -253.6467
MEAN,2.7955829637546272,433.5,27.95582536153741,n/a
