episode,sim/wall,total steps,steps/sec,score
0,1.2331414237078828,500,12.33141358449193,"002: 0.2126, 000: 12.9953, 001: 13.3278, 004: 13.7793, 003: 13.0311"
1,1.2362611572219868,500,12.362610989203825,"002: 13.5944, 000: 12.7314, 001: 13.2161, 004: 12.8904, 003: -6.8772"
2,1.4978882032230243,92,14.978878543541544,"002: -0.8109, 000: 2.5034, 001: -5.3902, 004: -8.2145, 003: 2.4192"
3,1.4827108585824385,184,14.827106591787485,"002: 0.1169, 000: 0.6896, 001: 4.9800, 004: 4.7915, 003: -0.7375"
4,1.626554250217396,209,16.265540389517415,"002: 5.6708, 000: -5.7490, 001: -1.7821, 004: 5.3084, 003: -0.2898"
5,1.5370207866884327,500,15.370207078337316,"002: 12.3773, 000: 13.0386, 001: 13.0160, 004: -1.2662, 003: 0.6096"
6,0.6251837294327002,500,6.251837145227771,"002: 13.8971, 000: 13.6617, 001: -2.7868, 004: 13.6272, 003: -5.5835"
7,0.09399791568802802,148,0.939979148340119,"002: 3.9477, 000: -2.2960, 001: -0.7377, 004: 4.0864, 003: -11.1459"
MEAN,1.166594790595236,329.125,11.665946683805924,n/a
