episode,sim/wall,total steps,steps/sec,score
0,0.4210634136054935,250,4.210633983881938,"013: -0.2052, 000: 2.9557, 009: 7.3664, 008: 7.0591, 005: 0.9314, 011: 7.5065, 014: 6.7220, 012: 7.3132, 006: 7.2532, 003: -0.1265, 007: 2.8884, 004: 7.3839, 002: -5.3291, 010: 7.2022, 001: 7.2628"
1,0.4077277809929921,226,4.077277704703814,"013: 6.1244, 000: -9.3526, 009: -2.5691, 008: 6.5715, 005: 6.4870, 011: -2.6509, 014: -1.7641, 012: 6.2716, 006: 2.9724, 003: 5.9774, 007: -0.6898, 004: 6.6922, 002: -0.8332, 010: 6.5695, 001: 6.7861"
2,0.2948486942100653,232,2.948486870627901,"013: 6.8625, 000: 6.7686, 009: 2.8642, 008: 0.2353, 005: -15.6187, 011: 6.7811, 014: 3.2113, 012: 6.4082, 006: 6.3695, 003: -12.4893, 007: 7.0321, 004: 4.8929, 002: -0.2236, 010: -0.7372, 001: 0.1184"
3,0.30663216544032584,250,3.0663215737024276,"013: 7.2210, 000: 7.4643, 009: 1.4345, 008: -6.1797, 005: -10.8639, 011: 7.1128, 014: -5.2507, 012: -3.9953, 006: 7.1574, 003: 7.2287, 007: 6.8448, 004: 7.1540, 002: 7.5399, 010: 7.3324, 001: 0.8224"
4,0.2797575517792096,225,2.7975754680330023,"013: -2.1266, 000: 6.6793, 009: 6.4840, 008: 6.3842, 005: 0.1978, 011: 6.4624, 014: -5.9520, 012: 6.2556, 006: 0.8199, 003: -0.9754, 007: 2.2430, 004: -0.9931, 002: 5.2062, 010: 6.6497, 001: 6.4942"
5,0.24355229670796816,203,2.4355229113459025,"013: -7.7278, 000: 6.0926, 009: -3.7151, 008: 6.1361, 005: 6.0697, 011: 1.6164, 014: 6.0359, 012: 6.0525, 006: 1.6937, 003: -3.2309, 007: 5.9333, 004: 0.9899, 002: 2.1840, 010: 6.1152, 001: 6.0002"
6,0.2838204487119904,191,2.838204386567125,"013: 5.1262, 000: 5.7544, 009: 3.6771, 008: -0.8990, 005: 5.5615, 011: -0.4968, 014: 5.6837, 012: -1.3291, 006: 5.3475, 003: 5.5571, 007: -0.8430, 004: 1.3664, 002: 0.0285, 010: 5.6163, 001: 5.6352"
MEAN,0.31962890734972077,225.28571428571428,3.1962889855517296,n/a
