{"initial_reset_timestamp": 1618068920.449426, "timestamps": [1618068930.3146756, 1618068932.0114582], "episode_lengths": [12, 2], "episode_rewards": [9.45022621277507, 1.0], "episode_rewards_": [[0.7338962090612631, 0.6927825940533742, 0.6895542772906024, 0.7995508313213797, 0.8183479482546581, 0.9321083897666286, 0.9515487107868994, 0.9326486107043968, 0.9554385445142879, 0.9555355597452818, 0.955552138506838, 0.03326239876946039], [0.8444444444444444, 0.15555555555555553]], "episode_seeds": [13082146334804028629, 2752642305207353675], "episode_types": ["t", "t"], "episode_speed": [[20.8544411731307, 20.146013943668194, 20.024952065064255, 24.14982284121841, 24.854714726216347, 29.120731282915237, 29.849743321175396, 29.97432290141488, 29.995612085952466, 29.99925015711473, 29.99987186067309, 21.247339953854766], [25.0, 23.333333333333332]], "episode_crashed": [[false, false, false, false, false, false, false, false, false, false, false, true], [false, true]], "episode_action": [[4, 0, 4, 3, 1, 3, 1, 0, 2, 1, 1, 0], [1, 2]], "episode_cost": [[0.0, 0.0, 0.0, 0.0, 0.0, 0.0, 0.0, 0.0, 0.0, 0.0, 0.0, 1.0], [0.0, 1.0]]}