{"initial_reset_timestamp": 1618068836.0883987, "timestamps": [1618068854.5963886, 1618068860.273984], "episode_lengths": [23, 7], "episode_rewards": [16.46143499245564, 4.996106294835515], "episode_rewards_": [[0.7999999999999999, 0.7999999999999999, 0.6894517646168187, 0.7811086072143331, 0.6862234478540471, 0.6700086904787478, 0.6672377792159917, 0.6667642630819935, 0.6666833447457877, 0.6666695167541645, 0.6666671537130878, 0.6666667498971698, 0.7772149162729617, 0.6855580618828964, 0.6698949838447928, 0.6894405703122722, 0.6889831647534068, 0.7994532349081256, 0.9288795055590725, 0.9287747102426357, 0.932554318281038, 0.9332002088262995, 0.0], [0.7999999999999999, 0.7999999999999999, 0.7999999999999999, 0.8222222222222223, 0.9327704576054036, 0.8411136150078892, 0.0]], "episode_seeds": [15916109442590661660, 17398501991437493311], "episode_types": ["t", "t"], "episode_speed": [[25.0, 25.0, 20.8544411731307, 24.29157277053749, 20.733379294526763, 20.125325892953043, 20.021416720599685, 20.003659865574758, 20.000625427967037, 20.00010687828117, 20.00001826424079, 20.000003121143866, 24.145559360236064, 20.70842732060861, 20.121061894179732, 20.020688053376873, 20.003535344919424, 24.146162975721374, 28.999648125131888, 29.82905163409884, 29.970786935538925, 29.99500783098623, 14.043672011616978], [25.0, 25.0, 25.0, 25.0, 29.1455588268693, 25.70842722946251, 11.911332818384151]], "episode_crashed": [[false, false, false, false, false, false, false, false, false, false, false, false, false, false, false, false, false, false, false, false, false, false, true], [false, false, false, false, false, false, true]], "episode_action": [[0, 1, 4, 3, 4, 1, 4, 4, 4, 1, 4, 0, 3, 4, 0, 2, 4, 3, 3, 0, 1, 1, 1], [0, 0, 1, 2, 3, 4, 0]], "episode_cost": [[0.0, 0.0, 0.0, 0.0, 0.0, 0.0, 0.0, 0.0, 0.0, 0.0, 0.0, 0.0, 0.0, 0.0, 0.0, 0.0, 0.0, 0.0, 0.0, 0.0, 0.0, 0.0, 1.0], [0.0, 0.0, 0.0, 0.0, 0.0, 0.0, 1.0]]}