episode,sim/wall,total steps,steps/sec,score
0,0.31258833576369915,500,3.1258833017260423,"009: 13.9600, 008: -2.4490, 006: 14.1127, 005: -496.1853, 003: -48.6554, 014: 13.7719, 000: -4.8973, 012: 14.7644, 011: 13.7943, 007: 14.4317, 010: 13.9389, 013: -0.3260, 004: 14.5676, 002: -2.9290, 001: 14.2743"
1,0.24011727989885298,219,2.401172729943013,"009: 6.4027, 008: 5.6822, 006: 4.2088, 005: 6.2952, 003: 6.2290, 014: -1.7665, 000: 3.2987, 012: 5.6773, 011: 3.4435, 007: -7.3810, 010: 6.5743, 013: 4.0564, 004: 6.4581, 002: -0.8436, 001: 6.2547"
2,0.2233501360796994,374,2.233501325815882,"009: 10.6032, 008: -15.6420, 006: 10.3973, 005: 10.6221, 003: 0.8214, 014: 10.5059, 000: 10.5547, 012: 10.3817, 011: 10.8478, 007: 2.7248, 010: -9.3568, 013: 10.8630, 004: -1.0397, 002: -0.2032, 001: -16.8568"
3,0.23382816831566378,264,2.338281633779056,"009: 1.1737, 008: -6.7076, 006: 7.7507, 005: -10.6930, 003: 7.7786, 014: -3.0158, 000: 7.3406, 012: -3.9935, 011: 7.3700, 007: 7.3330, 010: 7.9423, 013: 6.1775, 004: 7.4837, 002: 7.5464, 001: 2.5832"
4,0.24851629070589595,475,2.485162876059351,"009: 13.6563, 008: 13.3574, 006: -3.2767, 005: 13.2285, 003: -0.9699, 014: 13.3254, 000: 13.8355, 012: 3.1517, 011: 13.0487, 007: -5.2343, 010: 12.6768, 013: -0.2136, 004: -0.9819, 002: 5.5787, 001: -3.6182"
5,0.23367249900878403,462,2.336724964727456,"009: 2.6599, 008: 12.8784, 006: 0.7664, 005: 7.6794, 003: -0.0469, 014: 13.1875, 000: 13.3204, 012: 13.0527, 011: 5.5220, 007: 13.4045, 010: 12.9652, 013: -2.6560, 004: 13.3164, 002: 8.1628, 001: 1.9982"
6,0.21206069423524554,138,2.1206068568902623,"009: 3.5187, 008: -10.6253, 006: -3.2717, 005: 4.1350, 003: 4.0071, 014: 4.0830, 000: 4.1290, 012: 0.2813, 011: -50.7970, 007: -0.8444, 010: -0.7000, 013: 3.9076, 004: 4.0770, 002: -0.5810, 001: 4.1363"
7,0.19807692213572117,275,1.9807691873418454,"009: 8.1292, 008: 7.3224, 006: 4.4972, 005: 2.6541, 003: 8.0366, 014: 1.2105, 000: 8.1655, 012: 8.1643, 011: 6.7652, 007: 4.3254, 010: 8.0096, 013: 7.8954, 004: 2.9599, 002: 8.0051, 001: 2.2733"
MEAN,0.23777629076794524,338.375,2.3777628595353635,n/a
