episode,sim/wall,total steps,steps/sec,score
0,4.154305515634369,500,41.54304939578063,000: 13.5793
1,2.65454768463196,500,26.545474830264624,000: 14.1825
2,3.0939599851531683,463,30.93959541512923,000: 10.8498
3,3.028411922692802,209,30.28411085715711,000: 0.2997
4,3.0207778915721475,382,30.207774929032972,000: 9.2919
MEAN,3.190400599936889,410.8,31.904001085472913,n/a
