episode,sim/wall,total steps,steps/sec,score
0,1.6295358596151475,500,16.295357456583034,"001: 7.4393, 000: 11.6679"
1,0.12947183917087005,500,1.2947183821168593,"001: 11.5758, 000: 12.0405"
MEAN,0.8795038493930087,500.0,8.795037919349946,n/a
