episode,sim/wall,total steps,steps/sec,score
0,2.1304658170201884,500,21.30465665518581,000: 13.7072
1,1.5068819996583498,500,15.068819346932946,000: 14.3812
2,1.506445431055177,500,15.06445366127759,000: 13.8411
MEAN,1.7145977492445716,500.0,17.14597655446545,n/a
