episode,sim/wall,total steps,steps/sec,score
0,0.2907984027577915,1000,2.907984015480979,"015: -3.4541, 017: -1.6709, 003: 25.6499, 013: -3.4513, 018: 26.4750, 011: 26.2342, 016: 25.6966, 005: -3.8161, 004: 26.7131, 014: 25.8730, 009: 25.9094, 010: 26.5575, 001: 26.5255, 012: 26.6581, 000: 25.9949, 008: 25.5546, 002: 0.2126, 006: 25.9366, 019: 25.1731, 007: 25.3639"
1,0.2985845294000598,193,2.985845238934109,"015: 5.0163, 017: 4.7380, 003: 2.0335, 013: -0.7359, 018: 0.5241, 011: 3.8198, 016: 5.1701, 005: -0.3890, 004: 4.8972, 014: 5.3225, 009: 4.9635, 010: -1.0899, 001: 5.1214, 012: 5.1286, 000: -0.4009, 008: -0.2678, 002: 5.3244, 006: -1.7821, 019: -2.8018, 007: 5.2162"
2,0.14697019361887334,1000,1.469701934128774,"015: 25.7740, 017: -5.6975, 003: 25.2431, 013: -10.9958, 018: 26.9350, 011: 26.1386, 016: -6.1971, 005: 26.9480, 004: -11.1459, 014: 26.4332, 009: 25.4769, 010: 26.1701, 001: 25.4972, 012: 25.6297, 000: -1.7085, 008: 25.0080, 002: 0.0602, 006: 25.7546, 019: 26.0887, 007: -6.2639"
3,0.14830355504882836,1000,1.4830355473420247,"015: 25.8943, 017: 25.1206, 003: -0.9740, 013: 25.9558, 018: 25.4433, 011: 25.5075, 016: 25.6439, 005: -6.2070, 004: -0.9920, 014: 25.5041, 009: 26.6160, 010: 26.0434, 001: 25.3893, 012: -3.3103, 000: 26.1359, 008: 25.8864, 002: 25.5675, 006: 0.1996, 019: 26.2071, 007: 25.6618"
4,0.1574629745313104,1000,1.5746297411750605,"015: 25.1748, 017: -3.4422, 003: -2.2582, 013: 26.4574, 018: 26.1656, 011: 26.9663, 016: 26.7463, 005: 24.9528, 004: 24.1942, 014: -1.9468, 009: -4.4366, 010: 26.0181, 001: 26.4695, 012: -4.6629, 000: 26.6936, 008: 26.1173, 002: 26.1358, 006: -1.3588, 019: 25.8475, 007: 1.9111"
5,0.16266563986091273,1000,1.6266563954548363,"015: 26.7762, 017: 26.4409, 003: 1.9118, 013: 25.4650, 018: 26.2340, 011: 25.3875, 016: 26.2727, 005: 26.8589, 004: 25.8165, 014: -2.3211, 009: -11.4292, 010: 1.2106, 001: -3.5255, 012: 26.5167, 000: -3.5035, 008: 26.8564, 002: 26.9281, 006: 26.4065, 019: 26.5587, 007: 25.0807"
MEAN,0.20079754920296267,865.5,2.0079754787526305,n/a
