{"initial_reset_timestamp": 1618069640.5743148, "timestamps": [1618069650.3960927, 1618069658.6010704], "episode_lengths": [12, 10], "episode_rewards": [10.017526556306176, 7.883657197523226], "episode_rewards_": [[0.8222222222222223, 0.8222222222222223, 0.9327704576054036, 0.9738840726132926, 0.8665641539928828, 0.9587726779428012, 0.952307807595863, 0.9327783314179907, 0.9332384900358063, 0.9555393479518751, 0.8450045504835938, 0.022222222222222216], [0.8666666666666667, 0.7561184312834853, 0.7372270384978186, 0.7339987217350469, 0.8439952757658243, 0.9733406280822839, 0.9732220047745175, 0.9992214719941154, 0.9776447365012451, 0.022222222222222216]], "episode_seeds": [18146531036580871891, 4295858429929599339], "episode_types": ["t", "t"], "episode_speed": [[25.0, 25.0, 29.1455588268693, 29.853986056331806, 25.82948910806644, 29.28730875618838, 29.878209451511527, 29.979187428174654, 29.996443376342732, 29.99939221486198, 25.854337309801434, 11.661843557921102], [25.0, 20.8544411731307, 20.146013943668194, 20.024952065064255, 24.14982284121841, 29.00027355308565, 29.82915851237774, 29.970805199779324, 29.995010952130023, 18.50761860961047]], "episode_crashed": [[false, false, false, false, false, false, false, false, false, false, false, true], [false, false, false, false, false, false, false, false, false, true]], "episode_action": [[2, 1, 3, 2, 4, 3, 0, 0, 1, 2, 4, 4], [2, 4, 4, 1, 3, 3, 0, 2, 0, 0]], "episode_cost": [[0.0, 0.0, 0.0, 0.0, 0.0, 0.0, 0.0, 0.0, 0.0, 0.0, 0.0, 1.0], [0.0, 0.0, 0.0, 0.0, 0.0, 0.0, 0.0, 0.0, 0.0, 1.0]]}