episode,sim/wall,total steps,steps/sec,score
0,2.115619539143923,500,21.156194110889484,000: 13.7072
1,1.2724840570729807,500,12.724840107468504,000: 14.3812
2,1.2787994785973966,500,12.787994318102859,000: 13.8411
MEAN,1.5556343582714334,500.0,15.55634284548695,n/a
