{"initial_reset_timestamp": 1618334566.9129066, "timestamps": [1618334594.8360045, 1618334602.4494822], "episode_lengths": [15, 4], "episode_rewards": [10.849945047450623, 2.8399878635520297], "episode_rewards_": [[0.7999999999999999, 0.9105482353831814, 0.8188913927856669, 0.8032283167627717, 0.6900034459692228, 0.6928768699057626, 0.7117926101468072, 0.7112275712782207, 0.7111310127834728, 0.6888922898505448, 0.7111116922954445, 0.8216594458118571, 0.8183285340299404, 0.9321050721040397, 0.028148558343688974], [0.8444444444444444, 0.9549926798276257, 0.9738840726132926, 0.06666666666666665]], "episode_seeds": [9426350907481579614, 6721432800170140371], "episode_types": ["t", "t"], "episode_speed": [[25.0, 29.1455588268693, 25.70842722946251, 25.121061878603935, 20.875129223845853, 20.149549288132764, 20.025556213838602, 20.004367256266605, 20.00074631271356, 20.0001275360621, 20.000021794412504, 24.145562551277976, 24.85398669278943, 29.12060687056816, 21.055570937888337], [25.0, 29.1455588268693, 29.853986056331806, 18.47370819933294]], "episode_crashed": [[false, false, false, false, false, false, false, false, false, false, false, false, false, false, true], [false, false, false, true]], "episode_action": [[1, 3, 4, 0, 4, 2, 2, 4, 4, 0, 2, 3, 0, 3, 0], [1, 3, 3, 2]], "episode_cost": [[0.0, 0.0, 0.0, 0.0, 0.0, 0.0, 0.0, 0.0, 0.0, 0.0, 0.0, 0.0, 0.0, 0.0, 1.0], [0.0, 0.0, 0.0, 1.0]]}