{"initial_reset_timestamp": 1618069919.5405169, "timestamps": [1618069921.2049801, 1618069923.7020035], "episode_lengths": [2, 3], "episode_rewards": [1.0055085819715264, 1.7333333333333334], "episode_rewards_": [[0.9549926798276257, 0.05051590214390056], [0.7999999999999999, 0.8222222222222223, 0.11111111111111109]], "episode_seeds": [18307264423844295627, 7623529264767184505], "episode_types": ["t", "t"], "episode_speed": [[29.1455588268693, 21.06101299706294], [25.0, 25.0, 23.333333333333332]], "episode_crashed": [[false, true], [false, false, true]], "episode_action": [[3, 0], [0, 2, 1]], "episode_cost": [[0.0, 1.0], [0.0, 0.0, 1.0]]}