{"initial_reset_timestamp": 1618573736.6592267, "timestamps": [1618573743.527068, 1618573750.3840804, 1618573753.761371, 1618573759.0130208, 1618573770.8599117, 1618573774.4375107, 1618573795.216528, 1618573798.8199184, 1618573816.5629764, 1618573821.8094156, 1618573832.2495701, 1618573849.1789274, 1618573872.846271, 1618573883.137482, 1618573896.8767605, 1618573907.140448, 1618573927.3364394, 1618573947.636971, 1618573961.1458604, 1618573981.49431], "episode_lengths": [4, 4, 2, 3, 7, 2, 12, 2, 10, 3, 6, 10, 14, 6, 8, 6, 12, 12, 8, 12], "episode_rewards": [2.2228123177674863, 2.73210506920369, 1.0438815687165146, 1.801594447577938, 5.439208768101007, 0.9333333333333333, 8.675366484215948, 0.9111111111111111, 7.951102295226078, 1.8907196972817515, 4.278315101810104, 6.662347225569238, 9.983036873127697, 3.827457898565661, 5.600003320562939, 4.693344826833834, 8.333572989117807, 8.157321259037486, 6.383551641097781, 9.653140710733869], "episode_rewards_": [[0.6894517646168187, 0.6705603718311518, 0.7778802904515616, 0.08491989086795441], [0.9327704576054036, 0.8411136150078892, 0.9359987743681751, 0.022222222222222216], [0.9772149020498481, 0.06666666666666665], [0.8666666666666667, 0.8444444444444444, 0.09048333646682678], [0.8444444444444444, 0.8222222222222223, 0.9327704576054036, 0.9294396281688483, 0.9326679449316199, 0.955441848506246, 0.022222222222222216], [0.8666666666666667, 0.06666666666666665], [0.8444444444444444, 0.8444444444444444, 0.7338962090612631, 0.7150048162755963, 0.6895542772906024, 0.6890025959381983, 0.6889083200858099, 0.6888922094518275, 0.7994376917172087, 0.818328614027435, 0.9321050857746704, 0.23134777570444598], [0.8666666666666667, 0.04444444444444443], [0.8666666666666667, 0.8666666666666667, 0.8666666666666667, 0.7561184312834853, 0.8477752738809997, 0.8412161276816729, 0.8661149853142627, 0.9771206261974594, 0.9960901842015323, 0.06666666666666665], [0.8666666666666667, 0.8666666666666667, 0.15738636394841818], [0.7561184312834853, 0.7372270384978186, 0.8445469571182284, 0.862886668551491, 0.8437984872396519, 0.23373751911942856], [0.6894517646168187, 0.6705603718311518, 0.6673320550683801, 0.6667803737159762, 0.6889083200858099, 0.6666699872296054, 0.7772154694949865, 0.9066546271883942, 0.9287742563381151, 0.0], [0.8666666666666667, 0.8444444444444444, 0.8444444444444444, 0.7338962090612631, 0.8255530516587775, 0.7306678922984915, 0.7366753571454145, 0.7339044458826582, 0.7334309297486602, 0.7333500114124544, 0.7111139611986089, 0.7111115981575322, 0.7111111943416142, 0.06666666666666665], [0.8444444444444444, 0.7338962090612631, 0.7150048162755963, 0.7339987217350469, 0.7334470403826429, 0.06666666666666665], [0.8222222222222223, 0.7116739868390409, 0.8033308294365552, 0.8189939054594507, 0.8216705408698183, 0.8221279463698338, 0.7999838893660175, 0.0], [0.9549926798276257, 0.9516618503910704, 0.9548901671538421, 0.955441848506246, 0.8449878889754533, 0.03137039197959631], [0.7116739868390409, 0.6927825940533742, 0.6895542772906024, 0.7112248181604207, 0.7333527645302546, 0.7333366538962719, 0.7333339007784718, 0.7333334303030313, 0.7333333499043139, 0.8438815715483002, 0.9733211973692817, 0.04444444444444443], [0.7561184312834853, 0.7372270384978186, 0.7339987217350469, 0.7334470403826429, 0.7111305423080322, 0.6888922094518275, 0.6888894563340274, 0.6666667636363646, 0.6666666832376471, 0.7772149048816335, 0.9066545307026149, 0.09041493658634492], [0.9327704576054036, 0.8411136150078892, 0.8254505389849939, 0.8227739035746263, 0.9328647334577921, 0.951677961025053, 0.9771151424938642, 0.09978528894815882], [0.7999999999999999, 0.9105482353831814, 0.9294396281688483, 0.9326679449316199, 0.9332196262840239, 0.9333139021364123, 0.8227817773872134, 0.6933449023361652, 0.7817738986463487, 0.7968853737155573, 0.9100159823959126, 0.20914943934858665]], "episode_seeds": [4152524345709405528, 13108792714367866642, 2831327024102665443, 5324666142039996732, 466575742469540145, 14369135841576672512, 14996511590852218058, 8967257100806911236, 5741382504356237657, 5860363933953771833, 10814460578011800291, 9580692167367687343, 12622094394202710314, 2495039514852615889, 12975563479876823658, 10162487874898557982, 10381609684462101701, 16064004265329505214, 10482704287061346597, 1193701344067742053], "episode_types": ["t", "t", "t", "t", "t", "t", "t", "t", "t", "t", "t", "t", "t", "t", "t", "t", "t", "t", "t", "t"], "episode_speed": [[20.8544411731307, 20.146013943668194, 24.17051089193356, 23.18449590754829], [29.1455588268693, 25.70842722946251, 29.266620705473237, 15.472982875894607], [29.1455588268693, 17.059167947313924], [25.0, 25.0, 21.72645845083934], [25.0, 25.0, 29.1455588268693, 29.853986056331806, 29.975047934935745, 29.995735985650892, 19.829900220483204], [25.0, 14.395747536046335], [25.0, 25.0, 20.8544411731307, 20.146013943668194, 20.024952065064255, 20.004264014349108, 20.00072866988454, 20.000124521110198, 24.145580106061995, 24.853989692695478, 29.120607383216807, 27.84220825558339], [25.0, 16.525730589849108], [25.0, 25.0, 25.0, 20.8544411731307, 24.29157277053749, 24.878938121396065, 24.97931194928485, 29.142023482404728, 29.85338190755746, 18.473562927587192], [25.0, 25.0, 23.401988648065682], [20.8544411731307, 20.146013943668194, 24.17051089193356, 24.85825007068091, 24.97577660482028, 27.098490300311905], [20.8544411731307, 20.146013943668194, 20.024952065064255, 20.004264014349108, 20.00072866988454, 20.000124521110198, 24.145580106061995, 28.999548519564783, 29.829034612679315, 18.467708452362846], [25.0, 25.0, 25.0, 20.8544411731307, 24.29157277053749, 20.733379294526763, 20.125325892953043, 20.021416720599685, 20.003659865574758, 20.000625427967037, 20.00010687828117, 20.00001826424079, 20.000003121143866, 18.666667226701772], [25.0, 20.8544411731307, 20.146013943668194, 20.024952065064255, 20.004264014349108, 11.14968792204997], [25.0, 20.8544411731307, 24.29157277053749, 24.878938121396065, 24.97931194928485, 24.996464655535434, 24.999395851225657, 13.656391951665746], [29.1455588268693, 29.853986056331806, 29.975047934935745, 29.995735985650892, 25.85371250324616, 20.34305636590153], [20.8544411731307, 20.146013943668194, 20.024952065064255, 20.004264014349108, 20.00072866988454, 20.000124521110198, 20.000021279192694, 20.000003636363672, 20.00000062141177, 24.145558933061256, 28.99954490134806, 19.60176590897729], [20.8544411731307, 20.146013943668194, 20.024952065064255, 20.004264014349108, 20.00072866988454, 20.000124521110198, 20.000021279192694, 20.000003636363672, 20.00000062141177, 24.145558933061256, 28.99954490134806, 22.5572267886546], [29.1455588268693, 25.70842722946251, 25.121061878603935, 25.02068805071515, 29.149094171333864, 29.854590205106152, 29.97515117685324, 21.241948335555957], [25.0, 29.1455588268693, 29.853986056331806, 29.975047934935745, 29.995735985650892, 29.99927133011546, 25.854316652020504, 21.000433837606195, 24.316521199238075, 24.883201514333404, 29.125599339846726, 27.843103975572]],