episode,sim/wall,total steps,steps/sec,score
0,2.829357912631875,500,28.293574927390146,000: 13.5537
1,2.396372434069519,101,23.96371078483421,000: 0.7828
2,2.4139445390799943,500,24.139442334349933,000: 13.8728
3,2.3858268357919714,500,23.858265643682003,000: 14.4416
4,2.373295921342384,500,23.732955990462738,000: 14.4781
5,2.405351407724791,500,24.053510490751133,000: -253.6467
MEAN,2.4673581751067557,433.5,24.67357669524503,n/a
