{"initial_reset_timestamp": 1618070123.810637, "timestamps": [1618070460.002335, 1618070805.8604224], "episode_lengths": [40, 40], "episode_rewards": [36.016963109800365, 35.06690552179128], "episode_rewards_": [[0.9105482353831814, 0.9516618503910704, 0.9548901671538421, 0.9776640707284683, 0.9999805688030788, 0.9999966794370615, 0.8894511971716801, 0.7600120394782724, 0.7378924103285516, 0.7118902037303485, 0.7334664710956451, 0.7333560850104969, 0.7111149991050563, 0.7111117755235327, 0.6888890024291549, 0.6888889082915844, 0.6666666699823591, 0.7772149026164609, 0.9066545303155237, 0.9509964620059036, 0.932554237885138, 0.9554224173098081, 0.9777550260180009, 0.9999961119919373, 0.9999993355851661, 0.9999998864593219, 0.9777777583750117, 0.9777777744620733, 0.8672295418279816, 0.958886384895283, 0.9745494609984595, 0.9994483186447685, 0.9999057241471284, 0.999983889365935, 0.9999972468821859, 0.9777773073023347, 0.9999999196012821, 0.9777777640385829, 0.9777777754299111, 0.9999999995987771], [0.7999999999999999, 0.7999999999999999, 0.7999999999999999, 0.7999999999999999, 0.9105482353831814, 0.8188913927856669, 0.8254505389849939, 0.9333221389578075, 0.9295339040212367, 0.9326840555656024, 0.8226741440186425, 0.8038747444430046, 0.9112103836206739, 0.9295527815122141, 0.9326872815067097, 0.9554451528994269, 0.9777589112627739, 0.9999967759345574, 0.9999994490451481, 0.8894516704651169, 0.9811085911249151, 0.9745494582655138, 0.8666778605723365, 0.8482438736762483, 0.8673159444206767, 0.8667776205958314, 0.8666856273877465, 0.7561216714476379, 0.8477758275869318, 0.8412162223035021, 0.9544410146449792, 0.9737897995241255, 0.9993185014365059, 0.889335304530403, 0.7599922347893986, 0.7156668037180104, 0.7341118476004258, 0.7334663722620679, 0.8439043035041828, 0.973325081993092]], "episode_seeds": [18302847715689692001, 1442727774982185669], "episode_types": ["t", "t"], "episode_speed": [[29.1455588268693, 29.853986056331806, 29.975047934935745, 29.995735985650892, 29.99927133011546, 29.999875478889802, 25.854419893938005, 21.000451480435217, 20.170965387320685, 20.029215973221405, 20.004992666086693, 20.000853187893632, 20.000145799772945, 20.000024915465808, 20.000004257759972, 20.000000727601083, 20.000000124338467, 24.14555884811728, 28.999544886832137, 29.82903399188805, 29.970783920692675, 29.995007315784473, 29.999146809008366, 29.999854199697644, 29.999975084443722, 29.99999574222457, 29.99999927239627, 29.999999875661082, 25.854441151882643, 29.291572766906448, 29.878938120775565, 29.979311949178815, 29.996464655517315, 29.99939585122256, 29.99989675808197, 29.999982357170886, 29.999996985048078, 29.99999948478019, 29.999999911954998, 29.99999998495414], [25.0, 25.0, 25.0, 25.0, 29.1455588268693, 25.70842722946251, 25.121061878603935, 29.16624687758445, 29.857521400796376, 29.975652083710088, 25.85028040069909, 25.14530291661267, 29.170389385775266, 29.858229306708026, 29.975773056501613, 29.995859900395175, 29.999292505687354, 29.9998790975459, 29.999979339193057, 25.85443764244188, 29.291572167184313, 29.878938018290103, 25.833753104795953, 25.142478596192646, 25.024347915775373, 25.004160772343678, 25.00071102704049, 20.85456267928642, 24.291593534509943, 24.878941669714663, 29.124871382520055, 29.85045081548804, 29.97444380386897, 25.850073919890107, 20.999708804602445, 20.17083847275872, 20.029194285015965, 20.00498895982755, 24.14641138140685, 28.999690574740946]], "episode_crashed": [[false, false, false, false, false, false, false, false, false, false, false, false, false, false, false, false, false, false, false, false, false, false, false, false, false, false, false, false, false, false, false, false, false, false, false, false, false, false, false, false], [false, false, false, false, false, false, false, false, false, false, false, false, false, false, false, false, false, false, false, false, false, false, false, false, false, false, false, false, false, false, false, false, false, false, false, false, false, false, false, false]], "episode_action": [[3, 2, 1, 2, 2, 1, 4, 4, 1, 0, 2, 1, 0, 1, 0, 1, 0, 3, 3, 2, 0, 2, 2, 2, 1, 1, 0, 1, 4, 3, 1, 2, 1, 1, 1, 0, 2, 0, 1, 2], [1, 1, 1, 1, 3, 4, 2, 3, 0, 1, 4, 1, 3, 1, 1, 2, 2, 2, 1, 4, 3, 0, 4, 1, 2, 1, 1, 4, 3, 0, 3, 1, 2, 4, 4, 0, 2, 1, 3, 3]], "episode_cost": [[0.0, 0.0, 0.0, 0.0, 0.0, 0.0, 0.0, 0.0, 0.0, 0.0, 0.0, 0.0, 0.0, 0.0, 0.0, 0.0, 0.0, 0.0, 0.0, 0.0, 0.0, 0.0, 0.0, 0.0, 0.0, 0.0, 0.0, 0.0, 0.0, 0.0, 0.0, 0.0, 0.0, 0.0, 0.0, 0.0, 0.0, 0.0, 0.0, 0.0], [0.0, 0.0, 0.0, 0.0, 0.0, 0.0, 0.0, 0.0, 0.0, 0.0, 0.0, 0.0, 0.0, 0.0, 0.0, 0.0, 0.0, 0.0, 0.0, 0.0, 0.0, 0.0, 0.0, 0.0, 0.0, 0.0, 0.0, 0.0, 0.0, 0.0, 0.0, 0.0, 0.0, 0.0, 0.0, 0.0, 0.0, 0.0, 0.0, 0.0]]}