{"initial_reset_timestamp": 1618332961.151841, "timestamps": [1618332979.947656, 1618332987.013057], "episode_lengths": [11, 4], "episode_rewards": [7.738834168349685, 2.404559093566199], "episode_rewards_": [[0.7999999999999999, 0.6894517646168187, 0.7811086072143331, 0.7967716832372284, 0.7994483186475959, 0.6893574887644304, 0.6705442611971693, 0.7778775373337616, 0.7962195314093838, 0.9099021977796712, 0.028152778149292807], [0.7561184312834853, 0.7372270384978186, 0.8445469571182284, 0.06666666666666665]], "episode_seeds": [3951623861636516104, 7978217866694487993], "episode_types": ["t", "t"], "episode_speed": [[25.0, 20.8544411731307, 24.29157277053749, 24.878938121396065, 24.97931194928485, 20.850905828666136, 20.145409794893848, 24.17040765001606, 24.858232427851892, 29.121332416737673, 21.05572918059848], [20.8544411731307, 20.146013943668194, 24.17051089193356, 9.500465475612454]], "episode_crashed": [[false, false, false, false, false, false, false, false, false, false, true], [false, false, false, true]], "episode_action": [[1, 4, 3, 1, 0, 4, 0, 3, 1, 3, 3], [4, 1, 3, 4]], "episode_cost": [[0.0, 0.0, 0.0, 0.0, 0.0, 0.0, 0.0, 0.0, 0.0, 0.0, 1.0], [0.0, 0.0, 0.0, 1.0]]}