episode,sim/wall,total steps,steps/sec,score
0,0.4284019516888772,500,4.284019341862618,"000: 11.9314, 001: 10.8262"
MEAN,0.4284019516888772,500.0,4.284019341862618,n/a
