{"initial_reset_timestamp": 1618393422.0187645, "timestamps": [1618393423.9338331, 1618393427.6420949, 1618393431.5999055, 1618393435.1060655, 1618393437.436626, 1618393440.0668755, 1618393440.945636, 1618393444.1473145, 1618393445.5282428, 1618393446.9227407, 1618393449.1853986, 1618393452.1377332, 1618393453.6045244, 1618393457.4669566, 1618393461.066166, 1618393462.4020295, 1618393467.4271896, 1618393468.2975583, 1618393470.9804354, 1618393473.7442906], "episode_lengths": [8, 13, 13, 13, 10, 13, 6, 13, 8, 6, 9, 13, 6, 13, 13, 6, 13, 5, 13, 11], "episode_rewards": [0.0, -3.0, 5.0, 5.0, 9.0, 3.0, 0.0, 0.0, 0.0, -1.0, -2.0, 0.0, 1.0, 4.0, 3.0, 0.0, 3.0, -1.0, 3.0, -2.0], "episode_rewards_": [[0.0, 0.0, 1.0, 0.0, 1.0, 1.0, 1.0, -4.0], [1.0, 0.0, 0.0, 0.0, 0.0, 0.0, 1.0, 0.0, 0.0, 0.0, 0.0, 0.0, -5.0], [0.0, 0.0, 0.0, 0.0, 0.0, 0.0, 0.0, 0.0, 1.0, 1.0, 1.0, 1.0, 1.0], [1.0, 1.0, 0.0, 1.0, 1.0, 1.0, 0.0, 0.0, 0.0, 0.0, 0.0, 0.0, 0.0], [1.0, 1.0, 1.0, 1.0, 0.0, 1.0, 1.0, 1.0, 1.0, 1.0], [1.0, 0.0, 0.0, 0.0, 0.0, 0.0, 1.0, 0.0, 1.0, 0.0, 0.0, 0.0, 0.0], [1.0, 1.0, 1.0, 1.0, 1.0, -5.0], [0.0, 0.0, 0.0, 0.0, 0.0, 0.0, 0.0, 0.0, 0.0, 0.0, 0.0, 0.0, 0.0], [1.0, 1.0, 1.0, 0.0, 0.0, 0.0, 1.0, -4.0], [1.0, 0.0, 1.0, 0.0, 1.0, -4.0], [0.0, 1.0, 0.0, 0.0, 0.0, 0.0, 0.0, 1.0, -4.0], [0.0, 0.0, 0.0, 0.0, 0.0, 0.0, 0.0, 0.0, 0.0, 0.0, 0.0, 0.0, 0.0], [1.0, 1.0, 1.0, 1.0, 1.0, -4.0], [0.0, 0.0, 0.0, 0.0, 0.0, 1.0, 1.0, 1.0, 0.0, 1.0, 0.0, 0.0, 0.0], [1.0, 1.0, 0.0, 0.0, 0.0, 0.0, 0.0, 0.0, 0.0, 0.0, 0.0, 0.0, 1.0], [1.0, 1.0, 1.0, 1.0, 0.0, -4.0], [0.0, 0.0, 0.0, 0.0, 0.0, 1.0, 1.0, 1.0, 0.0, 0.0, 0.0, 0.0, 0.0], [1.0, 1.0, 1.0, 1.0, -5.0], [1.0, 0.0, 1.0, 0.0, 0.0, 0.0, 1.0, 0.0, 0.0, 0.0, 0.0, 0.0, 0.0], [0.0, 0.0, 0.0, 0.0, 0.0, 0.0, 0.0, 0.0, 1.0, 1.0, -4.0]], "episode_seeds": [6955872826053286260, 13675371373988201328, 17330008300975914945, 5018493903527458095, 3791215616980841470, 8764263846729108509, 11620918161177710641, 7822986996225002749, 197803906233623205, 2254278179592525017, 1095073402912312827, 12802080273766259095, 8983275577242176892, 912943581101661770, 12171428665951068867, 12842934206195560497, 15393324017693468605, 1284137795234879667, 13806412453358338012, 17235858610206121814], "episode_types": ["t", "t", "t", "t", "t", "t", "t", "t", "t", "t", "t", "t", "t", "t", "t", "t", "t", "t", "t", "t"], "episode_speed": [[5.439885290443771, 4.660615338035013, 8.258450215753053, 5.142274922300276, 8.340760171798905, 8.887343669563474, 8.980748358572244, 4.83186748996496], [9.17088823462614, 5.29819984455127, 0.9054000181318569, 3.8857251549113974, 0.6640247119651939, 3.8444769549582327, 8.118981768258429, 5.11844140552187, 4.605684360009342, 4.51806021370959, 0.7720833338554335, 0.13193995790681978, 0.03172587421033765], [5.439885290443771, 4.660615338035013, 4.527447271570684, 4.504690415784019, 4.500801536872994, 0.7691340290388448, 3.862438900595708, 4.391048309256499, 8.212384382091678, 8.86540575749167, 8.97699942750691, 8.996069472771264, 8.999328319140732], [9.17088823462614, 9.029202788733636, 5.273987468830482, 8.363268296353564, 8.891190043233367, 8.981405658578403, 5.265819501638059, 0.8998665984948288, 0.153776614415811, 3.757281558346672, 0.6420752124992158, 0.10972309956119482, 0.0187503867817208], [9.17088823462614, 9.029202788733636, 9.00499041301285, 9.000852802869822, 5.269142789794539, 8.362440397705782, 8.891048565094996, 8.981381481629098, 8.99681831426424, 8.99945628734148], [9.17088823462614, 5.29819984455127, 0.9054000181318569, 3.8857251549113974, 4.395027656147562, 4.482061461474489, 8.227937459001971, 5.137060651165506, 8.339869114209822, 5.156188454122757, 0.8811319423247247, 3.8815780262789428, 4.394318960656794], [9.17088823462614, 9.029202788733636, 9.00499041301285, 9.000852802869822, 9.000145733976908, 5.007473058041653], [5.439885290443771, 0.9296123938526437, 0.15885982087205838, 0.027147274341850918, 0.004639149787190416, 3.7317957202996688, 4.368722926809764, 0.7465633485332649, 0.12757889266742947, 0.021801731743494843, 0.0037256594494385156, 3.7316396155485023, 4.3686962503444215], [9.17088823462614, 9.029202788733636, 9.00499041301285, 5.2698498586874525, 0.9005553390959131, 3.8848972562636153, 8.125889122191564, 4.27118986113674], [9.17088823462614, 5.29819984455127, 8.367405906496595, 5.16089416794391, 8.343941981817016, 8.887887403460386], [5.439885290443771, 8.391618282217381, 5.16503177808694, 4.613646106527559, 0.7884178383342596, 0.13473133254069922, 3.7540269437490763, 8.103524925520983, 8.846802957135942], [5.439885290443771, 0.9296123938526437, 0.15885982087205838, 0.027147274341850918, 0.004639149787190416, 3.7317957202996688, 0.6377199826273956, 0.1089788420170084, 0.018623201923887597, 0.0031824860998592897, 0.000543849431327184, 3.7310958816515916, 4.3686033326186715], [9.17088823462614, 9.029202788733636, 9.00499041301285, 9.000852802869822, 9.000145733976908, 8.40002614943314], [5.439885290443771, 0.9296123938526437, 0.15885982087205838, 0.027147274341850918, 3.7356420939695596, 8.100383170998294, 8.846266068251932, 8.973728679801434, 5.2645075962876, 8.361648297670232, 5.159910260335906, 4.612770899400479, 0.7882682757333807], [9.17088823462614, 9.029202788733636, 5.273987468830482, 0.9012624079888264, 0.15401514183611464, 0.026319375694068215, 0.004497671648821459, 0.0007685991679951405, 0.00013134455495380972, 2.2445239123812595e-05, 3.835627289629908e-06, 3.731003599645945, 8.099590506892007], [9.17088823462614, 9.029202788733636, 9.00499041301285, 9.000852802869822, 5.269142789794539, 6.054553429774976], [5.439885290443771, 0.9296123938526437, 3.889862765054427, 0.6647317808581074, 3.8445977847131014, 8.119002416641928, 8.849447878270041, 8.974272413698348, 5.26460051401335, 0.8996582878516117, 0.15374101657773775, 3.757275475094967, 0.642074172943071], [9.17088823462614, 9.029202788733636, 9.00499041301285, 9.000852802869822, 3.422264851472243], [9.17088823462614, 5.29819984455127, 8.367405906496595, 5.16089416794391, 4.612939037634647, 4.51929995276176, 8.234301079038195, 5.138148118959328, 0.8780490612965826, 0.15004825400011246, 0.025641481234813898, 3.735384771643786, 0.6383333092755743], [5.439885290443771, 0.9296123938526437, 0.15885982087205838, 0.027147274341850918, 3.7356420939695596, 4.369380226815925, 4.477678617553306, 4.49618553835927, 8.230351097566535, 8.8684760577812, 6.802191521118959]], "episode_crashed": [[false, false, false, false, false, false, false, true], [false, false, false, false, false, false, false, false, false, false, false, false, true], [false, false, false, false, false, false, false, false, false, false, false, false, false], [false, false, false, false, false, false, false, false, false, false, false, false, false], [false, false, false, false, false, false, false, false, false, false], [false, false, false, false, false, false, false, false, false, false, false, false, false], [false, false, false, false, false, true], [false, false, false, false, false, false, false, false, false, false, false, false, false], [false, false, false, false, false, false, false, true], [false, false, false, false, false, true], [false, false, false, false, false, false, false, false, true], [false, false, false, false, false, false, false, false, false, false, false, false, false], [false, false, false, false, false, true], [false, false, false, false, false, false, false, false, false, false, false, false, false], [false, false, false, false, false, false, false, false, false, false, false, false, false], [false, false, false, false, false, true], [false, false, false, false, false, false, false, false, false, false, false, false, false], [false, false, false, false, true], [false, false, false, false, false, false, false, false, false, false, false, false, false], [false, false, false, false, false, false, false, false, false, false, true]],