{"initial_reset_timestamp": 1618334954.4384973, "timestamps": [1618334991.1988962, 1618334996.8356717], "episode_lengths": [21, 3], "episode_rewards": [14.316370223049054, 1.8399878635520297], "episode_rewards_": [[0.8666666666666667, 0.7561184312834853, 0.7372270384978186, 0.7339987217350469, 0.7334470403826429, 0.7333527645302546, 0.7111144316740498, 0.6888894563340274, 0.7994372212417681, 0.7961063114064952, 0.6887863790468907, 0.6704466652657611, 0.6673126239541552, 0.6667770531671694, 0.666685530420864, 0.6666698902603198, 0.6666672175408951, 0.666666760804591, 0.6666666827537303, 0.6888888916379788, 0.04444444444444443], [0.9105482353831814, 0.9294396281688483, 0.0]], "episode_seeds": [14338069961158234222, 6002400579250345149], "episode_types": ["t", "t"], "episode_speed": [[25.0, 20.8544411731307, 20.146013943668194, 20.024952065064255, 20.004264014349108, 20.00072866988454, 20.000124521110198, 20.000021279192694, 24.14556246323297, 24.853986677743574, 20.829489214258402, 20.14174994746604, 20.02422339828082, 20.004139493768854, 20.000707390782402, 20.00012088476199, 20.00002065778357, 20.00000353017216, 20.000000603264887, 20.00000010309087, 13.220584495487774], [29.1455588268693, 29.853986056331806, 18.47370819933294]], "episode_crashed": [[false, false, false, false, false, false, false, false, false, false, false, false, false, false, false, false, false, false, false, false, true], [false, false, true]], "episode_action": [[1, 4, 2, 2, 1, 4, 0, 0, 3, 0, 4, 0, 4, 4, 4, 4, 4, 0, 4, 2, 2], [3, 0, 3]], "episode_cost": [[0.0, 0.0, 0.0, 0.0, 0.0, 0.0, 0.0, 0.0, 0.0, 0.0, 0.0, 0.0, 0.0, 0.0, 0.0, 0.0, 0.0, 0.0, 0.0, 0.0, 1.0], [0.0, 0.0, 1.0]]}