{"initial_reset_timestamp": 1618602315.239046, "timestamps": [1618602328.3087783, 1618602362.9133098, 1618602382.757227], "episode_lengths": [2, 5, 5], "episode_rewards": [1.0240530306150848, 3.245223539895467, 3.9286605327178252], "episode_rewards_": [[0.8666666666666667, 0.15738636394841818], [0.7561184312834853, 0.7372270384978186, 0.8445469571182284, 0.8406644463292686, 0.06666666666666665], [0.9772149020498481, 0.9961062948355148, 0.9993346115982865, 0.889338057567509, 0.06666666666666665]], "episode_seeds": [4066180702598286776, 9641875039547979460, 2708920348943823376], "episode_types": ["t", "t", "t"], "episode_speed": [[25.0, 23.401988648065682], [20.8544411731307, 20.146013943668194, 24.17051089193356, 24.85825007068091, 12.500838273149812], [29.1455588268693, 29.853986056331806, 29.975047934935745, 25.85017715878159, 12.776950033216446]], "episode_crashed": [[false, true], [false, false, false, false, true], [false, false, false, false, true]], "episode_action": [[[2, 3], [3, 1]], [[4, 2], [1, 4], [3, 3], [0, 2], [2, 3]], [[3, 4], [3, 4], [3, 1], [4, 0], [2, 0]]], "episode_cost": [[0.0, 1.0], [0.0, 0.0, 0.0, 0.0, 1.0], [0.0, 0.0, 0.0, 0.0, 1.0]]}