{"initial_reset_timestamp": 1618334879.637221, "timestamps": [1618334884.8605013, 1618334908.9143167], "episode_lengths": [3, 14], "episode_rewards": [1.3600121364479705, 11.083763599114517], "episode_rewards_": [[0.6894517646168187, 0.6705603718311518, 0.0], [0.8444444444444444, 0.7338962090612631, 0.8255530516587775, 0.8189939054594507, 0.8216705408698183, 0.8221279463698338, 0.7999838893660175, 0.9105454822653813, 0.8188909223102264, 0.8032282363640543, 0.9110999029963905, 0.9517561238955922, 0.9771284996088241, 0.04444444444444443]], "episode_seeds": [13230502010456601857, 14144221371625463497], "episode_types": ["t", "t"], "episode_speed": [[20.8544411731307, 20.146013943668194, 9.40609723705795], [25.0, 20.8544411731307, 24.29157277053749, 24.878938121396065, 24.97931194928485, 24.996464655535434, 24.999395851225657, 29.145455584951797, 25.70840958663349, 25.12105886365203, 29.166246362364642, 29.857521312751373, 29.975652068664235, 17.665187644689244]], "episode_crashed": [[false, false, true], [false, false, false, false, false, false, false, false, false, false, false, false, false, true]], "episode_action": [[4, 1, 1], [2, 4, 3, 0, 1, 1, 0, 3, 4, 1, 3, 2, 2, 4]], "episode_cost": [[0.0, 0.0, 1.0], [0.0, 0.0, 0.0, 0.0, 0.0, 0.0, 0.0, 0.0, 0.0, 0.0, 0.0, 0.0, 0.0, 1.0]]}