episode,sim/wall,total steps,steps/sec,score
0,2.347229307827624,500,23.4722857223219,000: 11.3638
1,0.059827879967912605,500,0.5982787954121783,000: 11.5468
2,0.05585299062014295,500,0.5585299030776365,000: 11.3843
3,0.0559319701382842,500,0.5593196989960735,000: 11.1383
MEAN,0.6297105371384909,500.0,6.297103529951947,n/a
