{"initial_reset_timestamp": 1618601751.2325597, "timestamps": [1618601755.2735133], "episode_lengths": [2], "episode_rewards": [0.9549926798276258], "episode_rewards_": [[0.9327704576054036, 0.022222222222222216]], "episode_seeds": [4746183688199558690], "episode_types": ["t", "t"], "episode_speed": [[29.1455588268693, 13.795397712478918]], "episode_crashed": [[false, true]], "episode_action": [[[3, 4], [3, 1]]], "episode_cost": [[0.0, 1.0]]}