episode,sim/wall,total steps,steps/sec,score
0,2.5189540254424023,500,25.189538439068077,000: 13.5537
1,2.2920103210196365,101,22.9200932895114,000: 0.7828
2,2.298486449513837,500,22.98486273173367,000: 13.8728
3,2.268518643216103,500,22.685184469050526,000: 14.4416
4,2.266984259275774,500,22.669840877358922,000: 14.4781
5,2.30089887310317,500,23.00898671147941,000: -253.6467
MEAN,2.3243087619284872,433.5,23.243084419700335,n/a
