{"initial_reset_timestamp": 1618333133.7693014, "timestamps": [1618333160.7632728, 1618333166.1294138], "episode_lengths": [16, 3], "episode_rewards": [12.132128391240473, 1.6005628757279298], "episode_rewards_": [[0.8444444444444444, 0.8222222222222223, 0.7999999999999999, 0.7999999999999999, 0.7999999999999999, 0.6894517646168187, 0.7811086072143331, 0.8189939054594507, 0.7111223054866369, 0.7149105404232078, 0.7117603888788421, 0.821770300425802, 0.9511179353846212, 0.8626736889926189, 0.9581078432470315, 0.04444444444444443], [0.8444444444444444, 0.7338962090612631, 0.022222222222222216]], "episode_seeds": [16441373747061863086, 16956014739983941784], "episode_types": ["t", "t"], "episode_speed": [[25.0, 25.0, 25.0, 25.0, 25.0, 20.8544411731307, 24.29157277053749, 24.878938121396065, 20.83375312241555, 20.142478599203624, 20.024347916289912, 24.14971959930091, 29.000255910256627, 25.68359667055654, 29.262377455097013, 10.95817250856359], [25.0, 20.8544411731307, 12.544668455603224]], "episode_crashed": [[false, false, false, false, false, false, false, false, false, false, false, false, false, false, false, true], [false, false, true]], "episode_action": [[2, 0, 0, 0, 1, 4, 3, 2, 4, 2, 1, 3, 3, 4, 3, 4], [2, 4, 0]], "episode_cost": [[0.0, 0.0, 0.0, 0.0, 0.0, 0.0, 0.0, 0.0, 0.0, 0.0, 0.0, 0.0, 0.0, 0.0, 0.0, 1.0], [0.0, 0.0, 1.0]]}