episode,sim/wall,total steps,steps/sec,score
0,4.3744948679859785,250,43.74493590506823,000: 6.9510
1,4.049845367756854,250,40.49844272855755,000: 7.0746
2,3.0001606090558353,168,30.00159714890697,000: -1.4772
3,2.865776615771594,250,28.65776067516453,000: 7.3264
4,2.798551210842806,250,27.985507626986013,000: 7.2969
5,2.8136549806884825,250,28.13654452194887,000: 2.9478
6,3.352440406711263,27,33.524344521613045,000: -1.6425
7,2.9554080877771933,98,29.554066003121914,000: 0.0768
MEAN,3.276291518323751,192.875,32.76289989142089,n/a
