{"initial_reset_timestamp": 1618571867.9127886, "timestamps": [1618571883.6782176, 1618571885.4150007, 1618571889.654841, 1618571892.219408, 1618571898.0211284, 1618571903.8762896, 1618571905.6064775, 1618571910.690986, 1618571915.679497, 1618571919.9000592], "episode_lengths": [19, 2, 5, 3, 7, 7, 2, 6, 6, 5], "episode_rewards": [16.350433469305802, 0.9111111111111111, 3.222785097950152, 1.7555555555555558, 5.739113779122228, 5.885331995593633, 0.9111111111111111, 3.6274578985656603, 3.9734543351315934, 3.830904289404917], "episode_rewards_": [[0.8222222222222223, 0.7999999999999999, 0.7999999999999999, 0.7999999999999999, 0.9105482353831814, 0.9516618503910704, 0.9548901671538421, 0.955441848506246, 0.9777583465808567, 0.9777744572148391, 0.9999994325548616, 0.8894516676471208, 0.8483381330379491, 0.8451098300143723, 0.844558151009835, 0.9550121109418508, 0.9961096153843215, 0.9771129568187877, 0.04444444444444443], [0.8666666666666667, 0.04444444444444443], [0.8444444444444444, 0.8444444444444444, 0.8222222222222223, 0.7116739868390409, 0.0], [0.8666666666666667, 0.8444444444444444, 0.04444444444444443], [0.8666666666666667, 0.8666666666666667, 0.9772149020498481, 0.9961062948355148, 0.9993346115982865, 0.9776640707284683, 0.0554605665767763], [0.9772149020498481, 0.9961062948355148, 0.9771123893760643, 0.955441848506246, 0.9333139021364123, 0.9333300127703947, 0.11281264591915297], [0.8666666666666667, 0.04444444444444443], [0.7999999999999999, 0.6894517646168187, 0.6927825940533742, 0.7117764995128245, 0.7112248181604207, 0.022222222222222216], [0.6894517646168187, 0.6705603718311518, 0.7778802904515616, 0.9067682372680057, 0.9287936709640556, 0.0], [0.8666666666666667, 0.8444444444444444, 0.8666666666666667, 0.9772149020498481, 0.27591160957729066]], "episode_seeds": [2721277349785784756, 1586651176785442515, 12976061041946273749, 12229909373324510883, 11462173591951005671, 11864209109981284713, 15545622466881058371, 390398311362090464, 13726209720687069125, 3229704482471877323], "episode_types": ["t", "t", "t", "t", "t", "t", "t", "t", "t", "t"], "episode_speed": [[25.0, 25.0, 25.0, 25.0, 29.1455588268693, 29.853986056331806, 29.975047934935745, 29.995735985650892, 29.99927133011546, 29.999875478889802, 29.999978720807306, 25.85443753676703, 25.146013322256426, 25.024951958872297, 25.00426399620215, 29.14628749365274, 29.85411057691206, 29.975069214037873, 16.116627995768347], [25.0, 13.436031033643246], [25.0, 25.0, 25.0, 20.8544411731307, 14.351266838328012], [25.0, 25.0, 10.623693499187137], [25.0, 25.0, 29.1455588268693, 29.853986056331806, 29.975047934935745, 29.995735985650892, 21.24643791329578], [29.1455588268693, 29.853986056331806, 29.975047934935745, 29.995735985650892, 29.99927133011546, 29.999875478889802, 24.230474221968237], [25.0, 16.525730589849108], [25.0, 20.8544411731307, 20.146013943668194, 20.024952065064255, 20.004264014349108, 12.340237485456518], [20.8544411731307, 20.146013943668194, 24.17051089193356, 29.003808897550215, 29.829762661152085, 13.056544774344585], [25.0, 25.0, 25.0, 29.1455588268693, 27.8466853591484]], "episode_crashed": [[false, false, false, false, false, false, false, false, false, false, false, false, false, false, false, false, false, false, true], [false, true], [false, false, false, false, true], [false, false, true], [false, false, false, false, false, false, true], [false, false, false, false, false, false, true], [false, true], [false, false, false, false, false, true], [false, false, false, false, false, true], [false, false, false, false, true]], "episode_action": [[0, 0, 0, 0, 3, 2, 3, 3, 2, 3, 2, 4, 0, 1, 1, 3, 2, 0, 3], [1, 0], [2, 1, 0, 4, 0], [2, 0, 3], [2, 2, 3, 2, 3, 0, 0], [3, 2, 0, 0, 0, 1, 4], [1, 0], [0, 4, 2, 2, 1, 0], [4, 1, 3, 3, 3, 0], [2, 0, 2, 3, 3]], "episode_cost": [[0.0, 0.0, 0.0, 0.0, 0.0, 0.0, 0.0, 0.0, 0.0, 0.0, 0.0, 0.0, 0.0, 0.0, 0.0, 0.0, 0.0, 0.0, 1.0], [0.0, 1.0], [0.0, 0.0, 0.0, 0.0, 1.0], [0.0, 0.0, 1.0], [0.0, 0.0, 0.0, 0.0, 0.0, 0.0, 1.0], [0.0, 0.0, 0.0, 0.0, 0.0, 0.0, 1.0], [0.0, 1.0], [0.0, 0.0, 0.0, 0.0, 0.0, 1.0], [0.0, 0.0, 0.0, 0.0, 0.0, 1.0], [0.0, 0.0, 0.0, 0.0, 1.0]]}