{"initial_reset_timestamp": 1618334304.136632, "timestamps": [1618334321.1049423, 1618334343.7908864], "episode_lengths": [10, 13], "episode_rewards": [6.555129819622612, 9.894670458382452], "episode_rewards_": [[0.6894517646168187, 0.6927825940533742, 0.6673320550683801, 0.6667803737159762, 0.6889083200858099, 0.6666699872296054, 0.7772154694949865, 0.7961063918052128, 0.9098828635524482, 0.0], [0.6894517646168187, 0.6927825940533742, 0.6895542772906024, 0.6667803737159762, 0.6889083200858099, 0.7994404448350089, 0.8405513067250978, 0.9543273883956104, 0.9737703821349637, 0.9548707387887067, 0.9332163062050043, 0.9555355569961922, 0.055481004539286914]], "episode_seeds": [10915241639927096263, 11099494457157103700], "episode_types": ["t", "t"], "episode_speed": [[20.8544411731307, 20.146013943668194, 20.024952065064255, 20.004264014349108, 20.00072866988454, 20.000124521110198, 24.145580106061995, 24.853989692695478, 29.120607383216807, 11.951498462062071], [20.8544411731307, 20.146013943668194, 20.024952065064255, 20.004264014349108, 20.00072866988454, 24.145683347979496, 24.8540073355245, 29.12061039816872, 29.849722663394473, 29.974319371243165, 29.995611482687657, 29.99925005402387, 21.247204336889926]], "episode_crashed": [[false, false, false, false, false, false, false, false, false, true], [false, false, false, false, false, false, false, false, false, false, false, false, true]], "episode_action": [[4, 2, 0, 1, 2, 0, 3, 1, 3, 1], [4, 2, 1, 0, 2, 3, 2, 3, 1, 0, 0, 2, 3]], "episode_cost": [[0.0, 0.0, 0.0, 0.0, 0.0, 0.0, 0.0, 0.0, 0.0, 1.0], [0.0, 0.0, 0.0, 0.0, 0.0, 0.0, 0.0, 0.0, 0.0, 0.0, 0.0, 0.0, 1.0]]}