episode,sim/wall,total steps,steps/sec,score
0,0.33782253463578554,500,3.3782252973811207,"013: -4.9282, 003: 13.9218, 011: 13.9529, 007: 4.6629, 001: 13.9934, 009: 14.2838, 006: 13.9089, 002: 1.4336, 005: -1.4693, 008: 13.6070, 014: 13.9722, 000: 14.0992, 010: 14.4989, 004: 14.5795, 012: 14.5327"
1,0.28009763872949667,231,2.800976322515557,"013: 2.7939, 003: 6.1590, 011: 3.4772, 007: -0.6502, 001: 6.6551, 009: -0.0883, 006: 3.7275, 002: -0.8418, 005: -35.9340, 008: 6.1414, 014: -1.7796, 000: -11.5188, 010: 6.8538, 004: 6.9419, 012: 6.4303"
2,0.27918493694470803,500,2.7918493359970467,"013: 14.0583, 003: -2.0970, 011: 13.9335, 007: 14.0900, 001: 1.5232, 009: -1.3946, 006: 14.2888, 002: -24.6217, 005: 0.7235, 008: 2.4327, 014: 14.0914, 000: 14.0355, 010: 13.9852, 004: 13.7368, 012: 13.6442"
3,0.27574641142195117,428,2.7574640845702345,"013: 6.2313, 003: 11.8377, 011: 11.9741, 007: 12.1002, 001: 2.1587, 009: 4.4113, 006: 12.4645, 002: 12.6211, 005: -10.8212, 008: -6.6265, 014: -11.1958, 000: 12.0956, 010: 12.4571, 004: 12.5318, 012: -3.9866"
4,0.2650351314097584,230,2.6503512558458135,"013: 5.8314, 003: -0.9763, 011: 6.0156, 007: 6.5944, 001: -0.1401, 009: 6.6737, 006: -3.7324, 002: 0.1826, 005: -0.2924, 008: 6.7990, 014: 6.8067, 000: 6.8754, 010: 6.8837, 004: -0.9988, 012: -0.7456"
5,0.2582712484743884,356,2.582712449005723,"013: -5.1868, 003: -1.3857, 011: 10.2287, 007: -1.7133, 001: 9.1889, 009: 10.0894, 006: 2.0399, 002: 2.0668, 005: 10.0260, 008: 10.4293, 014: 10.3276, 000: 10.1598, 010: 10.2740, 004: 1.7555, 012: 2.9293"
6,0.23969021729894785,114,2.396902064851474,"013: 2.2623, 003: 2.2913, 011: -5.2483, 007: -0.8399, 001: 3.4214, 009: 2.8057, 006: -7.2698, 002: -2.3449, 005: 3.2824, 008: -2.1376, 014: 3.4213, 000: 3.1530, 010: 1.8278, 004: 3.3917, 012: 0.5083"
7,0.23073394062388444,500,2.3073393859301015,"013: 14.1441, 003: 14.4725, 011: 14.2219, 007: 14.4062, 001: -3.9328, 009: 14.3507, 006: 14.2262, 002: 1.7406, 005: -0.2266, 008: 13.8866, 014: 1.5163, 000: 13.6959, 010: 14.3041, 004: 13.9310, 012: 13.7440"
MEAN,0.27082275744236506,357.375,2.7082275245121337,n/a
