episode,sim/wall,total steps,steps/sec,score
0,4.178833706887081,500,41.78833207276684,000: 13.5793
1,2.8934896193821995,500,28.93489419771451,000: 14.1825
2,3.418064082960788,463,34.18063721991119,000: 10.8502
3,3.339471641599886,209,33.394710055088865,000: 0.2997
4,3.3266113712398724,378,33.2661088264331,000: 9.4365
MEAN,3.4312940844139654,410.0,34.3129364743829,n/a
