{"initial_reset_timestamp": 1618335063.7091436, "timestamps": [1618335076.0199065, 1618335090.0649955], "episode_lengths": [7, 8], "episode_rewards": [4.932793209365263, 6.484412876799553], "episode_rewards_": [[0.7338962090612631, 0.7372270384978186, 0.8445469571182284, 0.8406644463292686, 0.8215762650174296, 0.9326600711190324, 0.022222222222222216], [0.8444444444444444, 0.8666666666666667, 0.9772149020498481, 0.8855580594523337, 0.8698949834294383, 0.9777665834022521, 0.9962005706879035, 0.06666666666666665]], "episode_seeds": [16527210994767078299, 10142221917510287700], "episode_types": ["t", "t"], "episode_speed": [[20.8544411731307, 20.146013943668194, 24.17051089193356, 24.85825007068091, 24.97577660482028, 29.141419333630385, 11.958204806170174], [25.0, 25.0, 29.1455588268693, 25.70842722946251, 25.121061878603935, 29.16624687758445, 29.857521400796376, 17.238924081788152]], "episode_crashed": [[false, false, false, false, false, false, true], [false, false, false, false, false, false, false, true]], "episode_action": [[4, 2, 3, 0, 0, 3, 3], [1, 2, 3, 4, 2, 3, 1, 2]], "episode_cost": [[0.0, 0.0, 0.0, 0.0, 0.0, 0.0, 1.0], [0.0, 0.0, 0.0, 0.0, 0.0, 0.0, 0.0, 1.0]]}