{"initial_reset_timestamp": 1618336596.792865, "timestamps": [1618336613.2924821, 1618336636.612113, 1618336668.960392, 1618336676.4053226, 1618336680.1977715], "episode_lengths": [9, 13, 18, 4, 2], "episode_rewards": [7.11267626262472, 11.136076234095293, 14.8614269853789, 2.511111111111111, 0.8444444444444446], "episode_rewards_": [[0.9549926798276257, 0.8633358372301115, 0.847672761207216, 0.9555443611800297, 0.9739783484656811, 0.8665802646268655, 0.7376789602942387, 0.8261994793390105, 0.08669357045394117], [0.8666666666666667, 0.8666666666666667, 0.8666666666666667, 0.8666666666666667, 0.8666666666666667, 0.8666666666666667, 0.8666666666666667, 0.8666666666666667, 0.9772149020498481, 0.9961062948355148, 0.9993346115982865, 0.9998862929506904, 0.23020079932761672], [0.8444444444444444, 0.8222222222222223, 0.7116739868390409, 0.6705603718311518, 0.7778802904515616, 0.9067682372680057, 0.9287936709640556, 0.9325575584452489, 0.9332007625322413, 0.9333106785431718, 0.9333294618962368, 0.9333326717502824, 0.8227849848933925, 0.9144419212275964, 0.9301050132689891, 0.9327816514167296, 0.9332390573845298, 0.0], [0.7999999999999999, 0.7999999999999999, 0.7999999999999999, 0.11111111111111109], [0.8222222222222223, 0.022222222222222216]], "episode_seeds": [3313500087379823152, 11472381383791037643, 16790363799181786082, 8545230589341896387, 13493378618263326183], "episode_types": ["t", "t", "t", "t", "t"], "episode_speed": [[29.1455588268693, 25.70842722946251, 25.121061878603935, 29.16624687758445, 29.857521400796376, 25.83009325684079, 20.996294344367286, 24.315813808546228, 21.584342225356128], [25.0, 25.0, 25.0, 25.0, 25.0, 25.0, 25.0, 25.0, 29.1455588268693, 29.853986056331806, 29.975047934935745, 29.995735985650892, 26.132529974785626], [25.0, 25.0, 20.8544411731307, 20.146013943668194, 24.17051089193356, 29.003808897550215, 29.829762661152085, 29.97090844169683, 29.99502859495905, 29.99915044536894, 29.99985482110888, 29.99997519063559, 25.854436933502214, 29.29157204603486, 29.87893799758709, 29.97931192812736, 29.996464651919865, 17.274004439447232], [25.0, 25.0, 25.0, 23.333333333333332], [25.0, 12.778996791476533]], "episode_crashed": [[false, false, false, false, false, false, false, false, true], [false, false, false, false, false, false, false, false, false, false, false, false, true], [false, false, false, false, false, false, false, false, false, false, false, false, false, false, false, false, false, true], [false, false, false, true], [false, true]], "episode_action": [[3, 4, 1, 3, 3, 4, 4, 3, 3], [2, 2, 2, 1, 1, 1, 2, 2, 3, 1, 1, 2, 3], [2, 0, 4, 0, 3, 3, 3, 3, 1, 3, 0, 3, 4, 3, 3, 0, 3, 3], [1, 1, 1, 2], [2, 4]], "episode_cost": [[0.0, 0.0, 0.0, 0.0, 0.0, 0.0, 0.0, 0.0, 1.0], [0.0, 0.0, 0.0, 0.0, 0.0, 0.0, 0.0, 0.0, 0.0, 0.0, 0.0, 0.0, 1.0], [0.0, 0.0, 0.0, 0.0, 0.0, 0.0, 0.0, 0.0, 0.0, 0.0, 0.0, 0.0, 0.0, 0.0, 0.0, 0.0, 0.0, 1.0], [0.0, 0.0, 0.0, 1.0], [0.0, 1.0]]}