{"initial_reset_timestamp": 1618333094.812331, "timestamps": [1618333110.3321202, 1618333120.6987467], "episode_lengths": [9, 6], "episode_rewards": [6.160012800862806, 3.6496995519848037], "episode_rewards_": [[0.7338962090612631, 0.6927825940533742, 0.8001025126737838, 0.8184422241070465, 0.8437984872396519, 0.8221118357358511, 0.7116551230872584, 0.6927793704601335, 0.04444444444444443], [0.7338962090612631, 0.7372270384978186, 0.7339987217350469, 0.7112248181604207, 0.6889083200858099, 0.04444444444444443]], "episode_seeds": [7737692885205379030, 15307478488327915573], "episode_types": ["t", "t"], "episode_speed": [[20.8544411731307, 20.146013943668194, 24.17051089193356, 24.85825007068091, 24.97577660482028, 24.995860506761083, 20.853733782438855, 20.145893058921672, 11.55343307224915], [20.8544411731307, 20.146013943668194, 20.024952065064255, 20.004264014349108, 20.00072866988454, 12.33938738746079]], "episode_crashed": [[false, false, false, false, false, false, false, false, true], [false, false, false, false, false, true]], "episode_action": [[4, 0, 3, 1, 2, 0, 4, 1, 2], [4, 2, 4, 0, 0, 2]], "episode_cost": [[0.0, 0.0, 0.0, 0.0, 0.0, 0.0, 0.0, 0.0, 1.0], [0.0, 0.0, 0.0, 0.0, 0.0, 1.0]]}