episode,sim/wall,total steps,steps/sec,score
0,1.512099622679536,500,15.120994700428625,"000: 11.9314, 001: 10.8262"
1,0.32141442405559595,500,3.214144117404147,"000: 11.2775, 001: 3.6469"
2,0.24697794947191987,500,2.4697794539985694,"000: 11.0422, 001: 7.3765"
3,0.21541013827293165,500,2.154101358390747,"000: 11.3450, 001: 11.3492"
MEAN,0.5739755336199959,500.0,5.739754907555522,n/a
