episode,sim/wall,total steps,steps/sec,score
0,0.21295017370493965,161,2.129501683326404,"027: 4.6405, 012: 4.9090, 003: 1.9342, 000: 4.4291, 015: -7.6948, 011: -0.7762, 013: -0.6651, 005: -0.5684, 021: 2.6478, 025: 0.2269, 026: 4.7115, 002: -0.5566, 023: 2.1812, 029: 4.3901, 001: -13.6114, 018: 3.6839, 007: 4.7506, 016: 4.7050, 009: 4.6937, 020: 4.7794, 028: -2.6987, 017: 4.4260, 010: 4.7831, 008: 4.4265, 006: 4.8246, 022: 4.7085, 019: -1.6420, 004: 4.6646, 014: 3.7593, 024: 4.9747"
1,0.10330941841664155,433,1.0330941782897356,"027: 12.0108, 012: 12.4123, 003: -12.1160, 000: -2.0841, 015: 12.2344, 011: 12.5282, 013: 2.3998, 005: 12.4253, 021: 12.7673, 025: 10.4848, 026: 12.3430, 002: 12.7350, 023: -8.4540, 029: 2.6479, 001: -1.3098, 018: 12.3987, 007: 7.7983, 016: -3.0972, 009: -0.5591, 020: 12.2154, 028: 12.2668, 017: 12.6302, 010: 4.2768, 008: 12.1437, 006: 11.7400, 022: -14.8277, 019: -1.0358, 004: -0.7790, 014: 0.0749, 024: 11.9603"
2,0.06458590578436524,251,0.6458590550700772,"027: -0.1381, 012: -2.9927, 003: 6.8380, 000: -4.5526, 015: 6.7480, 011: 7.2459, 013: 6.9162, 005: 0.2702, 021: 7.2228, 025: 7.0975, 026: 3.0633, 002: 6.8749, 023: 4.6679, 029: 7.3672, 001: 4.6063, 018: 6.7830, 007: 0.4168, 016: 7.3080, 009: 7.3353, 020: -2.5005, 028: 7.0632, 017: 7.2473, 010: -1.0915, 008: -3.6738, 006: 7.4617, 022: 7.2719, 019: -4.5931, 004: 7.1369, 014: 4.6527, 024: -2.1992"
3,0.05781507928878729,161,0.5781507894229425,"027: -3.9428, 012: -0.0037, 003: 2.2464, 000: 4.3879, 015: 0.3917, 011: 4.3492, 013: 4.6604, 005: -2.2482, 021: 4.6724, 025: 4.8635, 026: 4.6186, 002: 4.6074, 023: 4.8965, 029: -0.7663, 001: 4.4710, 018: 3.2072, 007: -2.3946, 016: 4.7450, 009: -11.0097, 020: 4.0927, 028: 0.8610, 017: -2.3608, 010: 4.6453, 008: 4.7548, 006: -4.2120, 022: 3.0659, 019: 4.7366, 004: 4.7077, 014: 4.8843, 024: 4.8929"
4,0.052483246911361296,209,0.524832466285624,"027: -3.1013, 012: 2.2536, 003: -0.8540, 000: 6.1884, 015: 3.8416, 011: 5.8176, 013: 5.8715, 005: 5.6065, 021: 0.1443, 025: -0.4566, 026: 6.2529, 002: 0.6413, 023: -3.5490, 029: 6.0924, 001: 5.5752, 018: -43.1221, 007: -2.8208, 016: -0.7272, 009: 4.9324, 020: 6.1322, 028: -0.5465, 017: 6.0365, 010: 2.0841, 008: 6.0720, 006: 6.1338, 022: 6.2231, 019: -0.3555, 004: 6.2011, 014: 5.0266, 024: 6.2046"
MEAN,0.098228764821219,243.0,0.9822876344789568,n/a
