episode,sim/wall,total steps,steps/sec,score
0,2.826016424015873,500,28.26015928950296,000: 13.5537
1,2.3859360090529615,101,23.85934396487857,000: 0.7828
2,2.4010986502830716,500,24.010982929004864,000: 13.8728
3,2.375277385843886,500,23.75277089912253,000: 14.4416
4,2.373591396265406,500,23.73591047024346,000: 14.4781
5,2.4511992771625177,500,24.511989620105957,000: -253.6467
MEAN,2.4688531904372857,433.5,24.68852619547639,n/a
