episode,sim/wall,total steps,steps/sec,score
0,0.37318489535935323,460,3.731848888629514,"003: -452.1003, 008: 11.4672, 001: 12.6464, 009: 13.0616, 011: 12.0636, 000: 13.3627, 005: 0.5690, 002: -117.9709, 010: 13.3739, 006: 12.7445, 013: 0.1762, 007: 13.2539, 014: 12.4282, 004: 13.2923, 012: 8.7067"
1,0.35087257847396686,313,3.5087257097183673,"003: 3.0386, 008: 8.9780, 001: 9.2487, 009: 8.4916, 011: -0.0478, 000: 3.1357, 005: 9.2113, 002: -0.8411, 010: -1.1137, 006: -2.4724, 013: 8.9028, 007: -5.9266, 014: -1.7659, 004: 9.2514, 012: 8.4535"
2,0.30303981185374096,234,3.030398043683655,"003: -3.4950, 008: 3.4511, 001: -0.9094, 009: 6.8363, 011: 6.9602, 000: 5.5029, 005: 0.8546, 002: -0.2190, 010: -3.1199, 006: 6.5246, 013: 6.8238, 007: 6.6468, 014: 6.6807, 004: 4.0344, 012: 6.2312"
3,0.3236499369084573,341,3.2364993178179384,"003: 10.0639, 008: -6.2476, 001: 2.4739, 009: 9.4602, 011: 9.7569, 000: 10.1745, 005: -10.8272, 002: 9.7898, 010: -184.3270, 006: 5.2343, 013: 9.9869, 007: -7.6884, 014: -270.4638, 004: 0.1760, 012: -3.9994"
4,0.3208098311017011,154,3.2080981676143523,"003: -0.9758, 008: 4.4087, 001: 0.2214, 009: 4.4019, 011: 4.6329, 000: 4.6053, 005: -2.9853, 002: 4.4650, 010: 4.6916, 006: 0.9937, 013: 4.3281, 007: 3.7059, 014: 1.1531, 004: -0.9989, 012: 3.1512"
5,0.2973517260531697,203,2.973517156686845,"003: -17.7650, 008: 5.9878, 001: 2.4641, 009: -0.8649, 011: 5.8360, 000: 6.0796, 005: 0.6868, 002: 0.3085, 010: 6.0141, 006: -0.3822, 013: -6.7055, 007: 5.8453, 014: 6.1123, 004: -3.2045, 012: -30.3731"
6,0.3158849980908544,107,3.1588498252717274,"003: 0.2729, 008: -6.7396, 001: 3.1713, 009: 2.6240, 011: -19.9246, 000: 3.2132, 005: 3.2158, 002: 0.1886, 010: 3.1376, 006: -12.4002, 013: 0.2417, 007: -0.8340, 014: 3.0736, 004: 2.8489, 012: -3.7312"
7,0.28702765763176147,202,2.8702764985271805,"003: 5.6187, 008: 5.9480, 001: -1.0132, 009: 4.5637, 011: 4.1376, 000: 5.9502, 005: 2.9151, 002: 5.1185, 010: 5.9930, 006: 0.8208, 013: 5.8628, 007: 0.6617, 014: 2.3456, 004: 5.9083, 012: 2.6881"
MEAN,0.32147767943412564,251.75,3.2147767009936974,n/a
