episode,sim/wall,total steps,steps/sec,score
0,1.4946875015991712,500,14.946873098456505,"000: 11.9314, 001: 10.8262"
1,0.29406689617207155,500,2.9406688751279426,"000: 11.2775, 001: 3.6469"
MEAN,0.8943771988856214,500.0,8.943770986792224,n/a
