episode,sim/wall,total steps,steps/sec,score
0,3.780588867414425,500,37.80588390339074,000: 13.5537
1,1.9908568042727803,101,19.908562429018787,000: 0.7828
2,1.9969164968712385,500,19.96916363768218,000: 13.8728
3,1.9811645247802856,500,19.811644124847728,000: 14.4416
4,1.978568196901666,500,19.78568066233393,000: 14.4781
5,2.0338875613058214,500,20.33887423228618,000: -253.6467
MEAN,2.2936637419243695,433.5,22.936634831593256,n/a
