episode,sim/wall,total steps,steps/sec,score
0,3.8910693109894408,500,38.91068877818587,000: 13.5079
1,1.7632776107627022,99,17.632771615030393,000: 0.9950
2,3.0585393801354432,500,30.58539067889906,000: 11.5570
3,3.0077574582496656,500,30.07757156286679,000: 14.2280
4,2.997211751797175,500,29.97211409112343,000: 14.3237
5,3.018132248883944,500,30.181319448342162,000: 11.6264
MEAN,2.9559979601363953,433.1666666666667,29.55997602907462,n/a
