episode,sim/wall,total steps,steps/sec,score
0,0.3995998891986201,204,3.99599874268936,"006: 6.1443, 009: 6.0602, 002: 1.4682, 014: 5.4712, 001: -13.6304, 013: -2.8729, 000: 5.8135, 004: 3.2834, 007: 3.2752, 010: 6.2565, 003: 5.8892, 008: 5.8664, 011: -0.7768, 005: -2.1151, 012: 5.9164"
1,0.19621429434211138,278,1.9621429203082041,"006: 6.5131, 009: -22.7206, 002: 8.0632, 014: 8.0638, 001: 3.0108, 013: 3.6687, 000: 8.0041, 004: -0.7534, 007: 7.6286, 010: 7.6523, 003: -13.4172, 008: 7.5720, 011: -2.0413, 005: 8.0238, 012: 8.1688"
2,0.14110528223578403,229,1.4110528099200736,"006: 6.6736, 009: 6.5271, 002: 6.7434, 014: 0.1141, 001: -0.7838, 013: 4.1614, 000: -33.8576, 004: 6.1894, 007: 6.7166, 010: 2.0831, 003: 6.4306, 008: 2.1099, 011: 3.7641, 005: -0.7681, 012: 6.5953"
3,0.10971924413297857,236,1.097192432816607,"006: -2.6785, 009: 6.8241, 002: 7.1683, 014: 6.9360, 001: 6.9169, 013: -1.2073, 000: 1.5263, 004: 1.2931, 007: -10.4125, 010: 1.3137, 003: 4.1862, 008: 7.1017, 011: 6.9242, 005: 6.8689, 012: 6.8508"
4,0.10870146986850934,301,1.0870146902617028,"006: 8.5851, 009: 8.2829, 002: 4.4898, 014: 2.2870, 001: 8.5231, 013: 5.3548, 000: 8.4384, 004: 8.9496, 007: 0.0209, 010: 8.7770, 003: 0.7435, 008: 0.0510, 011: 3.9030, 005: -1.3854, 012: 8.6168"
MEAN,0.19106803595560068,249.6,1.9106803191991895,n/a
