episode,sim/wall,total steps,steps/sec,score
0,4.188134960965198,500,41.881345427677395,000: 13.5793
1,2.89324815043513,500,28.93247791195769,000: 14.1825
2,2.967544634591672,463,29.67544317159005,000: 10.8498
3,2.8999584628309827,209,28.999577912856985,000: 0.2997
4,2.8840676758915484,382,28.840673124909717,000: 9.2919
5,2.9745373536717894,205,29.745366333558533,000: 4.9279
6,3.4181281250886633,27,34.18117808129869,000: -1.6478
7,3.0124375298240733,316,30.124369136101137,000: -243.8257
MEAN,3.154757111662382,325.25,31.547553887493777,n/a
