episode,sim/wall,total steps,steps/sec,score
0,2.7844436270962043,500,27.844432573983813,000: 11.1456
1,0.49113684841282595,500,4.911368185075062,000: 11.6115
MEAN,1.637790237754515,500.0,16.377900379529436,n/a
