episode,sim/wall,total steps,steps/sec,score
0,2.733977164145569,500,27.339769502946737,000: 13.5793
1,1.8239056061498788,500,18.23905463386347,000: 14.1825
2,1.8452083092268958,500,18.45208211814972,000: 4.9712
MEAN,2.1343636931741146,500.0,21.343635418319977,n/a
