episode,sim/wall,total steps,steps/sec,score
0,2.7132239574930592,500,27.1322315012961,000: 11.1456
1,0.4913944187816539,500,4.913944084189514,000: 11.6115
MEAN,1.6023091881373566,500.0,16.023087792742807,n/a
