{"initial_reset_timestamp": 1618393364.3060088, "timestamps": [1618393367.9095614, 1618393371.0705984, 1618393375.5731723, 1618393376.6992478, 1618393379.629159, 1618393382.1168425, 1618393384.4089897, 1618393387.5295305, 1618393389.6568887, 1618393393.382948, 1618393395.2935984, 1618393400.0382373, 1618393401.6356766, 1618393404.6384368, 1618393406.7015061, 1618393410.3528655, 1618393414.285262, 1618393415.7045765, 1618393418.8118305, 1618393420.922236], "episode_lengths": [13, 13, 13, 6, 10, 13, 7, 13, 7, 11, 6, 10, 6, 10, 6, 13, 12, 5, 13, 13], "episode_rewards": [3.0, 1.0, 2.0, -1.0, -3.0, 5.0, -1.0, 7.0, -1.0, 0.0, -3.0, -2.0, 1.0, -1.0, -1.0, 2.0, 7.0, 0.0, 7.0, 7.0], "episode_rewards_": [[0.0, 0.0, 0.0, 0.0, 0.0, 0.0, 1.0, 1.0, 1.0, 0.0, 0.0, 0.0, 0.0], [1.0, 0.0, 0.0, 0.0, 0.0, 0.0, 0.0, 0.0, 0.0, 0.0, 0.0, 0.0, 0.0], [1.0, 1.0, 0.0, 0.0, 0.0, 0.0, 0.0, 0.0, 0.0, 0.0, 0.0, 0.0, 0.0], [1.0, 1.0, 1.0, 0.0, 1.0, -5.0], [1.0, 1.0, 0.0, 0.0, 0.0, 0.0, 0.0, 0.0, 0.0, -5.0], [1.0, 0.0, 0.0, 0.0, 0.0, 1.0, 1.0, 1.0, 1.0, 0.0, 0.0, 0.0, 0.0], [0.0, 1.0, 1.0, 0.0, 0.0, 1.0, -4.0], [1.0, 1.0, 1.0, 0.0, 1.0, 1.0, 1.0, 1.0, 0.0, 0.0, 0.0, 0.0, 0.0], [1.0, 0.0, 1.0, 1.0, 1.0, 0.0, -5.0], [1.0, 0.0, 1.0, 0.0, 0.0, 0.0, 0.0, 0.0, 1.0, 1.0, -4.0], [0.0, 1.0, 1.0, 0.0, 0.0, -5.0], [1.0, 1.0, 0.0, 0.0, 0.0, 0.0, 0.0, 0.0, 1.0, -5.0], [1.0, 1.0, 1.0, 1.0, 1.0, -4.0], [0.0, 1.0, 0.0, 0.0, 1.0, 1.0, 1.0, 0.0, 0.0, -5.0], [0.0, 1.0, 1.0, 0.0, 1.0, -4.0], [1.0, 0.0, 0.0, 0.0, 0.0, 0.0, 0.0, 0.0, 0.0, 0.0, 0.0, 0.0, 1.0], [0.0, 1.0, 0.0, 0.0, 0.0, 1.0, 1.0, 1.0, 0.0, 1.0, 1.0, 1.0], [1.0, 1.0, 1.0, 1.0, -4.0], [1.0, 0.0, 0.0, 1.0, 1.0, 1.0, 1.0, 1.0, 1.0, 0.0, 0.0, 0.0, 0.0], [1.0, 1.0, 1.0, 1.0, 0.0, 1.0, 1.0, 0.0, 0.0, 0.0, 0.0, 0.0, 1.0]], "episode_seeds": [17170955237216744472, 10457327914272571665, 14604750730072236860, 18017075504127472672, 16325648484811066920, 17175074168203388284, 16560935725396185248, 17414743249657677525, 15295521947803891053, 18317213532401192439, 12951453747241097205, 18014498802848633871, 12102287537911654195, 16107090369369966898, 11292172997809567263, 13117572184241334340, 1453651407530663605, 16069100451645547493, 6608259099537472379, 16637950900656729047], "episode_types": ["t", "t", "t", "t", "t", "t", "t", "t", "t", "t", "t", "t", "t", "t", "t", "t", "t", "t", "t", "t"], "episode_speed": [[5.439885290443771, 0.9296123938526437, 0.15885982087205838, 0.027147274341850918, 3.7356420939695596, 4.369380226815925, 8.208681561735675, 8.864772989057895, 8.976891294826336, 5.2650480499860075, 4.6307377106662795, 0.7913385923924543, 3.866233399227851], [9.17088823462614, 5.29819984455127, 4.636402962314226, 0.7923067172452849, 3.8663988403748486, 0.6607220721922133, 0.11290962849545247, 0.01929492708588121, 0.003297276026946336, 0.0005634656793199529, 9.628965521140557e-05, 1.645476919183682e-05, 3.7310057561088272], [9.17088823462614, 9.029202788733636, 5.273987468830482, 0.9012624079888264, 0.15401514183611464, 0.026319375694068215, 0.004497671648821459, 0.0007685991679951405, 0.00013134455495380972, 2.2445239123812595e-05, 3.835627289629908e-06, 6.55463576208702e-07, 1.120110134000416e-07], [9.17088823462614, 9.029202788733636, 9.00499041301285, 5.2698498586874525, 8.362561227460652, 3.7051022656023673], [9.17088823462614, 9.029202788733636, 5.273987468830482, 0.9012624079888264, 3.885018086018484, 0.6639038822103247, 3.8444563065747324, 4.387975295510256, 4.480856296015232, 2.771719503242706], [9.17088823462614, 5.29819984455127, 4.636402962314226, 0.7923067172452849, 3.8663988403748486, 8.12272796055695, 8.850084529892705, 8.974381209970216, 8.995622050198552, 5.268248915704779, 4.631284700958236, 0.7914320665978045, 3.866249372869786], [5.439885290443771, 8.391618282217381, 8.896034722269311, 5.251230613043818, 4.628376473260172, 8.25294097306533, 3.172998341729079], [9.17088823462614, 9.029202788733636, 9.00499041301285, 5.2698498586874525, 8.362561227460652, 8.891069213478497, 8.981385010194904, 8.996818917254624, 5.2684534462030745, 4.631319652814017, 0.7914380394587357, 0.13524744937907685, 3.754115142044448], [9.17088823462614, 5.29819984455127, 8.367405906496595, 8.89189711212628, 8.981526488333271, 5.265840150021559, 1.0417121558385656], [9.17088823462614, 5.29819984455127, 8.367405906496595, 5.16089416794391, 0.8819360934522774, 0.15071250206313427, 0.02575499341365753, 3.7354041695396365, 8.10034251251249, 8.846259120195072, 3.8854550611414598], [5.439885290443771, 8.391618282217381, 8.896034722269311, 5.251230613043818, 4.628376473260172, 3.944186676843464], [9.17088823462614, 9.029202788733636, 5.273987468830482, 0.9012624079888264, 3.885018086018484, 0.6639038822103247, 3.8444563065747324, 4.387975295510256, 8.211859240197601, 3.996667264773536], [9.17088823462614, 9.029202788733636, 9.00499041301285, 9.000852802869822, 9.000145733976908, 3.670507889964938], [5.439885290443771, 8.391618282217381, 5.16503177808694, 4.613646106527559, 8.250423726699, 8.87190623393795, 8.978110282451043, 5.265256360629224, 4.630773308504353, 1.7571285256921403], [5.439885290443771, 8.391618282217381, 8.896034722269311, 5.251230613043818, 8.35937941744254, 8.285051753560666], [9.17088823462614, 5.29819984455127, 4.636402962314226, 0.7923067172452849, 3.8663988403748486, 0.6607220721922133, 0.11290962849545247, 0.01929492708588121, 3.7343002202093154, 0.6381479721955764, 0.10905198039875325, 3.7496386445951964, 8.102775016825564], [5.439885290443771, 8.391618282217381, 5.16503177808694, 4.613646106527559, 4.5194207825166295, 8.234321727421694, 8.869154591707503, 8.97764005916796, 5.265176005002498, 8.361762520855528, 8.890932723916762, 8.981361685734653], [9.17088823462614, 9.029202788733636, 9.00499041301285, 9.000852802869822, 4.213788586707042], [9.17088823462614, 5.29819984455127, 4.636402962314226, 8.254312605610021, 8.87257079758973, 8.978223848560292, 8.996278711923516, 8.999364075650075, 8.999891328010484, 5.268978485053189, 0.9004064315938545, 3.8848718097234656, 0.6638788853125015], [9.17088823462614, 9.029202788733636, 9.00499041301285, 9.000852802869822, 5.269142789794539, 8.362440397705782, 8.891048565094996, 5.25037853744673, 0.8972279193832475, 3.8843286393830576, 4.394789008074298, 4.482020679326552, 4.496927545630338]], "episode_crashed": [[false, false, false, false, false, false, false, false, false, false, false, false, false], [false, false, false, false, false, false, false, false, false, false, false, false, false], [false, false, false, false, false, false, false, false, false, false, false, false, false], [false, false, false, false, false, true], [false, false, false, false, false, false, false, false, false, true], [false, false, false, false, false, false, false, false, false, false, false, false, false], [false, false, false, false, false, false, true], [false, false, false, false, false, false, false, false, false, false, false, false, false], [false, false, false, false, false, false, true], [false, false, false, false, false, false, false, false, false, false, true], [false, false, false, false, false, true], [false, false, false, false, false, false, false, false, false, true], [false, false, false, false, false, true], [false, false, false, false, false, false, false, false, false, true], [false, false, false, false, false, true], [false, false, false, false, false, false, false, false, false, false, false, false, false], [false, false, false, false, false, false, false, false, false, false, false, false], [false, false, false, false, true], [false, false, false, false, false, false, false, false, false, false, false, false, false], [false, false, false, false, false, false, false, false, false, false, false, false, false]],