{"initial_reset_timestamp": 1618053518.4580064, "timestamps": [1618053533.7832897, 1618053548.9759738, 1618053552.5017006], "episode_lengths": [9, 9, 2], "episode_rewards": [5.983239675216954, 7.26197054684616, 1.0883260131609593], "episode_rewards_": [[0.7999999999999999, 0.6894517646168187, 0.6705603718311518, 0.6673320550683801, 0.6890025959381983, 0.6889083200858099, 0.7994404448350089, 0.928877319886057, 0.04966680295552991], [0.8222222222222223, 0.9327704576054036, 0.9294396281688483, 0.9326679449316199, 0.9332196262840239, 0.9555361243586344, 0.9333300127703947, 0.8227845305050135, 0.0], [0.8222222222222223, 0.26610379093873693]], "episode_seeds": [11686149324178793952, 8411688301862687084, 10034540629098979664], "episode_types": ["t", "t", "t", "t"], "episode_speed": [[25.0, 20.8544411731307, 20.146013943668194, 20.024952065064255, 20.004264014349108, 20.00072866988454, 24.145683347979496, 28.999566162393805, 21.029171777499037], [25.0, 29.1455588268693, 29.853986056331806, 29.975047934935745, 29.995735985650892, 29.99927133011546, 29.999875478889802, 25.854419893938005, 17.892490180843193], [25.0, 29.1455588268693]], "episode_crashed": [[false, false, false, false, false, false, false, false, true], [false, false, false, false, false, false, false, false, true], [false, true]], "episode_action": [[1, 4, 0, 1, 2, 4, 3, 3, 1], [2, 3, 0, 0, 1, 2, 0, 4, 0], [2, 3]], "episode_cost": [[0.0, 0.0, 0.0, 0.0, 0.0, 0.0, 0.0, 0.0, 1.0], [0.0, 0.0, 0.0, 0.0, 0.0, 0.0, 0.0, 0.0, 1.0], [0.0, 1.0]]}