{"initial_reset_timestamp": 1618070805.9269166, "timestamps": [1618071174.3963542, 1618071525.6459715], "episode_lengths": [40, 40], "episode_rewards": [36.310661825492915, 37.261411442170186], "episode_rewards_": [[0.9772149020498481, 0.8855580594523337, 0.9804432188126198, 0.9966579761879188, 0.9994288874506752, 0.8893541682014918, 0.8483214715298087, 0.7345587473754788, 0.7151180362784847, 0.7340180697014649, 0.8439985821056489, 0.8627929577136783, 0.7554564599990536, 0.7371139153936488, 0.8445276257106613, 0.8628833650413791, 0.9765683803140446, 0.995995811877436, 0.9993157313606241, 0.977660844317985, 0.9999800174474873, 0.9999965852168778, 0.9999994164537407, 0.9777776780565878, 0.9999999829588219, 0.9999999970878632, 0.8894517641191687, 0.8483381495238871, 0.9556580682148065, 0.996220001882341, 0.9771318205725609, 0.9998896135135564, 0.9999811362482052, 0.8894485410235761, 0.8483375987347713, 0.8673319609304677, 0.7562321222457333, 0.8477947023288314, 0.8634416699970465, 0.9766637880623015], [0.9772149020498481, 0.9961062948355148, 0.9771123893760643, 0.9776640707284683, 0.9999805688030788, 0.9999966794370615, 0.8894511971716801, 0.9811085102446353, 0.9745494444440256, 0.9550038713713661, 0.9776835014414705, 0.9555394448388771, 0.9555528024236238, 0.9777773072999222, 0.99999991960087, 0.8894517508775532, 0.7600121341000916, 0.7378924264983073, 0.7341124287157919, 0.7112442493456249, 0.7333560850911905, 0.8438854567242496, 0.9733218613001409, 0.9732187977522475, 0.9547764795072968, 0.9554224206250291, 0.9555328043623108, 0.9777738898665286, 0.977777113379488, 0.9999998864621492, 0.9999999805977172, 0.977777774462156, 0.9555555549889548, 0.8450073200755487, 0.8483381495923833, 0.9556580682265118, 0.9739977796621191, 0.9549095983506805, 0.9776673912913926, 0.9999811362482153]], "episode_seeds": [10675825274145677697, 2431172599331279748], "episode_types": ["t", "t"], "episode_speed": [[29.1455588268693, 25.70842722946251, 29.266620705473237, 29.874674107046957, 29.978583279400315, 25.85078130755594, 25.145388515701157, 20.879286359913788, 20.15025969377651, 20.025677613804934, 24.149946828961834, 24.854735914262935, 20.829617249964514, 20.141771827261827, 24.169785964149796, 24.858126189051717, 29.121314261776668, 29.849842945403847, 29.974339926023404, 29.995614995257764, 29.99925065428077, 29.999871945632915, 29.99997811701527, 29.999996260455372, 29.99999936095582, 29.999999890794868, 25.85444115446883, 25.146013940479097, 29.170510891388577, 29.858250070587786, 29.975776604804366, 29.995860506758365, 29.99929260930769, 25.854320288384102, 25.145993285887254, 25.02494853489254, 20.858704584214998, 24.292301337331175, 24.879062624889244, 29.124892052336303], [29.1455588268693, 29.853986056331806, 29.975047934935745, 29.995735985650892, 29.99927133011546, 29.999875478889802, 25.854419893938005, 29.291569134173823, 29.878937499984293, 29.97931184309289, 29.996464637388478, 29.999395848124557, 29.999896757552555, 29.999982357080416, 29.99999698503262, 25.85444065790825, 21.000455028753436, 20.170965993686522, 20.029216076842193, 20.004992683794267, 20.000853190919646, 24.14570462715936, 28.99956979875528, 29.829038249042615, 29.9707846481903, 29.995007440105258, 29.99914683025332, 29.999854203328155, 29.999975085064133, 29.999995742330594, 29.999999272414392, 29.99999987566418, 29.999999978752474, 25.854441169499747, 25.146013943047706, 29.170510891827526, 29.8582500706628, 29.975776604817188, 29.995860506760557, 29.999292609308068]], "episode_crashed": [[false, false, false, false, false, false, false, false, false, false, false, false, false, false, false, false, false, false, false, false, false, false, false, false, false, false, false, false, false, false, false, false, false, false, false, false, false, false, false, false], [false, false, false, false, false, false, false, false, false, false, false, false, false, false, false, false, false, false, false, false, false, false, false, false, false, false, false, false, false, false, false, false, false, false, false, false, false, false, false, false]], "episode_action": [[3, 4, 3, 1, 1, 4, 0, 4, 1, 2, 3, 1, 4, 1, 3, 1, 3, 1, 1, 0, 2, 1, 1, 0, 2, 1, 4, 0, 3, 2, 0, 2, 1, 4, 0, 2, 4, 3, 1, 3], [3, 1, 0, 1, 2, 1, 4, 3, 0, 0, 2, 0, 1, 2, 2, 4, 4, 1, 1, 0, 2, 3, 3, 0, 0, 1, 1, 2, 1, 2, 1, 0, 0, 4, 2, 3, 1, 0, 2, 2]], "episode_cost": [[0.0, 0.0, 0.0, 0.0, 0.0, 0.0, 0.0, 0.0, 0.0, 0.0, 0.0, 0.0, 0.0, 0.0, 0.0, 0.0, 0.0, 0.0, 0.0, 0.0, 0.0, 0.0, 0.0, 0.0, 0.0, 0.0, 0.0, 0.0, 0.0, 0.0, 0.0, 0.0, 0.0, 0.0, 0.0, 0.0, 0.0, 0.0, 0.0, 0.0], [0.0, 0.0, 0.0, 0.0, 0.0, 0.0, 0.0, 0.0, 0.0, 0.0, 0.0, 0.0, 0.0, 0.0, 0.0, 0.0, 0.0, 0.0, 0.0, 0.0, 0.0, 0.0, 0.0, 0.0, 0.0, 0.0, 0.0, 0.0, 0.0, 0.0, 0.0, 0.0, 0.0, 0.0, 0.0, 0.0, 0.0, 0.0, 0.0, 0.0]]}