episode,sim/wall,total steps,steps/sec,score
0,3.467815199218695,1000,34.67815055860682,000: 27.1091
1,1.8159161061153635,1000,18.15916058943515,000: 27.5745
2,1.8333608280437559,484,18.333607452570476,000: 10.6158
3,1.8051156126320185,1000,18.051155737883594,000: 27.2458
4,1.8041080114905006,1000,18.041079571700713,000: 27.8428
5,1.8026142346856058,1000,18.026141959495245,000: 27.8513
MEAN,2.088154998697657,914.0,20.881549311615334,n/a
