{"initial_reset_timestamp": 1618331852.9732356, "timestamps": [1618331876.6950948, 1618331888.6353447], "episode_lengths": [14, 7], "episode_rewards": [9.071925779154181, 5.672448242963752], "episode_rewards_": [[0.7999999999999999, 0.6894517646168187, 0.6705603718311518, 0.6895542772906024, 0.6667803737159762, 0.6889083200858099, 0.6666699872296054, 0.6666672341118053, 0.6888889858585868, 0.6888889054598694, 0.7111111139428967, 0.71111111159503, 0.7111111111938072, 0.022222222222222216], [0.7999999999999999, 0.9105482353831814, 0.9294396281688483, 0.9548901671538421, 0.9776640707284683, 0.9999805688030788, 0.09992557272633285]], "episode_seeds": [18345364322451836996, 10145314454187194377], "episode_types": ["t", "t"], "episode_speed": [[25.0, 20.8544411731307, 20.146013943668194, 20.024952065064255, 20.004264014349108, 20.00072866988454, 20.000124521110198, 20.000021279192694, 20.000003636363672, 20.00000062141177, 20.000000106191962, 20.00000001814696, 20.0000000031011, 11.516598029620031], [25.0, 29.1455588268693, 29.853986056331806, 29.975047934935745, 29.995735985650892, 29.99927133011546, 21.24720897723748]], "episode_crashed": [[false, false, false, false, false, false, false, false, false, false, false, false, false, true], [false, false, false, false, false, false, true]], "episode_action": [[1, 4, 1, 2, 0, 2, 0, 0, 2, 4, 2, 4, 1, 0], [0, 3, 0, 2, 2, 2, 1]], "episode_cost": [[0.0, 0.0, 0.0, 0.0, 0.0, 0.0, 0.0, 0.0, 0.0, 0.0, 0.0, 0.0, 0.0, 1.0], [0.0, 0.0, 0.0, 0.0, 0.0, 0.0, 1.0]]}