episode,sim/wall,total steps,steps/sec,score
0,3.932235007382766,1000,39.322348230557424,000: 25.9949
1,3.9956047341950374,1000,39.95604543879118,000: 26.6562
2,1.3925666930589948,1000,13.92566665317916,000: 25.4333
3,4.02787564242793,1000,40.278754103448776,000: 26.3425
4,1.3895978652128926,1000,13.89597842193791,000: 26.3744
MEAN,2.9475759884555237,1000.0,29.475758569582887,n/a
