{"initial_reset_timestamp": 1618601797.7248356, "timestamps": [1618601813.4035182, 1618601831.1324458, 1618601844.9413533], "episode_lengths": [6, 7, 6], "episode_rewards": [4.705856003570752, 4.538455302627462, 4.310977972864881], "episode_rewards_": [[0.9327704576054036, 0.9516618503910704, 0.9548901671538421, 0.9332196262840239, 0.9333139021364123, 0.0], [0.7999999999999999, 0.7999999999999999, 0.8222222222222223, 0.7116739868390409, 0.6927825940533742, 0.6895542772906024, 0.022222222222222216], [0.9105482353831814, 0.9294396281688483, 0.8221197095484385, 0.8037799981151758, 0.8228681794270147, 0.022222222222222216]], "episode_seeds": [2453048593760586250, 4465789822729497904, 16335212092905538854], "episode_types": ["t", "t", "t"], "episode_speed": [[29.1455588268693, 29.853986056331806, 29.975047934935745, 29.995735985650892, 29.99927133011546, 13.165447316885173], [25.0, 25.0, 25.0, 20.8544411731307, 20.146013943668194, 20.024952065064255, 8.746850246047881], [29.1455588268693, 29.853986056331806, 25.82948910806644, 25.14174992931909, 25.02422339517972, 12.547038429694812]], "episode_crashed": [[false, false, false, false, false, true], [false, false, false, false, false, false, true], [false, false, false, false, false, true]], "episode_action": [[[3, 3, 1, 0, 0, 1, 3, 4, 1, 3, 3, 3, 0, 0, 1, 2, 0, 4, 4, 0], [1, 0, 1, 3, 0, 1, 3, 1, 4, 1, 0, 1, 1, 2, 0, 0, 0, 2, 1, 4], [3, 3, 3, 4, 4, 4, 4, 2, 1, 0, 3, 3, 2, 1, 2, 1, 4, 4, 2, 4], [0, 3, 2, 0, 2, 4, 0, 1, 1, 1, 0, 0, 0, 1, 3, 1, 4, 2, 4, 4], [3, 2, 2, 2, 4, 4, 3, 2, 1, 0, 1, 3, 4, 3, 2, 4, 1, 0, 2, 1], [4, 4, 1, 2, 4, 1, 2, 2, 3, 1, 4, 4, 0, 3, 4, 3, 0, 0, 4, 2]], [[0, 4, 1, 4, 0, 4, 0, 0, 4, 4, 4, 3, 0, 1, 0, 3, 1, 2, 0, 0], [1, 2, 3, 2, 3, 3, 3, 0, 0, 1, 0, 1, 3, 3, 4, 1, 3, 1, 0, 3], [2, 3, 1, 0, 2, 1, 4, 4, 3, 0, 3, 2, 4, 2, 1, 0, 2, 4, 1, 2], [4, 1, 3, 3, 4, 0, 4, 3, 1, 4, 4, 4, 1, 3, 0, 3, 3, 2, 4, 1], [4, 2, 4, 1, 1, 2, 1, 1, 3, 4, 4, 4, 2, 2, 4, 1, 0, 1, 0, 2], [1, 2, 3, 4, 2, 0, 1, 1, 0, 3, 4, 3, 2, 1, 4, 4, 0, 2, 4, 4], [1, 2, 0, 3, 4, 2, 2, 2, 1, 1, 4, 0, 1, 4, 4, 0, 0, 4, 4, 3]], [[3, 1, 4, 1, 1, 4, 0, 1, 2, 2, 3, 1, 4, 4, 3, 2, 3, 4, 1, 0], [3, 0, 0, 0, 2, 4, 2, 4, 0, 0, 1, 2, 1, 1, 1, 2, 1, 4, 1, 1], [4, 1, 2, 0, 2, 4, 4, 1, 0, 1, 2, 4, 2, 3, 2, 2, 2, 3, 3, 1], [0, 4, 4, 1, 4, 4, 1, 2, 2, 3, 4, 0, 1, 1, 4, 2, 0, 0, 1, 4], [2, 0, 1, 2, 0, 2, 0, 1, 4, 3, 3, 2, 2, 3, 3, 1, 3, 0, 2, 3], [1, 4, 2, 2, 2, 0, 4, 0, 0, 4, 1, 0, 1, 1, 3, 4, 1, 1, 2, 3]]], "episode_cost": [[0.0, 0.0, 0.0, 0.0, 0.0, 1.0], [0.0, 0.0, 0.0, 0.0, 0.0, 0.0, 1.0], [0.0, 0.0, 0.0, 0.0, 0.0, 1.0]]}