{"initial_reset_timestamp": 1618056310.1286273, "timestamps": [1618056315.4199495, 1618056317.5272923, 1618056319.036739], "episode_lengths": [8, 3, 2], "episode_rewards": [6.03998786355203, 1.9066545302186961, 0.9994371242720701], "episode_rewards_": [[0.8222222222222223, 0.8222222222222223, 0.8222222222222223, 0.8222222222222223, 0.8222222222222223, 0.9327704576054036, 0.9516618503910704, 0.04444444444444443], [0.9327704576054036, 0.9516618503910704, 0.022222222222222216], [0.9549926798276257, 0.04444444444444443]], "episode_seeds": [3658954585136403503, 8966584131026307017, 2181963674403669291], "episode_types": ["t", "t", "t"], "episode_speed": [[25.0, 25.0, 25.0, 25.0, 25.0, 29.1455588268693, 29.853986056331806, 18.47370819933294], [29.1455588268693, 29.853986056331806, 12.187818924379089], [29.1455588268693, 13.795397712478918]], "episode_crashed": [[false, false, false, false, false, false, false, true], [false, false, true], [false, true]], "episode_action": [[1, 1, 1, 1, 1, 3, 3, 2], [3, 3, 3], [3, 3]], "episode_cost": [[0.0, 0.0, 0.0, 0.0, 0.0, 0.0, 0.0, 1.0], [0.0, 0.0, 1.0], [0.0, 1.0]]}