{"initial_reset_timestamp": 1618393481.0943809, "timestamps": [1618393485.2432182, 1618393486.7016504, 1618393492.3691611, 1618393496.986694, 1618393499.3097253, 1618393501.793234, 1618393506.5868626, 1618393511.2168524, 1618393514.6290932, 1618393516.6217837, 1618393517.5274858, 1618393520.5380023, 1618393522.8073938, 1618393526.812956, 1618393529.792165, 1618393531.8771424, 1618393535.5135267, 1618393538.5875213, 1618393543.1249797, 1618393546.9094229], "episode_lengths": [13, 6, 13, 13, 13, 11, 13, 13, 12, 7, 5, 13, 8, 13, 8, 10, 11, 13, 13, 11], "episode_rewards": [5.0, -1.0, 1.0, 1.0, 1.0, 8.0, 2.0, 4.0, 9.0, 1.0, -2.0, 1.0, -1.0, 3.0, 0.0, 0.0, -1.0, 1.0, 1.0, -1.0], "episode_rewards_": [[0.0, 0.0, 0.0, 1.0, 1.0, 1.0, 1.0, 1.0, 0.0, 0.0, 0.0, 0.0, 0.0], [1.0, 1.0, 1.0, 1.0, 0.0, -5.0], [0.0, 0.0, 0.0, 0.0, 0.0, 0.0, 0.0, 0.0, 0.0, 0.0, 0.0, 0.0, 1.0], [0.0, 0.0, 0.0, 0.0, 0.0, 0.0, 0.0, 0.0, 1.0, 0.0, 0.0, 0.0, 0.0], [1.0, 0.0, 0.0, 0.0, 0.0, 0.0, 0.0, 0.0, 0.0, 0.0, 0.0, 0.0, 0.0], [1.0, 0.0, 1.0, 0.0, 1.0, 0.0, 1.0, 1.0, 1.0, 1.0, 1.0], [0.0, 0.0, 0.0, 0.0, 0.0, 0.0, 0.0, 0.0, 0.0, 0.0, 1.0, 1.0, 0.0], [0.0, 0.0, 0.0, 0.0, 0.0, 0.0, 0.0, 0.0, 0.0, 1.0, 1.0, 1.0, 1.0], [1.0, 1.0, 1.0, 1.0, 1.0, 1.0, 0.0, 0.0, 0.0, 1.0, 1.0, 1.0], [1.0, 0.0, 1.0, 1.0, 1.0, 1.0, -4.0], [1.0, 1.0, 1.0, 0.0, -5.0], [0.0, 0.0, 0.0, 0.0, 0.0, 0.0, 0.0, 0.0, 0.0, 0.0, 0.0, 0.0, 1.0], [0.0, 0.0, 1.0, 0.0, 0.0, 1.0, 1.0, -4.0], [1.0, 1.0, 0.0, 1.0, 0.0, 0.0, 0.0, 0.0, 0.0, 0.0, 0.0, 0.0, 0.0], [1.0, 1.0, 1.0, 0.0, 0.0, 1.0, 0.0, -4.0], [1.0, 0.0, 0.0, 0.0, 1.0, 1.0, 0.0, 0.0, 1.0, -4.0], [0.0, 0.0, 0.0, 0.0, 0.0, 0.0, 1.0, 0.0, 1.0, 1.0, -4.0], [1.0, 0.0, 0.0, 0.0, 0.0, 0.0, 0.0, 0.0, 0.0, 0.0, 0.0, 0.0, 0.0], [0.0, 0.0, 0.0, 1.0, 0.0, 0.0, 0.0, 0.0, 0.0, 0.0, 0.0, 0.0, 0.0], [1.0, 1.0, 0.0, 1.0, 1.0, 0.0, 0.0, 0.0, 0.0, 0.0, -5.0]], "episode_seeds": [13314265895902458225, 5870239385070480185, 8388574169423098954, 17312924689403061340, 16460598673654157796, 16281451206175929155, 8957177749969072385, 4553936071329861257, 5822466381723775366, 1250543047030010824, 17333315795048556047, 9902601774289070701, 5130734740788812685, 10827197075549291115, 748446819309896554, 13638875622293467013, 12830778691262974089, 3678814240374562161, 4788363610141104727, 5996002596098015801], "episode_types": ["t", "t", "t", "t", "t", "t", "t", "t", "t", "t", "t", "t", "t", "t", "t", "t", "t", "t", "t", "t"], "episode_speed": [[5.439885290443771, 4.660615338035013, 4.527447271570684, 8.235693359966387, 8.869388987571618, 8.97768011466338, 8.996185794197768, 8.999348197103956, 5.268885670371401, 0.9003905706567361, 0.15386615509355261, 0.0262939156126491, 0.004493320820454309], [9.17088823462614, 9.029202788733636, 9.00499041301285, 9.000852802869822, 5.269142789794539, 2.331572315966939], [5.439885290443771, 4.660615338035013, 0.796444327388315, 0.13610296508539277, 3.754261339613195, 0.6415590926516671, 0.10963490075159171, 0.018735314642851598, 0.0032016448444821834, 0.0005471234353734435, 9.349695799355688e-05, 3.731018921712464, 8.099593125252905], [5.439885290443771, 4.660615338035013, 4.527447271570684, 0.7736874716016492, 0.1322140861743678, 0.02259383177904608, 3.7348639642085306, 4.369247253594752, 8.208658838176657, 5.1337661616866415, 4.6083031805364145, 0.7875047951438946, 3.8655782483841294], [9.17088823462614, 5.29819984455127, 0.9054000181318569, 0.15472221072902836, 0.026440205448937302, 0.004518320032321349, 0.0007721277337993201, 3.731134891727704, 0.6376070547993421, 3.839962488162202, 0.6562044106326393, 0.1121376132868985, 0.019162998769786884], [9.17088823462614, 5.29819984455127, 8.367405906496595, 5.16089416794391, 8.343941981817016, 5.156884459278017, 8.343256769781737, 8.887770308785331, 8.98082126619569, 8.996722580037819, 8.999439927488533], [5.439885290443771, 4.660615338035013, 0.796444327388315, 0.13610296508539277, 0.023258395430825963, 3.7349775303177797, 0.6382637165243064, 0.10907175974275789, 0.018639080470006404, 3.734188143738943, 8.10013470801015, 8.846223608850519, 5.242718479806917], [5.439885290443771, 4.660615338035013, 0.796444327388315, 0.13610296508539277, 0.023258395430825963, 3.7349775303177797, 0.6382637165243064, 0.10907175974275789, 3.749642024652376, 8.102775594437569, 8.846674905269948, 8.973798545237697, 8.995522479651035], [9.17088823462614, 9.029202788733636, 9.00499041301285, 9.000852802869822, 9.000145733976908, 9.000024904222037, 5.26900131165617, 4.63141327657411, 4.522456982840186, 8.234840578334959, 8.869243257224104, 8.977655211061562], [9.17088823462614, 5.29819984455127, 8.367405906496595, 8.89189711212628, 8.981526488333271, 8.996843094203927, 5.181672058182535], [9.17088823462614, 9.029202788733636, 9.00499041301285, 5.2698498586874525, 1.540255240617523], [5.439885290443771, 0.9296123938526437, 0.15885982087205838, 0.027147274341850918, 0.004639149787190416, 0.0007927761172992043, 0.00013547611113902684, 2.3151273466563063e-05, 3.956280252047961e-06, 6.760817479587372e-07, 1.1553441637162366e-07, 3.7310029639258415, 8.099590398254922], [5.439885290443771, 4.660615338035013, 8.258450215753053, 5.142274922300276, 4.609757227616535, 8.24975916304722, 8.871792667828704, 4.176067293941143], [9.17088823462614, 9.029202788733636, 5.273987468830482, 8.363268296353564, 5.160187099050997, 0.8818152636974087, 0.15069185367963447, 0.02575146484785336, 0.004400622366886767, 0.0007520145875335863, 3.731131454627646, 0.6376064674393809, 3.8399623877892943], [9.17088823462614, 9.029202788733636, 9.00499041301285, 5.2698498586874525, 4.631558283278283, 8.253484706962242, 5.141426375268992, 4.208257399093939], [9.17088823462614, 5.29819984455127, 0.9054000181318569, 3.8857251549113974, 8.126030600329933, 8.850648912173114, 5.243474712079401, 4.627051081036426, 8.252714479128025, 5.372955513067935], [5.439885290443771, 0.9296123938526437, 0.15885982087205838, 0.027147274341850918, 3.7356420939695596, 4.369380226815925, 8.208681561735675, 5.133770044875526, 8.339306788310077, 8.887095303424836, 7.294998019020168], [9.17088823462614, 5.29819984455127, 0.9054000181318569, 0.15472221072902836, 0.026440205448937302, 0.004518320032321349, 0.0007721277337993201, 0.0001319475453348481, 2.254828308552479e-05, 3.853236290335789e-06, 6.584727472528605e-07, 1.1252524532746593e-07, 3.73100296341161], [5.439885290443771, 4.660615338035013, 4.527447271570684, 8.235693359966387, 5.13838604338925, 4.609092663964756, 0.7876397085732308, 0.13459835931952696, 0.023001276007688847, 0.0039306474511025405, 0.0006717014038566508, 3.7311177300494704, 4.368607066252815], [9.17088823462614, 9.029202788733636, 5.273987468830482, 8.363268296353564, 8.891190043233367, 5.250402714396035, 0.8972320509394331, 3.8843293454174006, 0.6637861845448902, 3.8444361934284665, 3.044125733592982]],