episode,sim/wall,total steps,steps/sec,score
0,2.612960778962219,500,26.129605510677028,000: 13.7072
1,1.7778980327046963,500,17.778979271975675,000: 14.3812
2,1.79349414350724,500,17.934940361409293,000: 13.8411
MEAN,2.0614509850580514,500.0,20.614508381354,n/a
