{"initial_reset_timestamp": 1618336737.478035, "timestamps": [1618336742.9766314, 1618336762.9499986, 1618336782.2694585, 1618336803.929405, 1618336811.7146866], "episode_lengths": [3, 11, 10, 11, 4], "episode_rewards": [1.916212762843291, 8.751122277297158, 8.172538877841099, 8.112670040036722, 2.3341124287843567], "episode_rewards_": [[0.8444444444444444, 0.8666666666666667, 0.20510165173217967], [0.8666666666666667, 0.8666666666666667, 0.9772149020498481, 0.8855580594523337, 0.7593467480462571, 0.7155564976280003, 0.7340929975874353, 0.8440113863998069, 0.8405729235946803, 0.9543310824642912, 0.3071043467411723], [0.8444444444444444, 0.7338962090612631, 0.8255530516587775, 0.9517643630648541, 0.8627841558777073, 0.9581267207380089, 0.9744196433317142, 0.9994261343328751, 0.9776797108870102, 0.04444444444444443], [0.8666666666666667, 0.7561184312834853, 0.7372270384978186, 0.8445469571182284, 0.862886668551491, 0.8437984872396519, 0.8443340579580734, 0.7338773453094806, 0.7150015926823556, 0.822324184021848, 0.08588861070762177], [0.7116739868390409, 0.6927825940533742, 0.8001025126737838, 0.12955333521815762]], "episode_seeds": [3128651197426716024, 10143476816444961692, 9743821855420254860, 10000519946127491430, 2819158621603769020], "episode_types": ["t", "t", "t", "t", "t"], "episode_speed": [[25.0, 25.0, 25.191311939956737], [25.0, 25.0, 29.1455588268693, 25.70842722946251, 20.975503051734638, 20.166701994383345, 20.028487409528825, 24.150426989992756, 24.854817968133844, 29.120748925744255, 29.849746336127296], [25.0, 20.8544411731307, 24.29157277053749, 29.024496948265362, 25.687739178747357, 29.263085361008663, 29.874069958272614, 29.97848003748281, 29.996322491596217, 19.830034534202873], [25.0, 20.8544411731307, 20.146013943668194, 24.17051089193356, 24.85825007068091, 24.97577660482028, 24.995860506761083, 20.853733782438855, 20.145893058921672, 24.170490234152634, 21.55415623486915], [20.8544411731307, 20.146013943668194, 24.17051089193356, 24.85825007068091]], "episode_crashed": [[false, false, true], [false, false, false, false, false, false, false, false, false, false, true], [false, false, false, false, false, false, false, false, false, true], [false, false, false, false, false, false, false, false, false, false, true], [false, false, false, true]], "episode_action": [[1, 2, 3], [2, 1, 3, 4, 4, 0, 2, 3, 0, 3, 1], [2, 4, 3, 3, 4, 3, 3, 2, 0, 1], [1, 4, 1, 3, 1, 0, 1, 4, 4, 3, 3], [4, 1, 3, 0]], "episode_cost": [[0.0, 0.0, 1.0], [0.0, 0.0, 0.0, 0.0, 0.0, 0.0, 0.0, 0.0, 0.0, 0.0, 1.0], [0.0, 0.0, 0.0, 0.0, 0.0, 0.0, 0.0, 0.0, 0.0, 1.0], [0.0, 0.0, 0.0, 0.0, 0.0, 0.0, 0.0, 0.0, 0.0, 0.0, 1.0], [0.0, 0.0, 0.0, 1.0]]}