{"initial_reset_timestamp": 1618599858.52178, "timestamps": [1618599869.0501986, 1618599872.9208453, 1618599893.0081725], "episode_lengths": [6, 2, 14], "episode_rewards": [4.311111111111111, 0.8918380244140907, 9.75944605709618], "episode_rewards_": [[0.8666666666666667, 0.8666666666666667, 0.8666666666666667, 0.8444444444444444, 0.8444444444444444, 0.022222222222222216], [0.7561184312834853, 0.1357195931306053], [0.7999999999999999, 0.6894517646168187, 0.6705603718311518, 0.6673320550683801, 0.6667803737159762, 0.6666860978635878, 0.7772182226127865, 0.9066550976638349, 0.8182261013536514, 0.8253368485066647, 0.8005322529872686, 0.6895427203901875, 0.7811241504858732, 0.0]], "episode_seeds": [13478499782812724131, 11803952676275514601, 14983196656919318222], "episode_types": ["t", "t", "t"], "episode_speed": [[25.0, 25.0, 25.0, 25.0, 25.0, 16.525730589849108], [20.8544411731307, 22.589484742397698], [25.0, 20.8544411731307, 20.146013943668194, 20.024952065064255, 20.004264014349108, 20.00072866988454, 24.145683347979496, 28.999566162393805, 25.683478800761925, 25.116798485666596, 25.019959487022575, 20.85785201463203, 24.292155643220248, 17.136327659995302]], "episode_crashed": [[false, false, false, false, false, true], [false, true], [false, false, false, false, false, false, false, false, false, false, false, false, false, true]], "episode_action": [[[1, 3, 1], [1, 4, 2], [1, 2, 0], [0, 4, 2], [1, 4, 2], [0, 1, 0]], [[4, 2, 0], [3, 2, 3]], [[0, 1, 4], [4, 0, 3], [0, 3, 1], [1, 0, 1], [0, 4, 2], [0, 4, 4], [3, 1, 2], [3, 1, 0], [4, 2, 4], [2, 4, 1], [0, 2, 0], [4, 1, 0], [3, 1, 2], [3, 3, 4]]], "episode_cost": [[0.0, 0.0, 0.0, 0.0, 0.0, 1.0], [0.0, 1.0], [0.0, 0.0, 0.0, 0.0, 0.0, 0.0, 0.0, 0.0, 0.0, 0.0, 0.0, 0.0, 0.0, 1.0]]}