{"initial_reset_timestamp": 1618334658.0715055, "timestamps": [1618334679.5604193, 1618334699.7965739], "episode_lengths": [11, 10], "episode_rewards": [8.448763902112855, 8.288188889936952], "episode_rewards_": [[0.7999999999999999, 0.7999999999999999, 0.9105482353831814, 0.9294396281688483, 0.9326679449316199, 0.9332196262840239, 0.9333139021364123, 0.8227817773872134, 0.6933449023361652, 0.6712256632631673, 0.022222222222222216], [0.7999999999999999, 0.9105482353831814, 0.9294396281688483, 0.9326679449316199, 0.955441848506246, 0.9777583465808567, 0.8672262218316579, 0.8705598043860133, 0.9778801934818636, 0.06666666666666665]], "episode_seeds": [10320091105188842038, 7579477434058860488], "episode_types": ["t", "t"], "episode_speed": [[25.0, 25.0, 29.1455588268693, 29.853986056331806, 29.975047934935745, 29.995735985650892, 29.99927133011546, 25.854316652020504, 21.000433837606195, 20.170962372368777, 11.55976256630432], [25.0, 29.1455588268693, 29.853986056331806, 29.975047934935745, 29.995735985650892, 29.99927133011546, 25.854316652020504, 25.1459926644755, 29.170507255569884, 19.640917412728317]], "episode_crashed": [[false, false, false, false, false, false, false, false, false, false, true], [false, false, false, false, false, false, false, false, false, true]], "episode_action": [[0, 1, 3, 0, 0, 0, 1, 4, 4, 0, 2], [0, 3, 0, 1, 2, 2, 4, 2, 3, 3]], "episode_cost": [[0.0, 0.0, 0.0, 0.0, 0.0, 0.0, 0.0, 0.0, 0.0, 0.0, 1.0], [0.0, 0.0, 0.0, 0.0, 0.0, 0.0, 0.0, 0.0, 0.0, 1.0]]}