episode,sim/wall,total steps,steps/sec,score
0,0.4104476465391036,500,4.104476409159019,"006: 0.1043, 011: 13.9089, 004: 14.6698, 002: 13.9706, 013: -7.1998, 003: 13.6963, 014: 14.1006, 001: 14.0532, 000: 0.1475, 005: 0.7007, 010: 14.4232, 007: 14.2901, 008: 13.0572, 009: 14.0584, 012: 14.3558"
1,0.26568852771322593,223,2.6568852092082462,"006: 6.3382, 011: -2.0350, 004: 6.7956, 002: -0.8881, 013: 3.0379, 003: 5.7646, 014: -1.7662, 001: 6.3659, 000: -4.4693, 005: 6.5942, 010: 6.6379, 007: -0.9998, 008: 6.1188, 009: -7.2136, 012: 4.6639"
2,0.2819447039606885,181,2.819446966309677,"006: 5.0682, 011: 5.2247, 004: 5.2071, 002: -0.2320, 013: 5.3644, 003: -0.1170, 014: 5.0427, 001: 1.3816, 000: 5.0943, 005: -1.6412, 010: 4.7861, 007: -0.1495, 008: 3.3932, 009: 3.9309, 012: 1.8127"
3,0.29067732760106,313,2.9067732373944195,"006: 9.2072, 011: 8.8223, 004: 7.3342, 002: 9.0170, 013: 1.2858, 003: 9.0176, 014: -4.3513, 001: -1.9560, 000: 9.2432, 005: -10.8158, 010: 9.0495, 007: 8.2729, 008: -6.2546, 009: -1.3703, 012: -3.9916"
4,0.25205362959727445,240,2.520536245482817,"006: 0.9650, 011: -4.2943, 004: 6.4834, 002: -1.5249, 013: 6.7353, 003: 3.7324, 014: 6.8922, 001: -11.4088, 000: 7.1592, 005: -4.8724, 010: 7.1511, 007: -1.3878, 008: 6.7000, 009: 6.7868, 012: 2.6065"
5,0.2624662821272642,238,2.6246627729658485,"006: 6.6283, 011: 1.8933, 004: -12.6301, 002: 2.2695, 013: -0.5450, 003: -10.0961, 014: 7.0947, 001: 6.9379, 000: 7.1209, 005: 0.7317, 010: 6.9594, 007: 6.6019, 008: 6.8767, 009: 2.7322, 012: 6.9486"
6,0.26477300981897994,120,2.64772998676131,"006: -0.9291, 011: -14.5125, 004: 3.4923, 002: -4.3680, 013: 3.1656, 003: 3.5008, 014: 3.5252, 001: 3.3997, 000: 3.6421, 005: 3.2621, 010: 1.6577, 007: -0.8505, 008: -9.4050, 009: 3.2140, 012: 0.3342"
7,0.2512806351564556,296,2.5128063108774867,"006: 8.9192, 011: 4.3429, 004: 5.6218, 002: 3.8885, 013: 5.9675, 003: -5.4067, 014: -1.6051, 001: -5.2444, 000: 8.5438, 005: 2.8484, 010: 8.3225, 007: 8.8687, 008: 8.4604, 009: 8.2417, 012: 8.6649"
MEAN,0.2849164703142565,263.875,2.849164642269853,n/a
