{"initial_reset_timestamp": 1618334496.2668247, "timestamps": [1618334510.509971, 1618334551.0643864], "episode_lengths": [8, 23], "episode_rewards": [5.382368064361562, 16.67112725252328], "episode_rewards_": [[0.7561184312834853, 0.8477752738809997, 0.7528901145207136, 0.7144531349231923, 0.8222304590436175, 0.7301001003121049, 0.7143561059530038, 0.04444444444444443], [0.7999999999999999, 0.8222222222222223, 0.8444444444444444, 0.8444444444444444, 0.7338962090612631, 0.7150048162755963, 0.7117764995128245, 0.7334470403826429, 0.7333527645302546, 0.7333366538962719, 0.7333339007784718, 0.711111208080809, 0.7111111276820915, 0.7111111139428967, 0.71111111159503, 0.7111111111938072, 0.711111111125243, 0.8216593464967074, 0.8405507392803719, 0.8437790560428015, 0.7337825020119656, 0.7149853850786773, 0.04444444444444443]], "episode_seeds": [10373296358342307379, 8028583095728771173], "episode_types": ["t", "t"], "episode_speed": [[20.8544411731307, 24.29157277053749, 20.733379294526763, 20.125325892953043, 24.166975547468986, 20.712087095037266, 20.121687306570976, 15.20196772418803], [25.0, 25.0, 25.0, 25.0, 20.8544411731307, 20.146013943668194, 20.024952065064255, 20.004264014349108, 20.00072866988454, 20.000124521110198, 20.000021279192694, 20.000003636363672, 20.00000062141177, 20.000000106191962, 20.00000001814696, 20.0000000031011, 20.00000000052994, 24.14555882695986, 24.85398605634728, 24.975047934938388, 20.850177158782046, 20.145285273783728, 14.19659887074713]], "episode_crashed": [[false, false, false, false, false, false, false, true], [false, false, false, false, false, false, false, false, false, false, false, false, false, false, false, false, false, false, false, false, false, false, true]], "episode_action": [[4, 3, 4, 0, 3, 4, 1, 1], [0, 2, 2, 1, 4, 4, 4, 2, 2, 1, 2, 0, 1, 4, 4, 1, 4, 3, 1, 1, 4, 1, 1]], "episode_cost": [[0.0, 0.0, 0.0, 0.0, 0.0, 0.0, 0.0, 1.0], [0.0, 0.0, 0.0, 0.0, 0.0, 0.0, 0.0, 0.0, 0.0, 0.0, 0.0, 0.0, 0.0, 0.0, 0.0, 0.0, 0.0, 0.0, 0.0, 0.0, 0.0, 0.0, 1.0]]}