{"initial_reset_timestamp": 1618070093.3737748, "timestamps": [1618070095.0944574, 1618070096.8308415], "episode_lengths": [2, 2], "episode_rewards": [0.9333333333333333, 0.9807407407407408], "episode_rewards_": [[0.8666666666666667, 0.06666666666666665], [0.8666666666666667, 0.11407407407407406]], "episode_seeds": [12443302538226007010, 12263294141685286131], "episode_types": ["t", "t"], "episode_speed": [[25.0, 14.395747536046335], [25.0, 21.77777777777778]], "episode_crashed": [[false, true], [false, true]], "episode_action": [[2, 2], [2, 1]], "episode_cost": [[0.0, 1.0], [0.0, 1.0]]}