{"initial_reset_timestamp": 1618393675.0015235, "timestamps": [1618393678.0437305, 1618393681.1294143, 1618393683.5090332, 1618393685.7705438, 1618393687.6218152, 1618393689.2581372, 1618393693.3199751, 1618393697.470697, 1618393701.0731692, 1618393702.9885583, 1618393705.4378345, 1618393709.6634252, 1618393711.9035764, 1618393717.7297063, 1618393719.3040931, 1618393722.220852, 1618393723.741002, 1618393726.6017768, 1618393728.921561, 1618393731.627355], "episode_lengths": [13, 13, 10, 7, 7, 6, 12, 13, 13, 9, 7, 13, 9, 13, 6, 8, 6, 13, 5, 13], "episode_rewards": [9.0, 1.0, 9.0, -1.0, 0.0, 0.0, -3.0, 3.0, 5.0, -1.0, 0.0, 2.0, 0.0, 2.0, 0.0, -2.0, 0.0, 1.0, -1.0, 5.0], "episode_rewards_": [[1.0, 1.0, 1.0, 1.0, 1.0, 1.0, 1.0, 1.0, 1.0, 0.0, 0.0, 0.0, 0.0], [1.0, 0.0, 0.0, 0.0, 0.0, 0.0, 0.0, 0.0, 0.0, 0.0, 0.0, 0.0, 0.0], [1.0, 1.0, 1.0, 1.0, 1.0, 1.0, 0.0, 1.0, 1.0, 1.0], [0.0, 1.0, 1.0, 0.0, 1.0, 1.0, -5.0], [1.0, 0.0, 1.0, 0.0, 1.0, 1.0, -4.0], [1.0, 1.0, 1.0, 0.0, 1.0, -4.0], [1.0, 1.0, 0.0, 0.0, 0.0, 0.0, 0.0, 0.0, 0.0, 0.0, 0.0, -5.0], [0.0, 0.0, 0.0, 0.0, 0.0, 1.0, 1.0, 0.0, 1.0, 0.0, 0.0, 0.0, 0.0], [0.0, 0.0, 0.0, 0.0, 0.0, 1.0, 1.0, 1.0, 1.0, 0.0, 0.0, 0.0, 1.0], [1.0, 1.0, 1.0, 1.0, 0.0, 0.0, 0.0, 0.0, -5.0], [0.0, 1.0, 0.0, 1.0, 1.0, 1.0, -4.0], [0.0, 1.0, 0.0, 1.0, 0.0, 0.0, 0.0, 0.0, 0.0, 0.0, 0.0, 0.0, 0.0], [1.0, 1.0, 1.0, 0.0, 0.0, 0.0, 0.0, 1.0, -4.0], [1.0, 1.0, 0.0, 0.0, 0.0, 0.0, 0.0, 0.0, 0.0, 0.0, 0.0, 0.0, 0.0], [1.0, 1.0, 1.0, 1.0, 1.0, -5.0], [0.0, 1.0, 0.0, 0.0, 0.0, 1.0, 0.0, -4.0], [1.0, 1.0, 0.0, 1.0, 1.0, -4.0], [0.0, 0.0, 0.0, 0.0, 0.0, 0.0, 0.0, 0.0, 1.0, 0.0, 0.0, 0.0, 0.0], [0.0, 1.0, 1.0, 1.0, -4.0], [1.0, 1.0, 0.0, 0.0, 1.0, 0.0, 0.0, 0.0, 0.0, 1.0, 1.0, 0.0, 0.0]], "episode_seeds": [3888870555993140211, 12212933713188753172, 15726026985885368236, 18271931029997338473, 3768180015311531431, 2355558730418595924, 17988122709903004010, 5842299900043586139, 14261660026306227706, 11057255898472423132, 14976298823184893209, 8621992568105968310, 5596713930596590419, 1643852797148916768, 11420943122151739673, 2523791405735343811, 17642698714781530585, 13662798319506080098, 5494295481260762393, 17969811753918697146], "episode_types": ["t", "t", "t", "t", "t", "t", "t", "t", "t", "t", "t", "t", "t", "t", "t", "t", "t", "t", "t", "t"], "episode_speed": [[9.17088823462614, 9.029202788733636, 9.00499041301285, 9.000852802869822, 9.000145733976908, 9.000024904222037, 9.00000425583854, 9.000000727272734, 9.000000124282355, 5.2689970770560235, 0.9004096087483967, 0.1538694084794271, 0.02629447157801774], [9.17088823462614, 5.29819984455127, 4.636402962314226, 0.7923067172452849, 3.8663988403748486, 4.391725016374583, 4.481497079194079, 0.7658351243456798, 3.861875156596493, 4.390951972039693, 4.481364975012401, 4.496815493477656, 4.499455805302241], [9.17088823462614, 9.029202788733636, 9.00499041301285, 9.000852802869822, 9.000145733976908, 9.000024904222037, 5.26900131165617, 8.36241622075648, 8.891044433538813, 8.981380775594758], [5.439885290443771, 8.391618282217381, 8.896034722269311, 5.251230613043818, 8.35937941744254, 8.890525479581587, 4.32673670460532], [9.17088823462614, 5.29819984455127, 8.367405906496595, 5.16089416794391, 8.343941981817016, 8.887887403460386, 6.806223562709299], [9.17088823462614, 9.029202788733636, 9.00499041301285, 5.2698498586874525, 8.362561227460652, 5.803285340198361], [9.17088823462614, 9.029202788733636, 5.273987468830482, 0.9012624079888264, 0.15401514183611464, 0.026319375694068215, 0.004497671648821459, 0.0007685991679951405, 3.731134288737323, 0.6376069517553803, 0.10895952637083149, 0.021554863019236013], [5.439885290443771, 0.9296123938526437, 0.15885982087205838, 0.027147274341850918, 3.7356420939695596, 8.100383170998294, 8.846266068251932, 5.242725735619068, 8.357926033953712, 5.159274169260577, 0.8816592547371862, 0.15066519358383618, 0.025746908951147424], [5.439885290443771, 4.660615338035013, 0.796444327388315, 0.13610296508539277, 3.754261339613195, 8.103564981016405, 8.846809802148842, 8.973821597527186, 8.995526419016088, 5.268232573460833, 0.9002789640786494, 3.88485002702482, 8.125881051270323], [9.17088823462614, 9.029202788733636, 9.00499041301285, 9.000852802869822, 5.269142789794539, 0.9004345093410442, 3.884876607880115, 0.6638797052610208, 0.20373851887949535], [5.439885290443771, 8.391618282217381, 5.16503177808694, 8.34464905070993, 8.888008233215253, 8.980861924681493, 5.944880267202571], [5.439885290443771, 8.391618282217381, 5.16503177808694, 8.34464905070993, 5.1570052890328855, 4.6122744739828665, 0.788183442470141, 0.13469127704527636, 0.023017154553807633, 0.003933360907817211, 0.0006721651016843552, 0.0001148651076041395, 1.962909545861303e-05], [9.17088823462614, 9.029202788733636, 9.00499041301285, 5.2698498586874525, 0.9005553390959131, 0.1538943120812456, 3.7573016714929377, 8.104084537964011, 5.744092477977645], [9.17088823462614, 9.029202788733636, 5.273987468830482, 0.9012624079888264, 0.15401514183611464, 0.026319375694068215, 0.004497671648821459, 0.0007685991679951405, 3.731134288737323, 0.6376069517553803, 0.10895952637083149, 3.749622845289581, 0.6407664285453814], [9.17088823462614, 9.029202788733636, 9.00499041301285, 9.000852802869822, 9.000145733976908, 3.611491051372427], [5.439885290443771, 8.391618282217381, 5.16503177808694, 4.613646106527559, 4.5194207825166295, 8.234321727421694, 5.138151647525131, 3.439526463046879], [9.17088823462614, 9.029202788733636, 5.273987468830482, 8.363268296353564, 8.891190043233367, 4.181736698178914], [5.439885290443771, 0.9296123938526437, 3.889862765054427, 0.6647317808581074, 0.11359484053073225, 0.019412021760934754, 0.003317286129250358, 3.731569829352747, 8.099687268886996, 5.11514420258629, 0.8741179626381066, 3.8803794196725936, 0.6631111887074559], [5.439885290443771, 8.391618282217381, 8.896034722269311, 8.982233557226186, 4.509560979354127], [9.17088823462614, 9.029202788733636, 5.273987468830482, 4.632265352171195, 8.25360553671711, 5.141447023652493, 0.8786128052957974, 0.15014459121691945, 3.756660888314092, 8.103975035657802, 8.846879875662612, 5.242830628083879, 4.626941014659481]], "episode_crashed": [[false, false, false, false, false, false, false, false, false, false, false, false, false], [false, false, false, false, false, false, false, false, false, false, false, false, false], [false, false, false, false, false, false, false, false, false, false], [false, false, false, false, false, false, true], [false, false, false, false, false, false, true], [false, false, false, false, false, true], [false, false, false, false, false, false, false, false, false, false, false, true], [false, false, false, false, false, false, false, false, false, false, false, false, false], [false, false, false, false, false, false, false, false, false, false, false, false, false], [false, false, false, false, false, false, false, false, true], [false, false, false, false, false, false, true], [false, false, false, false, false, false, false, false, false, false, false, false, false], [false, false, false, false, false, false, false, false, true], [false, false, false, false, false, false, false, false, false, false, false, false, false], [false, false, false, false, false, true], [false, false, false, false, false, false, false, true], [false, false, false, false, false, true], [false, false, false, false, false, false, false, false, false, false, false, false, false], [false, false, false, false, true], [false, false, false, false, false, false, false, false, false, false, false, false, false]],