n_agents,multi
5,0.9194963455200196
15,2.5490336418151855
25,4.186222219467163
35,5.848527288436889
45,7.48837194442749
55,9.076432847976685
65,10.701894760131836
75,12.484689044952393
85,14.176257371902466
