n_agents,multi
5,0.9051883697509766
10,1.6909779548645019
15,2.4877461433410644
20,3.2607445240020754
25,4.194561958312988
30,4.856854772567749
35,5.681631994247437
40,6.456468868255615
45,7.301457643508911
50,8.237601613998413
55,8.857369947433472
60,9.622799110412597
65,10.423685312271118
70,11.349633264541627
75,12.119399976730346
80,13.08997197151184
85,13.709798908233642
