n_agents,multi
5,0.8786937236785889
15,2.445078706741333
25,3.9963098049163817
35,5.576386547088623
45,7.36047477722168
55,8.80326313972473
65,10.220075368881226
75,11.855948352813721
