n_agents,single
5,1.6048248767852784
15,4.584875535964966
25,7.633318758010864
35,10.79108362197876
45,13.859025049209595
55,16.935947465896607
65,19.95335421562195
75,23.388112211227416
