n_agents,single
5,1.6019312381744384
15,4.653361701965332
25,7.598335599899292
35,10.66600170135498
45,13.54562005996704
55,16.852374029159545
65,19.794079113006593
75,23.335728120803832
85,26.142190790176393
