n_agents,single
5,1.5366591453552245
10,2.9219945907592773
15,4.399459886550903
20,5.808904600143433
25,7.211695384979248
30,8.569381713867188
35,10.085122442245483
40,11.50161771774292
45,12.870457077026368
50,14.161080121994019
55,15.738048410415649
60,17.25851526260376
65,18.57430181503296
70,20.07667851448059
75,21.49859986305237
80,23.4522563457489
85,24.581865119934083
