n_agents,multi
5,1.4170312881469727
10,2.5966808795928955
15,3.7795281410217285
20,4.979977130889893
25,6.190810441970825
30,7.405906915664673
35,8.619210481643677
40,9.749892950057983
45,10.968014001846313
50,12.201106071472168
55,13.388531923294067
60,14.619341850280762
65,15.881310939788818
