n_agents,multi
5,1.428025245666504
10,2.588747501373291
15,3.76690411567688
20,4.949650526046753
25,6.858448505401611
30,7.695016384124756
35,8.575520515441895
40,9.677600145339966
45,10.911955118179321
50,11.938568115234375
55,13.207510232925415
60,14.194501876831055
65,17.222752332687378
