episode,sim/wall,total steps,steps/sec,score
0,0.23626938665416874,500,2.3626938479086768,"002: 1.7107, 005: 0.7226, 007: 9.8357, 003: 13.7080, 000: 14.2513, 009: 14.3739, 014: 13.8174, 010: 14.0674, 004: 14.5490, 001: 13.6468, 011: 13.3445, 008: 13.7486, 006: 14.1008, 013: -0.6274, 012: 14.5418"
1,0.1952096503109954,420,1.9520964901308528,"002: -0.8867, 005: 9.1097, 007: -0.5637, 003: 11.2118, 000: 3.0017, 009: 11.6826, 014: -1.7695, 010: 11.7517, 004: 11.9506, 001: 10.3246, 011: -2.7031, 008: 11.5639, 006: -12.3170, 013: -157.5771, 012: 12.1452"
2,0.1565343488111911,212,1.565343471578031,"002: -0.3494, 005: 6.2316, 007: -0.2389, 003: 0.2577, 000: 6.1209, 009: 6.3333, 014: 3.4782, 010: 2.9578, 004: 6.3245, 001: -3.4683, 011: -72.6824, 008: 3.5128, 006: 6.0735, 013: 6.2057, 012: 5.5816"
3,0.18336598598545906,297,1.8336598436599076,"002: 8.5087, 005: -10.8079, 007: 4.5745, 003: 8.5256, 000: 8.7483, 009: -22.0169, 014: 8.4860, 010: 8.6499, 004: 8.3225, 001: -0.9763, 011: 0.0354, 008: -6.2335, 006: 8.3074, 013: 3.7004, 012: -4.0007"
4,0.18381148262536184,500,1.8381148149761037,"002: -337.3081, 005: -20.8975, 007: 1.7844, 003: -0.4569, 000: 14.0964, 009: 14.3345, 014: 14.2889, 010: 13.9147, 004: -0.5576, 001: 14.1604, 011: 13.7907, 008: 0.6395, 006: 1.1027, 013: 13.9767, 012: 14.0773"
MEAN,0.19103817087743521,385.8,1.9103816936507143,n/a
