episode,sim/wall,total steps,steps/sec,score
0,1.286137491440937,500,12.861373100261586,"001: 10.8262, 000: 11.9314"
1,0.2732595096029827,500,2.7325950390605596,"001: 3.6469, 000: 11.1884"
2,0.23552910566102894,500,2.3552910142870176,"001: 7.3765, 000: 11.0422"
3,0.21370483504988208,500,2.137048322188673,"001: 11.4115, 000: 11.3450"
MEAN,0.5021577354387077,500.0,5.021576868949459,n/a
