{"initial_reset_timestamp": 1618596417.4982498, "timestamps": [1618596432.428621, 1618596447.3987935, 1618596450.2653842], "episode_lengths": [13, 13, 10], "episode_rewards": [7.0, 6.25, 2.25], "episode_rewards_": [[0.5, 0.5, 0.5, 0.5, 0.5, 0.5, 0.5, 0.75, 0.25, 0.5, 0.75, 0.5, 0.75], [1.0, 1.0, 0.5, 0.5, 0.25, 0.25, 0.5, 0.5, 0.25, 0.25, 0.5, 0.25, 0.5], [0.25, 0.75, 0.5, 0.25, 0.25, 0.5, 0.75, 0.75, 0.25, -2.0]], "episode_seeds": [8313934977700678476, 3915077669153535076, 13579007519927434788], "episode_types": ["t", "t", "t"], "episode_speed": [[9.17088823462614, 9.029202788733636, 5.273987468830482, 0.9012624079888264, 0.15401514183611464, 3.757322319876437, 4.373085122347447, 0.7473087964277937, 0.12770628094213127, 0.02182350090087071, 0.003729379542311775, 0.0006373070862365019, 0.00010890828288168507], [9.17088823462614, 9.029202788733636, 9.00499041301285, 5.2698498586874525, 4.631558283278283, 0.7914788185975021, 0.1352544180541102, 3.7541163329090224, 0.641534312711982, 0.1096306661514448, 0.018734590999508145, 0.0032015211823487226, 0.0005471023029697663], [5.439885290443771, 0.9296123938526437, 0.15885982087205838, 0.027147274341850918, 0.004639149787190416, 3.7317957202996688, 8.099725870992135, 8.846153743414257, 5.242706540625853, 8.35792275375521]], "episode_crashed": [[false, false, false, false, false, false, false, false, false, false, false, false, false], [false, false, false, false, false, false, false, false, false, false, false, false, false], [false, false, false, false, false, false, false, false, false, false]], "episode_action": [[[1, 0, 1, 0], [2, 1, 0, 2], [0, 0, 2, 1], [0, 2, 1, 2], [0, 2, 0, 2], [2, 1, 0, 2], [1, 1, 2, 2], [0, 1, 2, 2], [1, 2, 0, 0], [1, 2, 2, 1], [1, 2, 1, 2], [1, 0, 0, 0], [1, 1, 0, 2]], [[2, 1, 2, 2], [1, 2, 1, 2], [1, 0, 2, 0], [0, 0, 2, 2], [1, 0, 2, 0], [0, 0, 1, 1], [0, 0, 1, 2], [2, 1, 1, 1], [0, 0, 1, 0], [0, 2, 2, 0], [0, 2, 0, 1], [0, 0, 1, 1], [1, 2, 1, 2]], [[0, 0, 0, 1], [0, 2, 2, 2], [0, 1, 0, 1], [0, 0, 2, 0], [0, 1, 1, 1], [2, 0, 1, 2], [2, 1, 2, 1], [1, 1, 2, 1], [0, 0, 0, 2], [2, 0, 0, 2]]], "episode_cost": [[0.0, 0.0, 0.0, 0.0, 0.0, 0.0, 0.0, 0.0, 0.0, 0.0, 0.0, 0.0, 0.0], [0.0, 0.0, 0.0, 0.0, 0.0, 0.0, 0.0, 0.0, 0.0, 0.0, 0.0, 0.0, 0.0], [0.0, 0.0, 0.0, 0.0, 0.0, 0.0, 0.0, 0.0, 0.0, 0.0]], "episode_agents_rewards": [[[1, 0, 1, 0], [1, 0, 0, 1], [0, 0, 1, 1], [0, 0, 1, 1], [0, 1, 0, 1], [0, 1, 0, 1], [0, 1, 0, 1], [0, 1, 1, 1], [0, 1, 0, 0], [0, 1, 1, 0], [0, 1, 1, 1], [0, 1, 0, 1], [0, 1, 1, 1]], [[1, 1, 1, 1], [1, 1, 1, 1], [1, 0, 1, 0], [0, 0, 1, 1], [0, 0, 1, 0], [0, 0, 1, 0], [0, 0, 1, 1], [0, 0, 1, 1], [0, 0, 1, 0], [0, 0, 1, 0], [0, 1, 1, 0], [0, 0, 1, 0], [0, 1, 1, 0]], [[0, 0, 0, 1], [0, 1, 1, 1], [0, 1, 0, 1], [0, 0, 1, 0], [0, 0, 1, 0], [0, 0, 1, 1], [1, 0, 1, 1], [1, 0, 1, 1], [0, 0, 0, 1], [1, 0, -5, -4]]], "episode_agents_dones": [[[false, false, false, false], [false, false, false, false], [false, false, false, false], [false, false, false, false], [false, false, false, false], [false, false, false, false], [false, false, false, false], [false, false, false, false], [false, false, false, false], [false, false, false, false], [false, true, false, true], [false, true, false, true], [true, true, true, true]], [[false, false, false, false], [false, false, false, false], [false, false, false, false], [false, false, false, false], [false, false, false, false], [false, false, false, false], [false, false, false, false], [false, false, false, false], [false, false, false, false], [false, false, true, false], [false, false, true, false], [false, false, true, false], [true, true, true, true]], [[false, false, false, false], [false, false, false, false], [false, false, false, false], [false, false, false, false], [false, false, false, false], [false, false, false, false], [false, false, false, false], [false, false, false, false], [false, false, false, false], [false, false, true, true]]]}