episode,sim/wall,total steps,steps/sec,score
0,2.99786732280847,500,29.97866979973713,000: 13.5079
1,2.7784436407375166,99,27.78442339352144,000: 0.9950
2,2.8128984189531456,500,28.12898192577655,000: 11.5570
3,2.7930664254797097,500,27.930661650859218,000: 14.2280
4,2.778508347527276,500,27.785080530285338,000: 14.3237
5,2.7905464151196466,500,27.905460809314942,000: 11.6264
MEAN,2.8252217617709605,433.1666666666667,28.252213018249105,n/a
