{"initial_reset_timestamp": 1618055469.6630046, "timestamps": [1618055475.5919437, 1618055478.172605, 1618055484.888126, 1618055489.9702291, 1618055494.189562, 1618055506.6746395, 1618055509.2594852, 1618055510.9673097, 1618055516.040169, 1618055520.2764838], "episode_lengths": [7, 3, 8, 6, 5, 15, 3, 2, 6, 5], "episode_rewards": [5.311088359351252, 2.1948780307058717, 5.666666666666666, 4.550996461989357, 3.4221197095484386, 9.782474014537362, 1.8, 0.8222222222222223, 3.849680120787883, 3.8837669195947604], "episode_rewards_": [[0.9549926798276257, 0.9738840726132926, 0.8665641539928828, 0.826002220337398, 0.8228681794270147, 0.8445548309308156, 0.022222222222222216], [0.9549926798276257, 0.9516618503910704, 0.28822350048717543], [0.7999999999999999, 0.8222222222222223, 0.8222222222222223, 0.7999999999999999, 0.7999999999999999, 0.7999999999999999, 0.8222222222222223, 0.0], [0.8666666666666667, 0.8444444444444444, 0.9549926798276257, 0.9738840726132926, 0.8665641539928828, 0.04444444444444443], [0.8444444444444444, 0.9549926798276257, 0.8633358372301115, 0.7371245258240348, 0.022222222222222216], [0.8222222222222223, 0.7999999999999999, 0.6894517646168187, 0.6705603718311518, 0.6673320550683801, 0.6667803737159762, 0.6666860978635878, 0.6666699872296054, 0.6666672341118053, 0.6666667636363646, 0.6666666832376471, 0.6666666694984523, 0.6666666671505856, 0.7772149021325441, 0.022222222222222216], [0.8666666666666667, 0.8666666666666667, 0.06666666666666665], [0.8222222222222223, 0.0], [0.8444444444444444, 0.7338962090612631, 0.7372270384978186, 0.7339987217350469, 0.7334470403826429, 0.06666666666666665], [0.8666666666666667, 0.9772149020498481, 0.9961062948355148, 0.9993346115982865, 0.04444444444444443]], "episode_seeds": [1970566022763597666, 12619705709903573425, 11322629937967807102, 10685983234440863344, 13545626850457554100, 9994953127923042033, 9291310219416279258, 1599445525577746183, 2370890439962916468, 4502100283002371323], "episode_types": ["t", "t", "t", "t", "t", "t", "t", "t", "t", "t"], "episode_speed": [[29.1455588268693, 29.853986056331806, 25.82948910806644, 25.14174992931909, 25.02422339517972, 25.004139493238917, 12.541447896297344], [29.1455588268693, 29.853986056331806, 29.975047934935745], [25.0, 25.0, 25.0, 25.0, 25.0, 25.0, 25.0, 10.195724803722253], [25.0, 25.0, 29.1455588268693, 29.853986056331806, 25.82948910806644, 10.463015436367161], [25.0, 29.1455588268693, 25.70842722946251, 20.975503051734638, 15.379318674085109], [25.0, 25.0, 20.8544411731307, 20.146013943668194, 20.024952065064255, 20.004264014349108, 20.00072866988454, 20.000124521110198, 20.000021279192694, 20.000003636363672, 20.00000062141177, 20.000000106191962, 20.00000001814696, 24.1455588299704, 11.454542528857234], [25.0, 25.0, 9.304542931989493], [25.0, 16.525730589849108], [25.0, 20.8544411731307, 20.146013943668194, 20.024952065064255, 20.004264014349108, 8.740501275326519], [25.0, 29.1455588268693, 29.853986056331806, 29.975047934935745, 19.825162520778132]], "episode_crashed": [[false, false, false, false, false, false, true], [false, false, true], [false, false, false, false, false, false, false, true], [false, false, false, false, false, true], [false, false, false, false, true], [false, false, false, false, false, false, false, false, false, false, false, false, false, false, true], [false, false, true], [false, true], [false, false, false, false, false, true], [false, false, false, false, true]], "episode_action": [[3, 3, 4, 0, 1, 2, 0], [3, 0, 3], [0, 2, 1, 0, 0, 0, 2, 0], [2, 0, 3, 3, 4, 1], [2, 3, 4, 4, 0], [2, 0, 4, 0, 1, 1, 1, 0, 0, 4, 0, 1, 0, 3, 2], [2, 1, 4], [2, 0], [0, 4, 2, 1, 1, 2], [2, 3, 1, 2, 0]], "episode_cost": [[0.0, 0.0, 0.0, 0.0, 0.0, 0.0, 1.0], [0.0, 0.0, 1.0], [0.0, 0.0, 0.0, 0.0, 0.0, 0.0, 0.0, 1.0], [0.0, 0.0, 0.0, 0.0, 0.0, 1.0], [0.0, 0.0, 0.0, 0.0, 1.0], [0.0, 0.0, 0.0, 0.0, 0.0, 0.0, 0.0, 0.0, 0.0, 0.0, 0.0, 0.0, 0.0, 0.0, 1.0], [0.0, 0.0, 1.0], [0.0, 1.0], [0.0, 0.0, 0.0, 0.0, 0.0, 1.0], [0.0, 0.0, 0.0, 0.0, 1.0]]}