episode,sim/wall,total steps,steps/sec,score
0,2.198652461067303,500,21.98652322763384,000: -220.4649
1,1.4963221256741537,253,14.96321956879103,000: -131.1268
2,1.5369859703338518,111,15.369855644079205,000: 1.3787
MEAN,1.743986852358436,288.0,17.439866146834692,n/a
