episode,sim/wall,total steps,steps/sec,score
0,0.21384363142120202,149,2.1384362629914397,"027: 4.2332, 011: -0.7767, 016: 4.4876, 009: 4.3857, 014: -0.3094, 010: 4.5179, 020: 4.2688, 008: 4.4221, 017: 3.8870, 025: -2.4805, 026: 4.2560, 003: 0.5890, 006: 4.5346, 018: 4.3539, 023: 2.1402, 022: 4.3268, 012: 4.5526, 029: 4.0329, 007: 4.2507, 019: -1.6418, 024: 4.5741, 021: 2.0498, 005: -0.2364, 015: 0.5328, 001: -13.6334, 028: -2.7072, 013: -4.3524, 000: 4.0979, 004: 4.3385, 002: -0.2430"
1,0.14496253946204976,224,1.4496253812004238,"027: 6.4473, 016: -3.1149, 011: 6.5110, 009: 2.2673, 014: 2.9688, 010: 6.1206, 020: 6.5151, 008: 6.6368, 017: 6.5887, 025: 6.6866, 026: 3.1240, 003: 5.9858, 006: 6.4760, 018: 6.4970, 023: -15.2746, 022: 2.1788, 012: 4.3888, 029: 0.5611, 007: -11.2601, 019: 6.5733, 024: 0.2536, 021: 6.7104, 005: 6.5090, 001: -6.6992, 015: 6.4016, 028: 6.7347, 013: -11.9097, 000: 0.1998, 004: -0.7786, 002: 6.6364"
2,0.07856246254106448,219,0.7856246207071118,"027: -20.2138, 011: 1.7931, 016: 6.2627, 009: 2.2105, 014: 6.4794, 010: 6.4607, 020: 2.2167, 008: -20.6352, 017: 0.1938, 025: 3.7705, 026: 6.5259, 003: 5.8769, 006: 6.4115, 018: 6.1304, 023: 6.0243, 022: 6.5538, 012: 6.4503, 029: 2.0887, 007: -5.3749, 019: 0.6845, 024: -2.2066, 021: 6.4132, 005: 0.7805, 015: 6.1815, 001: 0.5518, 028: 6.1013, 013: 6.1680, 000: 4.9457, 004: 6.1836, 002: 0.7093"
3,0.06546224339888436,153,0.654622429982191,"027: -3.7160, 016: 4.5108, 011: 3.7531, 009: -5.9785, 014: 4.5466, 010: 4.4485, 020: 4.1240, 008: 0.6084, 017: -2.5987, 025: 4.5423, 026: 4.4368, 003: 4.4585, 006: -4.0234, 018: 4.2844, 023: -0.6707, 022: 4.4371, 012: -0.2876, 029: -2.5859, 007: -5.2385, 019: 4.5090, 024: 4.5820, 021: -0.6514, 005: -2.7573, 001: 4.5831, 015: -0.2195, 028: -1.7929, 013: 4.5747, 000: 4.3068, 004: 4.4880, 002: 3.3548"
4,0.06815845233623885,186,0.6815845185985548,"027: -1.0235, 011: 5.4750, 016: -0.6636, 009: 5.4490, 014: 5.3679, 010: 5.0625, 020: 1.0332, 008: 5.6746, 017: 5.4918, 025: 2.9455, 026: 0.9878, 003: -0.8102, 006: 5.4249, 018: 5.4460, 023: -1.0941, 022: 5.5221, 012: -0.3181, 029: 5.4051, 007: 3.3713, 019: 5.1543, 024: 5.5823, 021: 1.3103, 005: 5.3674, 015: 1.4828, 001: 5.3118, 028: -0.6115, 013: 2.8831, 000: 5.6074, 004: 5.3517, 002: -2.9795"
MEAN,0.11419786583188789,186.2,1.1419786426959442,n/a
