episode,sim/wall,total steps,steps/sec,score
0,3.215349348527285,500,32.153489541459464,000: 13.5537
1,2.6790371434174567,101,26.790362962952656,000: 0.7828
2,2.6982023040848904,500,26.982020957939763,000: 13.8728
3,2.663002512120132,500,26.630022415977606,000: 14.4416
4,2.6590891120564177,500,26.590887748965926,000: 14.4781
5,2.776037419807687,500,27.760370890856144,000: -253.6467
MEAN,2.781786306668978,433.5,27.81785908635859,n/a
