episode,sim/wall,total steps,steps/sec,score
0,0.33678833902824457,332,3.3678833088277558,"005: 0.7231, 001: 3.2720, 013: -0.4144, 004: 9.6767, 003: -0.4026, 000: 3.6623, 002: -1.3417, 008: 9.4558, 011: 9.3314, 014: 9.0737, 006: 3.9059, 007: 9.3492, 010: 9.7650, 012: 9.7644, 009: 9.6892"
1,0.31540889064004535,219,3.1540887872662373,"005: 6.5145, 001: 6.5178, 013: 5.9087, 004: 6.4785, 003: 5.9828, 000: 2.1860, 002: -0.8829, 008: 6.0359, 011: 3.2950, 014: -1.7675, 006: 1.5494, 007: -0.5613, 010: 6.5909, 012: 5.6256, 009: 0.8276"
2,0.24101470293825084,255,2.410146975071611,"005: 2.9477, 001: 0.6320, 013: 7.3360, 004: 2.1271, 003: -15.0297, 000: 7.4798, 002: -0.2868, 008: 3.4611, 011: 7.4016, 014: 7.3214, 006: 7.0457, 007: 7.7959, 010: 3.9972, 012: 7.0535, 009: 1.7044"
3,0.2390697649307002,341,2.3906976053500366,"005: -10.7705, 001: -12.8496, 013: 4.3887, 004: 9.7201, 003: 9.8063, 000: 9.7898, 002: 9.6790, 008: -6.6711, 011: 9.2171, 014: -14.1210, 006: 9.7482, 007: 9.2436, 010: 10.1929, 012: -4.0323, 009: -11.9316"
4,0.23031844247766267,373,2.3031843840882904,"005: -2.5920, 001: 1.5697, 013: 1.8610, 004: 10.4507, 003: -1.1538, 000: -4.8382, 002: 10.5333, 008: 2.8499, 011: 10.0889, 014: 10.8125, 006: 1.0007, 007: 10.4325, 010: 10.7122, 012: 10.6243, 009: 10.5152"
5,0.20217460539237792,500,2.021746032484214,"005: 14.4435, 001: -389.1704, 013: -11.1661, 004: 10.6079, 003: -4.8851, 000: 14.4903, 002: 13.5741, 008: 14.4181, 011: 14.3824, 014: 14.2120, 006: -1.7071, 007: 13.5451, 010: 13.9708, 012: 13.9891, 009: 7.1183"
6,0.2003854904842166,117,2.003854806651998,"005: 3.4445, 001: 3.4210, 013: 3.3512, 004: 3.3735, 003: 3.4120, 000: 3.4710, 002: -10.5995, 008: -2.2748, 011: -8.1171, 014: 3.5799, 006: -7.8791, 007: -0.8452, 010: 1.1530, 012: 0.5445, 009: 2.7329"
7,0.19653098779624834,391,1.9653098520554257,"005: -5.3443, 001: -0.3528, 013: 9.7733, 004: 0.4899, 003: 11.3246, 000: 11.0857, 002: 10.2614, 008: 11.1861, 011: 10.9378, 014: -11.1744, 006: 11.5728, 007: 4.7721, 010: 10.2067, 012: 10.6145, 009: 10.9481"
MEAN,0.24521140296096827,316.0,2.4521139689744462,n/a
