{"initial_reset_timestamp": 1618335947.6194215, "timestamps": [1618335951.1487453, 1618335966.8568652, 1618335995.1715698, 1618336004.3857262, 1618336015.469741], "episode_lengths": [2, 9, 16, 5, 6], "episode_rewards": [0.8666666666666667, 6.830757055274932, 10.967794604615166, 3.2711232475590815, 3.7822343586701925], "episode_rewards_": [[0.8444444444444444, 0.022222222222222216], [0.8222222222222223, 0.8222222222222223, 0.8222222222222223, 0.8444444444444444, 0.8222222222222223, 0.8444444444444444, 0.9549926798276257, 0.8633358372301115, 0.03465076043941706], [0.8222222222222223, 0.8222222222222223, 0.7999999999999999, 0.6894517646168187, 0.6705603718311518, 0.6673320550683801, 0.6667803737159762, 0.6666860978635878, 0.6666699872296054, 0.6666672341118053, 0.6666667636363646, 0.6888889054598694, 0.7111111139428967, 0.71111111159503, 0.8216593465769885, 0.22976503452224714], [0.8666666666666667, 0.8666666666666667, 0.7561184312834853, 0.7372270384978186, 0.04444444444444443], [0.8222222222222223, 0.7999999999999999, 0.7999999999999999, 0.6894517646168187, 0.6705603718311518, 0.0]], "episode_seeds": [17306918550281607861, 488350321964656817, 3004203000243786402, 6361441064427669968, 6037520359830587222], "episode_types": ["t", "t", "t", "t", "t"], "episode_speed": [[25.0, 17.706139917695474], [25.0, 25.0, 25.0, 25.0, 25.0, 25.0, 29.1455588268693, 25.70842722946251, 20.466070183144808], [25.0, 25.0, 25.0, 20.8544411731307, 20.146013943668194, 20.024952065064255, 20.004264014349108, 20.00072866988454, 20.000124521110198, 20.000021279192694, 20.000003636363672, 20.00000062141177, 20.000000106191962, 20.00000001814696, 24.1455588299704, 26.9495221279176], [25.0, 25.0, 20.8544411731307, 20.146013943668194, 11.553463593200036], [25.0, 25.0, 25.0, 20.8544411731307, 20.146013943668194, 13.254022625496493]], "episode_crashed": [[false, true], [false, false, false, false, false, false, false, false, true], [false, false, false, false, false, false, false, false, false, false, false, false, false, false, false, true], [false, false, false, false, true], [false, false, false, false, false, true]], "episode_action": [[1, 0], [2, 1, 1, 2, 0, 2, 3, 4, 0], [2, 1, 0, 4, 1, 1, 0, 1, 1, 1, 0, 2, 2, 1, 3, 3], [2, 1, 4, 4, 0], [2, 0, 0, 4, 0, 0]], "episode_cost": [[0.0, 1.0], [0.0, 0.0, 0.0, 0.0, 0.0, 0.0, 0.0, 0.0, 1.0], [0.0, 0.0, 0.0, 0.0, 0.0, 0.0, 0.0, 0.0, 0.0, 0.0, 0.0, 0.0, 0.0, 0.0, 0.0, 1.0], [0.0, 0.0, 0.0, 0.0, 1.0], [0.0, 0.0, 0.0, 0.0, 0.0, 1.0]]}