episode,sim/wall,total steps,steps/sec,score
0,2.301574687577571,500,23.015741066152554,000: 11.3638
1,0.7427277052083524,500,7.427276420776612,000: 11.5524
2,0.714959884912961,500,7.149597971652313,000: 11.3843
3,0.698424112723223,500,6.9842405457338455,000: 11.0528
MEAN,1.114421597605527,500.0,11.144214001078831,n/a
