{"initial_reset_timestamp": 1618333121.1127517, "timestamps": [1618333124.777878, 1618333133.5216873], "episode_lengths": [2, 5], "episode_rewards": [0.7338962090612632, 3.2038937051644854], "episode_rewards_": [[0.7116739868390409, 0.022222222222222216], [0.8222222222222223, 0.8222222222222223, 0.7116739868390409, 0.8033308294365552, 0.04444444444444443]], "episode_seeds": [14530612801880351604, 18229220789799853426], "episode_types": ["t", "t"], "episode_speed": [[20.8544411731307, 10.270077833395996], [25.0, 25.0, 20.8544411731307, 24.29157277053749, 15.253668996641347]], "episode_crashed": [[false, true], [false, false, false, false, true]], "episode_action": [[4, 4], [0, 1, 4, 3, 2]], "episode_cost": [[0.0, 1.0], [0.0, 0.0, 0.0, 0.0, 1.0]]}