{"initial_reset_timestamp": 1618334344.198273, "timestamps": [1618334353.1884513, 1618334358.7144628], "episode_lengths": [5, 3], "episode_rewards": [3.7510989746631407, 2.128211364039205], "episode_rewards_": [[0.8666666666666667, 0.8666666666666667, 0.9772149020498481, 0.9961062948355148, 0.04444444444444443], [0.9105482353831814, 0.9516618503910704, 0.2660012782649532]], "episode_seeds": [3529046731456489975, 9066866576616797136], "episode_types": ["t", "t"], "episode_speed": [[25.0, 25.0, 29.1455588268693, 29.853986056331806, 16.084528397790784], [29.1455588268693, 29.853986056331806, 29.975047934935745]], "episode_crashed": [[false, false, false, false, true], [false, false, true]], "episode_action": [[2, 2, 3, 3, 0], [3, 2, 0]], "episode_cost": [[0.0, 0.0, 0.0, 0.0, 1.0], [0.0, 0.0, 1.0]]}