episode,sim/wall,total steps,steps/sec,score
0,2.2579810345062974,500,22.579804753433322,000: 11.3638
1,0.7516731382574312,500,7.516730897620219,000: 11.5524
2,0.7508168210804488,500,7.5081675656714495,000: 11.3843
3,0.734242529289392,500,7.342424701636008,000: 11.0528
MEAN,1.1236783807833923,500.0,11.23678197959025,n/a
