episode,sim/wall,total steps,steps/sec,score
0,0.3820658005130974,500,3.8206579564068033,"003: 13.7790, 004: 13.6359, 012: 14.3872, 014: 13.3661, 002: 0.8516, 008: 13.9707, 005: -6.0918, 013: -3.1235, 001: 13.9607, 010: 14.6404, 007: 3.0817, 009: 14.4283, 000: 3.3594, 011: 13.3932, 006: 14.4528"
1,0.2815325165429565,183,2.815325093145235,"003: 4.6321, 004: 5.2818, 012: 5.2522, 014: -1.9038, 002: -0.8393, 008: 4.9415, 005: 1.0320, 013: 5.0218, 001: 2.3282, 010: 5.4753, 007: -0.6088, 009: -11.3996, 000: 5.2937, 011: 3.1654, 006: 5.3066"
2,0.25575482637634506,234,2.557548223776051,"003: -16.8630, 004: 5.6355, 012: 6.1719, 014: 0.8987, 002: -0.2380, 008: 2.7725, 005: 2.6954, 013: 6.7559, 001: -40.2708, 010: 6.3455, 007: 6.8899, 009: 4.0801, 000: 6.8201, 011: 6.6307, 006: 5.8890"
3,0.2774615622182771,287,2.774615571020026,"003: 8.3554, 004: 7.1752, 012: -4.0039, 014: -55.0212, 002: 8.2393, 008: -6.6634, 005: -10.7116, 013: 8.1077, 001: 0.4060, 010: 8.3983, 007: 7.3763, 009: 1.7950, 000: 8.4246, 011: 8.0602, 006: 8.5595"
4,0.2690196909791023,255,2.690196862425091,"003: -0.9737, 004: -0.9972, 012: 2.0512, 014: 7.5627, 002: 3.4784, 008: 7.3977, 005: -4.9012, 013: -1.9080, 001: 7.2852, 010: 7.4742, 007: 7.4195, 009: 7.0073, 000: 7.4839, 011: 7.4399, 006: 0.9841"
5,0.2573745216397816,500,2.573745194287282,"003: -2.2719, 004: 14.3098, 012: 13.8461, 014: 14.3246, 002: 0.7611, 008: 14.1642, 005: 13.9498, 013: -6.1513, 001: 13.7454, 010: 13.8707, 007: 3.0774, 009: 14.2768, 000: 14.6052, 011: 13.9677, 006: -5.4942"
6,0.23596145010961453,107,2.3596143894404396,"003: 3.2156, 004: 3.2210, 012: 0.1838, 014: 3.0926, 002: -0.5004, 008: 0.3934, 005: 3.0514, 013: 3.0452, 001: 3.3206, 010: 1.6308, 007: -0.8478, 009: 2.3589, 000: 3.1207, 011: -0.5119, 006: -0.6303"
7,0.24982792386352395,481,2.4982792138857093,"003: 13.7307, 004: 13.5837, 012: 12.1164, 014: 2.6096, 002: 12.5658, 008: 13.8001, 005: -1.0809, 013: 2.6046, 001: 2.2940, 010: 13.8554, 007: 0.7338, 009: 10.1760, 000: 13.4311, 011: 13.5591, 006: 0.8602"
MEAN,0.27612478653033734,318.375,2.76124781304833,n/a
