{"initial_reset_timestamp": 1618333316.259397, "timestamps": [1618333326.5464425, 1618333336.967374], "episode_lengths": [6, 6], "episode_rewards": [4.439771643828936, 4.000779095451024], "episode_rewards_": [[0.8222222222222223, 0.9327704576054036, 0.9294396281688483, 0.9326679449316199, 0.8226713909008424, 0.0], [0.8222222222222223, 0.7116739868390409, 0.7150048162755963, 0.822324734896006, 0.862886668551491, 0.06666666666666665]], "episode_seeds": [6244535195704715112, 16488087888853131443], "episode_types": ["t", "t"], "episode_speed": [[25.0, 29.1455588268693, 29.853986056331806, 29.975047934935745, 25.85017715878159, 15.023103684187204], [25.0, 20.8544411731307, 20.146013943668194, 24.17051089193356, 24.85825007068091, 9.4680491512454]], "episode_crashed": [[false, false, false, false, false, true], [false, false, false, false, false, true]], "episode_action": [[2, 3, 0, 3, 4, 3], [2, 4, 2, 3, 2, 2]], "episode_cost": [[0.0, 0.0, 0.0, 0.0, 0.0, 1.0], [0.0, 0.0, 0.0, 0.0, 0.0, 1.0]]}