episode,sim/wall,total steps,steps/sec,score
0,4.155097661889753,500,41.55097167938876,000: 13.5793
1,2.2160116401813825,500,22.160114996849202,000: 14.1825
2,2.528813500789488,463,25.28813237348923,000: 10.8502
3,2.511350212962505,226,25.113497472218217,000: -2.0710
MEAN,2.8528182539557823,422.25,28.52817913048635,n/a
