{"initial_reset_timestamp": 1618334637.5123026, "timestamps": [1618334644.7214904, 1618334657.6615772], "episode_lengths": [4, 7], "episode_rewards": [2.734248192349552, 5.616986545878784], "episode_rewards_": [[0.8444444444444444, 0.8222222222222223, 0.9327704576054036, 0.1348110680774813], [0.8222222222222223, 0.8444444444444444, 0.9549926798276257, 0.9738840726132926, 0.9771123893760643, 0.9776640707284683, 0.06666666666666665]], "episode_seeds": [12570345651468538652, 12060365948603823993], "episode_types": ["t", "t"], "episode_speed": [[25.0, 25.0, 29.1455588268693, 24.222081719572216], [25.0, 25.0, 29.1455588268693, 29.853986056331806, 29.975047934935745, 29.995735985650892, 15.047167831220815]], "episode_crashed": [[false, false, false, true], [false, false, false, false, false, false, true]], "episode_action": [[0, 0, 3, 1], [0, 2, 3, 3, 3, 1, 2]], "episode_cost": [[0.0, 0.0, 0.0, 1.0], [0.0, 0.0, 0.0, 0.0, 0.0, 0.0, 1.0]]}