{"initial_reset_timestamp": 1618335052.678851, "timestamps": [1618335056.2727149, 1618335063.2956867], "episode_lengths": [2, 4], "episode_rewards": [0.8666666666666667, 2.839322475150316], "episode_rewards_": [[0.8222222222222223, 0.04444444444444443], [0.9105482353831814, 0.9294396281688483, 0.9548901671538421, 0.04444444444444443]], "episode_seeds": [13993651347065433795, 11917340605023337786], "episode_types": ["t", "t"], "episode_speed": [[25.0, 17.706139917695474], [29.1455588268693, 29.853986056331806, 29.975047934935745, 16.11662235459879]], "episode_crashed": [[false, true], [false, false, false, true]], "episode_action": [[0, 2], [3, 1, 2, 2]], "episode_cost": [[0.0, 1.0], [0.0, 0.0, 0.0, 1.0]]}