{"initial_reset_timestamp": 1618333030.680236, "timestamps": [1618333035.9410825, 1618333044.6101737], "episode_lengths": [3, 5], "episode_rewards": [1.6894517646168186, 3.511111111111111], "episode_rewards_": [[0.8666666666666667, 0.7561184312834853, 0.06666666666666665], [0.8666666666666667, 0.8666666666666667, 0.8666666666666667, 0.8666666666666667, 0.04444444444444443]], "episode_seeds": [16871174196814445947, 350993505449847952], "episode_types": ["t", "t"], "episode_speed": [[25.0, 20.8544411731307, 12.544668455603224], [25.0, 25.0, 25.0, 25.0, 16.525730589849108]], "episode_crashed": [[false, false, true], [false, false, false, false, true]], "episode_action": [[2, 4, 2], [1, 1, 2, 2, 0]], "episode_cost": [[0.0, 0.0, 1.0], [0.0, 0.0, 0.0, 0.0, 1.0]]}