episode,sim/wall,total steps,steps/sec,score
0,4.161319219976472,500,41.61318641973415,000: 13.5793
1,2.577883468666094,500,25.77883278537309,000: 14.1825
2,3.001113465359617,463,30.011131870840057,000: 10.8498
3,3.065143221507407,209,30.651425784547857,000: 0.2997
4,2.939509716169862,382,29.395093386632894,000: 9.2919
MEAN,3.1489938183358905,410.8,31.489934049425607,n/a
