episode,sim/wall,total steps,steps/sec,score
0,0.364113350858226,500,3.641133451685727,"011: 14.1560, 001: 14.0419, 005: -55.0360, 009: 14.2342, 004: 9.2674, 007: 10.5169, 000: 14.3614, 012: 14.7180, 013: -3.6548, 006: 14.3918, 008: 13.5298, 014: 13.9706, 003: -0.3399, 002: -55.7637, 010: 14.6808"
1,0.2989256551221167,203,2.9892564777582,"011: 3.1073, 001: 6.0407, 005: 5.9916, 009: -1.0988, 004: 6.0459, 007: -0.5665, 000: 2.9412, 012: 5.6577, 013: 2.4908, 006: 4.7095, 008: 5.5715, 014: -1.7702, 003: 5.1969, 002: -0.8381, 010: 5.9001"
2,0.2684428282070421,224,2.6844282207103762,"011: 6.4141, 001: 0.7277, 005: -11.3907, 009: 3.4954, 004: 6.5262, 007: 6.1193, 000: 6.4003, 012: 5.8553, 013: 6.3103, 006: 6.0055, 008: -2.7854, 014: 1.2551, 003: -3.4421, 002: -0.4085, 010: 4.8550"
3,0.3095821729012713,262,3.0958216766837734,"011: 7.1602, 001: 2.0662, 005: -10.7923, 009: 1.3697, 004: 7.4092, 007: 7.3741, 000: 7.9495, 012: -3.9947, 013: 7.5873, 006: 7.4208, 008: -6.1941, 014: 1.4229, 003: 7.6966, 002: 5.7919, 010: 7.8520"
4,0.25466167597375816,495,2.5466167316247503,"011: 3.2017, 001: 14.2366, 005: 0.2690, 009: 12.8714, 004: 13.3553, 007: 13.9839, 000: -403.1919, 012: 11.3081, 013: -4.7298, 006: -5.9891, 008: 13.9455, 014: 14.0547, 003: -0.4974, 002: 13.9218, 010: 13.6117"
5,0.2920099498773969,392,2.9200994520981625,"011: 11.0457, 001: 2.7028, 005: 11.3947, 009: 10.8104, 004: 11.1303, 007: -0.1217, 000: 11.3327, 012: 11.2722, 013: -0.5357, 006: -14.0211, 008: 11.4130, 014: 1.3854, 003: -0.8364, 002: 2.3994, 010: 11.1943"
6,0.29769200983985106,206,2.976920026601682,"011: -4.1109, 001: 5.9512, 005: 6.0802, 009: 4.3955, 004: 4.6652, 007: -0.8435, 000: 6.0693, 012: -0.1961, 013: 4.1755, 006: -5.0105, 008: 5.6420, 014: 5.8788, 003: 6.0739, 002: -3.0298, 010: -1.2969"
7,0.2636839068244757,275,2.6368390200206013,"011: 7.5682, 001: 1.7987, 005: -0.2441, 009: -2.7584, 004: 7.7575, 007: 8.2366, 000: 7.6317, 012: 8.0788, 013: 1.3354, 006: 1.3922, 008: 7.8238, 014: -3.5074, 003: 4.8454, 002: 7.3562, 010: 8.0880"
MEAN,0.29363894370051724,319.625,2.9363893821479095,n/a
