episode,sim/wall,total steps,steps/sec,score
0,2.51673996805592,500,25.16739756636544,000: 13.5537
1,2.2754915065088372,101,22.754906509162048,000: 0.7828
2,2.2962504127366987,500,22.962502618816643,000: 13.8728
3,2.2764355500532356,500,22.764354265009484,000: 14.4416
4,2.274090672017849,500,22.740905487199647,000: 14.4781
5,2.2998636620758375,500,22.998634603022932,000: -253.6467
MEAN,2.3231452952413965,433.5,23.231450174929368,n/a
