episode,sim/wall,total steps,steps/sec,score
0,0.6003459104335771,3828,6.003459088622401,"000: 4.3782, 001: 14.9549, 007: 4.1903, 008: 15.5777, 009: 96.1288, 003: 29.1236, 004: 73.6356, 002: -0.8730, 006: 36.2755, 005: -0.8599"
1,0.41838214387323136,5000,4.183821431220256,"000: 5.1555, 007: -25.1097, 001: 1.1391, 008: 0.9948, 009: 93.5441, 003: 123.2859, 002: -1.6471, 004: -5.9559, 006: 23.6126, 005: 121.8917"
2,0.7143652603111672,5000,7.14365258607798,"000: -0.5579, 007: -1.7691, 001: 37.9887, 008: 5.9049, 009: 131.4404, 003: 5.0898, 002: -27.0747, 004: -2.3647, 006: 11.6800, 005: 18.7122"
3,0.5947930620763473,5000,5.947930605580934,"007: -0.8766, 001: 1.4331, 000: -0.8746, 008: 88.0390, 009: 1.6319, 003: -0.2712, 002: -3.7316, 004: -4.2980, 006: -5.4154, 005: 122.3758"
4,0.6748957403940642,3294,6.7489573775664065,"007: 13.0487, 000: -0.4182, 001: 2.8310, 008: 13.0352, 009: 0.4907, 003: -10.8426, 002: 47.7519, 006: -2.5583, 004: 79.0166, 005: 0.4765"
MEAN,0.6005564234176775,4424.4,6.005564217813595,n/a
