episode,sim/wall,total steps,steps/sec,score
0,0.25562688682494183,493,2.556268849288582,"009: 14.0579, 003: -3.0701, 013: 0.3312, 004: 14.3464, 002: 1.4966, 008: -115.8610, 006: 13.8765, 010: 14.4833, 014: 14.2105, 005: -2.4686, 011: 13.4726, 007: 6.0591, 001: 13.8183, 000: 6.1870, 012: 14.1029"
1,0.13284015519783945,296,1.328401542028805,"009: 7.9765, 003: 8.0527, 013: -9.9003, 004: 8.4238, 002: -0.8350, 008: 7.8182, 006: 0.5691, 010: 8.6183, 014: -1.7782, 005: 8.6596, 011: -15.5591, 007: -0.5787, 001: -0.4912, 000: 3.1965, 012: 8.0511"
2,0.12677908372380814,189,1.2677908250727272,"009: 5.0299, 003: -3.5000, 013: 5.4291, 004: 5.4991, 002: -0.1459, 008: 1.2774, 006: 5.5672, 010: 5.1865, 014: 3.5150, 005: -1.9155, 011: 4.9707, 007: 5.0916, 001: 3.3610, 000: 3.4138, 012: -6.2755"
3,0.1485766814598643,330,1.485766803434497,"009: 9.6036, 003: 9.4486, 013: -2.6749, 004: 4.3945, 002: 9.3456, 008: -6.2632, 006: 9.6162, 010: 9.7758, 014: -4.6406, 005: -10.7512, 011: 9.9153, 007: 9.1726, 001: 0.3284, 000: 9.2361, 012: -3.9939"
4,0.1292640189397191,319,1.2926401806553527,"009: 9.0635, 003: -0.9681, 013: 9.0872, 004: -0.9811, 002: 4.3516, 008: 9.0571, 006: 1.0345, 010: 9.5398, 014: 9.0386, 005: 7.7913, 011: 8.6386, 007: -18.1716, 001: 1.7002, 000: 9.2010, 012: -3.5679"
MEAN,0.15861736522923459,325.4,1.5861736400959927,n/a
