{"initial_reset_timestamp": 1618859290.6042993, "timestamps": [1618859294.7383986, 1618859298.160741, 1618859303.6894903, 1618859309.8733325, 1618859312.7306228, 1618859314.2013197, 1618859319.1229193, 1618859324.0832112, 1618859336.3689356, 1618859339.297547, 1618859349.617082, 1618859351.0608494, 1618859353.2621405, 1618859357.4742212, 1618859362.2851174, 1618859363.7238228, 1618859365.8853612, 1618859367.3199282, 1618859371.542608, 1618859372.9754257, 1618859379.963826, 1618859384.1010866, 1618859386.9233928, 1618859391.7675965, 1618859406.6998765], "episode_lengths": [6, 5, 8, 9, 4, 2, 7, 7, 18, 4, 15, 2, 3, 6, 7, 2, 3, 2, 6, 2, 10, 6, 4, 7, 22], "episode_rewards": [4.750300448015197, 3.4444444444444446, 5.138588440873693, 7.154992582857928, 2.8031443143282253, 0.7999999999999999, 4.897084645732798, 5.639208768101007, 16.37251866527613, 2.537227038497818, 10.994745576857989, 0.7999999999999999, 1.9733211968853628, 4.750300448015197, 5.883630460785591, 0.977214902049848, 1.777214902049848, 0.8005628757279297, 4.55109897466314, 0.8222222222222223, 8.1319686269655, 4.950300448015196, 2.9733211968853626, 4.271925094769964, 19.661430309336918], "episode_rewards_": [[0.9327704576054036, 0.9516618503910704, 0.9548901671538421, 0.9332196262840239, 0.9555361243586344, 0.022222222222222216], [0.8666666666666667, 0.8666666666666667, 0.8444444444444444, 0.8444444444444444, 0.022222222222222216], [0.8444444444444444, 0.8222222222222223, 0.7116739868390409, 0.6927825940533742, 0.6895542772906024, 0.6890025959381983, 0.6889083200858099, 0.0], [0.9772149020498481, 0.8855580594523337, 0.847672761207216, 0.8227739035746263, 0.8445387202968329, 0.8666827773006491, 0.8666694197844667, 0.9772153725252887, 0.06666666666666665], [0.8222222222222223, 0.8444444444444444, 0.9549926798276257, 0.1814849678339329], [0.7999999999999999, 0.0], [0.6894517646168187, 0.6705603718311518, 0.6673320550683801, 0.7773286090991576, 0.9066739614156173, 0.9509997825522953, 0.23473810114937668], [0.8444444444444444, 0.8444444444444444, 0.9549926798276257, 0.9961062948355148, 0.9993346115982865, 0.9776640707284683, 0.022222222222222216], [0.8666666666666667, 0.8666666666666667, 0.8666666666666667, 0.8666666666666667, 0.9772149020498481, 0.9961062948355148, 0.9993346115982865, 0.9998862929506904, 0.9999805688030788, 0.9999966794370615, 0.9999994325548616, 0.9999999030303021, 0.9999999834290195, 0.9999999971682144, 0.9999999995160812, 0.9777777776950818, 0.9555555555414239, 0.0], [0.8666666666666667, 0.7561184312834853, 0.8477752738809997, 0.06666666666666665], [0.7999999999999999, 0.6894517646168187, 0.6927825940533742, 0.6895542772906024, 0.6667803737159762, 0.6889083200858099, 0.6666699872296054, 0.6666672341118053, 0.7772149990195459, 0.9066545467896766, 0.9287742425989203, 0.9547764605884513, 0.9332001951697987, 0.9333105815876056, 0.0], [0.7999999999999999, 0.0], [0.7999999999999999, 0.9105482353831814, 0.2627729615021815], [0.9105482353831814, 0.9294396281688483, 0.9548901671538421, 0.955441848506246, 0.9555361243586344, 0.04444444444444443], [0.9327704576054036, 0.9516618503910704, 0.9548901671538421, 0.9776640707284683, 0.9999805688030788, 0.9999966794370615, 0.06666666666666665], [0.9549926798276257, 0.022222222222222216], [0.8222222222222223, 0.9327704576054036, 0.022222222222222216], [0.7561184312834853, 0.04444444444444443], [0.8666666666666667, 0.8666666666666667, 0.8444444444444444, 0.9549926798276257, 0.9738840726132926, 0.04444444444444443], [0.8222222222222223, 0.0], [0.7561184312834853, 0.8477752738809997, 0.8634383499038951, 0.976663220697444, 0.973789796760904, 0.9548740565198596, 0.9554390953884461, 0.8449874185000127, 0.9366607618082327, 0.022222222222222216], [0.9327704576054036, 0.9738840726132926, 0.9993346115982865, 0.9776640707284683, 0.9999805688030788, 0.06666666666666665], [0.8666666666666667, 0.8444444444444444, 0.9549926798276257, 0.30721740594662594], [0.6894517646168187, 0.6705603718311518, 0.6895542772906024, 0.7112248181604207, 0.7111305423080322, 0.7333366538962719, 0.06666666666666665], [0.8666666666666667, 0.8666666666666667, 0.9772149020498481, 0.9961062948355148, 0.9993346115982865, 0.9998862929506904, 0.9999805688030788, 0.8894484440538801, 0.8705598043860133, 0.8673319580986822, 0.8667803571449957, 0.8666860950318022, 0.9772182221288678, 0.9961068621979573, 0.9771124863316305, 0.8671158519138524, 0.8483187212433815, 0.9556547481502492, 0.9517749900779254, 0.9771317236174171, 0.9776673747228407, 0.06666666666666665]], "episode_seeds": [14352088426204856073, 15799938327394196123, 8509245069538438540, 10071970636265371755, 13000160838412490432, 12183428898652076393, 8506223876448041868, 18155537211859233826, 13610352042366680067, 11225978649758153192, 18335360722385315718, 2443362661968848001, 17777779501687460248, 17356485738101558675, 6188107924655884780, 12854058905562381575, 6950661218611094998, 3149639114915764292, 6530711295542880732, 2309333968137609229, 14101525986087076198, 2906756099712350894, 9004736433885883327, 7929829969761272386, 1820900985597104911], "episode_types": ["t", "t", "t", "t", "t", "t", "t", "t", "t", "t", "t", "t", "t", "t", "t", "t", "t", "t", "t", "t", "t", "t", "t", "t", "t"],