episode,sim/wall,total steps,steps/sec,score
0,1.8044846144831468,5000,18.044846020618643,000: 128.9362
MEAN,1.8044846144831468,5000.0,18.044846020618643,n/a
