episode,sim/wall,total steps,steps/sec,score
0,2.5559377375794057,500,25.55937332617739,000: 11.3638
1,0.23118606861500948,500,2.311860653018926,000: 11.5681
MEAN,1.3935619030972075,500.0,13.935616989598158,n/a
