episode,sim/wall,total steps,steps/sec,score
0,3.747301316652994,500,37.47300847941818,000: 13.5537
1,1.3878988113025383,101,13.878985384767024,000: 0.7828
2,1.9989119348859072,500,19.989117824640086,000: 13.8728
3,1.9838376532074788,500,19.83837503075813,000: 14.4416
MEAN,2.2794874290122293,400.25,22.794871679895856,n/a
