episode,sim/wall,total steps,steps/sec,score
0,3.0319093246874282,2864,30.319092787728348,000: 53.1895
1,3.55419240293107,92,35.54190438733602,000: -3.2433
2,3.4954243570201977,171,34.954231645660364,000: -2.6451
3,3.320707211038091,105,33.20705207942423,000: 1.5383
4,3.3822959710957488,346,33.822953404621295,000: 5.1812
MEAN,3.3569058533545073,715.6,33.56904686095406,n/a
