episode,sim/wall,total steps,steps/sec,score
0,0.4357476876622148,500,4.35747679513619,"004: 14.5022, 013: -16.8268, 008: 12.9959, 000: 4.5725, 001: 13.8847, 011: 13.7902, 012: 13.3856, 009: 14.2951, 007: 4.3400, 014: -2.9539, 003: 13.9708, 006: 13.9818, 005: 0.6447, 010: 14.5720, 002: 1.3526"
1,0.28570387216946475,215,2.8570386583322036,"004: 6.0449, 013: 5.3072, 008: 5.7931, 000: 2.9273, 001: 6.4098, 011: -0.8624, 012: 5.8091, 009: 1.5964, 007: -0.7748, 014: -1.7689, 003: 5.6676, 006: 3.8606, 005: 6.3879, 010: 6.5071, 002: -0.8320"
2,0.2999529707638343,226,2.999529650688933,"004: 4.2830, 013: -46.8427, 008: 0.4288, 000: 6.3252, 001: -0.6966, 011: 6.4766, 012: -1.6862, 009: 6.3395, 007: 6.4682, 014: 6.4292, 003: 0.7661, 006: 6.2352, 005: 6.6188, 010: 4.1119, 002: -0.2528"
3,0.2787540165120153,236,2.7875401180200776,"004: 6.9412, 013: 6.8471, 008: -6.2340, 000: 6.9152, 001: 2.0154, 011: 2.6288, 012: -4.0244, 009: -2.8226, 007: 6.6159, 014: 0.1339, 003: 6.8788, 006: 6.4222, 005: -10.7636, 010: 6.9055, 002: 6.7888"
4,0.23517407262782236,406,2.3517407002956046,"004: 4.0641, 013: 11.8022, 008: 4.6764, 000: 11.5611, 001: 11.4910, 011: 10.9269, 012: 11.1909, 009: 5.3351, 007: 10.9971, 014: 0.1363, 003: -7.3428, 006: 0.9929, 005: -1.7621, 010: -15.6797, 002: 11.6530"
5,0.2600442666272466,186,2.6004425969280187,"004: 5.0312, 013: -1.1395, 008: 5.3597, 000: 5.3558, 001: -3.0477, 011: 1.0512, 012: 5.3390, 009: 2.5543, 007: 5.2271, 014: 5.5525, 003: -3.4771, 006: 2.0415, 005: -1.6727, 010: 5.5100, 002: 3.3951"
6,0.2391000226181822,104,2.391000134440707,"004: 2.9217, 013: 1.9854, 008: -0.0486, 011: -6.7942, 001: 2.9682, 000: 3.0657, 012: 0.5050, 009: 2.6540, 007: -0.8434, 014: 3.0846, 003: 2.0568, 006: -0.8782, 005: 3.0655, 010: 0.7223, 002: -2.1028"
7,0.24944697932564547,196,2.49446972513514,"004: 5.6374, 013: 0.1522, 000: 5.9859, 008: 5.7977, 011: 5.2358, 001: 0.5951, 012: 2.7953, 009: -1.8756, 007: 5.8088, 014: -4.6133, 003: 5.5848, 006: 0.1718, 005: 2.9289, 010: 0.9559, 002: 5.7471"
MEAN,0.2854904860383032,258.625,2.854904797372109,n/a
