episode,sim/wall,total steps,steps/sec,score
0,4.180401906244707,500,41.8040140625926,000: 13.5793
1,2.798007754736172,500,27.980075307510695,000: 14.1825
2,2.8603992095071833,463,28.603989567150148,000: 10.8502
3,2.8290296755236883,226,28.290291689322622,000: -2.0710
4,2.8046691025888575,500,28.04668877535982,000: 14.3258
5,2.8870160950445607,245,28.870154461676652,000: 2.0083
6,3.335227275739319,27,33.35220399921778,000: -1.6440
7,2.879272231493969,401,28.79271837171878,000: 6.8945
MEAN,3.0717529063598077,357.75,30.71751702931864,n/a
