episode,sim/wall,total steps,steps/sec,score
0,3.067560320547205,500,30.675599167170308,000: 11.3638
1,0.2864038565710957,500,2.864038542242796,000: 11.5681
MEAN,1.6769820885591504,500.0,16.769818854706553,n/a
