{"initial_reset_timestamp": 1618571920.2682996, "timestamps": [1618571941.1925974, 1618571945.249068, 1618571946.6759334, 1618571962.5552092, 1618571965.3130553, 1618571970.563082, 1618571977.7370398, 1618571986.279728, 1618571994.0972953, 1618572002.537742], "episode_lengths": [32, 6, 2, 24, 4, 8, 11, 13, 12, 13], "episode_rewards": [25.445246976056485, 3.560810663095914, 0.9333333333333333, 20.3109739679036, 2.4672295423945965, 6.53253480668539, 8.71052880418626, 11.28829870477267, 7.760814667960375, 9.138573011225528], "episode_rewards_": [[0.8222222222222223, 0.8444444444444444, 0.8666666666666667, 0.8444444444444444, 0.8444444444444444, 0.9549926798276257, 0.8633358372301115, 0.8698949834294383, 0.8449961257968485, 0.8445387202968329, 0.8666827773006491, 0.977217655167648, 0.9961067653109555, 0.8887864566138225, 0.9809949139042186, 0.8862040190049929, 0.7594571349338507, 0.7377975836705692, 0.7340962211923926, 0.7334637018927856, 0.7333556117863088, 0.7333371404588327, 0.7111117617040666, 0.7333334445120149, 0.733333352332462, 0.7333333365800608, 0.7111111116659389, 0.7111111112059246, 0.7333333333495359, 0.8438815687192834, 0.8405507392804324, 0.06666666666666665], [0.7116739868390409, 0.6705603718311518, 0.6895542772906024, 0.7112248181604207, 0.7111305423080322, 0.06666666666666665], [0.8666666666666667, 0.06666666666666665], [0.7999999999999999, 0.6894517646168187, 0.6927825940533742, 0.6895542772906024, 0.7112248181604207, 0.7333527645302546, 0.8438848892794533, 0.8405513067250978, 0.8437791530124289, 0.8665529761883377, 0.9771954736847125, 0.9961029747564951, 0.9993340442358442, 0.9998861959951243, 0.9999805522345134, 0.9999966766056887, 0.9777772098487909, 0.9777776807253957, 0.9777777611926676, 0.9999999971657999, 0.8894517641324873, 0.8705603717483853, 0.8673320550542366, 0.06666666666666665], [0.8222222222222223, 0.8444444444444444, 0.7338962090612631, 0.06666666666666665], [0.8666666666666667, 0.8666666666666667, 0.9772149020498481, 0.9961062948355148, 0.9993346115982865, 0.889338057567509, 0.8705409406342307, 0.06666666666666665], [0.8222222222222223, 0.8222222222222223, 0.8222222222222223, 0.8222222222222223, 0.8444444444444444, 0.9549926798276257, 0.8633358372301115, 0.847672761207216, 0.8672183480190707, 0.9773091779022365, 0.06666666666666665], [0.8666666666666667, 0.9772149020498481, 0.9961062948355148, 0.9993346115982865, 0.9998862929506904, 0.9999805688030788, 0.8894484440538801, 0.8483375821637912, 0.8228875136542378, 0.9328841480837325, 0.973903500978428, 0.8665674740719026, 0.11508070486261006], [0.7116739868390409, 0.6927825940533742, 0.6895542772906024, 0.6890025959381983, 0.6889083200858099, 0.6888922094518275, 0.7111116785562497, 0.7333334303030313, 0.7111111276820915, 0.7111111139428967, 0.71111111159503, 0.022222222222222216], [0.8444444444444444, 0.8444444444444444, 0.8444444444444444, 0.7338962090612631, 0.7150048162755963, 0.6895542772906024, 0.7112248181604207, 0.8216787776912134, 0.7300058244597164, 0.7143399953190213, 0.711662889433213, 0.7112054035344801, 0.06666666666666665]], "episode_seeds": [12790276731250962406, 14173365218574470399, 8039806607974169892, 17198861580378446152, 4300245732463957222, 16054590103770391, 4838528166273777436, 15166488290653230662, 15879522250415151600, 11058891644709984562], "episode_types": ["t", "t", "t", "t", "t", "t", "t", "t", "t", "t"], "episode_speed": [[25.0, 25.0, 25.0, 25.0, 25.0, 29.1455588268693, 25.70842722946251, 25.121061878603935, 25.02068805071515, 25.003535344464566, 25.000604148774343, 29.145662068786798, 29.854003699160828, 25.829492123018344, 29.287309271408194, 25.73265071268723, 20.979642560019403, 20.167409387646348, 20.028608294714726, 20.004888820979463, 20.00083544198658, 20.000142767206224, 20.000024397235833, 20.000004169200558, 20.000000712467326, 20.000000121752283, 20.000000020806038, 20.000000003555506, 20.000000000607596, 24.14555882697313, 24.85398605634955, 16.49229243623597], [20.8544411731307, 20.146013943668194, 20.024952065064255, 20.004264014349108, 20.00072866988454, 10.032439336887608], [25.0, 13.436031033643246], [25.0, 20.8544411731307, 20.146013943668194, 20.024952065064255, 20.004264014349108, 20.00072866988454, 24.145683347979496, 24.8540073355245, 24.975051571299417, 24.99573660706266, 29.14483026317672, 29.853861553368567, 29.975026658844154, 29.99573234981716, 29.999270708794253, 29.999875372713323, 29.999978702662993, 29.999996360535675, 29.999999378058366, 29.999999893717494, 25.85444115496827, 25.14601394056445, 25.02495206453387, 16.018798171694705], [25.0, 25.0, 20.8544411731307, 13.416257121259498], [25.0, 25.0, 29.1455588268693, 29.853986056331806, 29.975047934935745, 25.85017715878159, 25.145285273783653, 13.69700157481328], [25.0, 25.0, 25.0, 25.0, 25.0, 29.1455588268693, 25.70842722946251, 25.121061878603935, 25.02068805071515, 29.149094171333864, 14.811497524097037], [25.0, 29.1455588268693, 29.853986056331806, 29.975047934935745, 29.995735985650892, 29.99927133011546, 25.854316652020504, 25.1459926644755, 25.024948428700583, 29.149822219806637, 29.854714620024385, 25.829613611029682, 23.482193099014545], [20.8544411731307, 20.146013943668194, 20.024952065064255, 20.004264014349108, 20.00072866988454, 20.000124521110198, 20.000021279192694, 20.000003636363672, 20.00000062141177, 20.000000106191962, 20.00000001814696, 11.516598033418807], [25.0, 25.0, 25.0, 20.8544411731307, 20.146013943668194, 20.024952065064255, 20.004264014349108, 24.14628749675384, 20.708551750572703, 20.121083157796633, 20.020691687078823, 20.00353596587634, 11.517490788626475]], "episode_crashed": [[false, false, false, false, false, false, false, false, false, false, false, false, false, false, false, false, false, false, false, false, false, false, false, false, false, false, false, false, false, false, false, true], [false, false, false, false, false, true], [false, true], [false, false, false, false, false, false, false, false, false, false, false, false, false, false, false, false, false, false, false, false, false, false, false, true], [false, false, false, true], [false, false, false, false, false, false, false, true], [false, false, false, false, false, false, false, false, false, false, true], [false, false, false, false, false, false, false, false, false, false, false, false, true], [false, false, false, false, false, false, false, false, false, false, false, true], [false, false, false, false, false, false, false, false, false, false, false, false, true]], "episode_action": [[1, 2, 2, 0, 1, 3, 4, 2, 0, 1, 2, 3, 3, 4, 3, 4, 4, 4, 1, 4, 1, 1, 0, 2, 1, 4, 0, 1, 2, 3, 0, 2], [4, 0, 2, 2, 1, 2], [1, 2], [1, 4, 2, 1, 2, 2, 3, 0, 1, 2, 3, 1, 1, 1, 3, 2, 0, 1, 3, 2, 4, 1, 2, 3], [2, 2, 4, 2], [1, 2, 3, 3, 2, 4, 1, 3], [1, 1, 1, 1, 2, 3, 4, 1, 2, 3, 1], [1, 3, 1, 1, 2, 2, 4, 0, 0, 3, 2, 4, 0], [4, 1, 1, 4, 1, 1, 2, 2, 0, 4, 1, 0], [2, 1, 1, 4, 1, 0, 2, 3, 4, 4, 4, 4, 2]], "episode_cost": [[0.0, 0.0, 0.0, 0.0, 0.0, 0.0, 0.0, 0.0, 0.0, 0.0, 0.0, 0.0, 0.0, 0.0, 0.0, 0.0, 0.0, 0.0, 0.0, 0.0, 0.0, 0.0, 0.0, 0.0, 0.0, 0.0, 0.0, 0.0, 0.0, 0.0, 0.0, 1.0], [0.0, 0.0, 0.0, 0.0, 0.0, 1.0], [0.0, 1.0], [0.0, 0.0, 0.0, 0.0, 0.0, 0.0, 0.0, 0.0, 0.0, 0.0, 0.0, 0.0, 0.0, 0.0, 0.0, 0.0, 0.0, 0.0, 0.0, 0.0, 0.0, 0.0, 0.0, 1.0], [0.0, 0.0, 0.0, 1.0], [0.0, 0.0, 0.0, 0.0, 0.0, 0.0, 0.0, 1.0], [0.0, 0.0, 0.0, 0.0, 0.0, 0.0, 0.0, 0.0, 0.0, 0.0, 1.0], [0.0, 0.0, 0.0, 0.0, 0.0, 0.0, 0.0, 0.0, 0.0, 0.0, 0.0, 0.0, 1.0], [0.0, 0.0, 0.0, 0.0, 0.0, 0.0, 0.0, 0.0, 0.0, 0.0, 0.0, 1.0], [0.0, 0.0, 0.0, 0.0, 0.0, 0.0, 0.0, 0.0, 0.0, 0.0, 0.0, 0.0, 1.0]]}