episode,sim/wall,total steps,steps/sec,score
0,0.37209271362396473,500,3.7209270900259774,"005: 0.0989, 012: 14.5306, 009: 14.2197, 010: 14.0739, 004: 10.6131, 011: 13.8792, 013: 0.2882, 006: 14.2774, 007: 8.6182, 003: 0.4019, 001: 13.8568, 002: 1.3021, 000: 14.2434, 008: 13.6290, 014: 14.4885"
1,0.27633992024701537,251,2.7633991516949514,"005: 7.3283, 012: 5.9247, 009: 7.1042, 010: 7.2024, 004: 7.5019, 011: 3.3577, 013: 5.6873, 006: 7.2691, 007: -0.6134, 003: 6.7000, 001: 7.4671, 002: -0.8407, 000: -0.8592, 008: 6.9468, 014: -1.7679"
2,0.2408635685034086,226,2.4086356483121865,"005: -10.3959, 012: 5.8483, 009: 6.4929, 010: 3.9356, 004: 6.5701, 011: 6.4305, 013: 6.5332, 006: 6.2411, 007: 6.2934, 003: -20.2409, 001: -0.6198, 002: -22.4245, 000: 6.6743, 008: 3.4624, 014: 3.9868"
3,0.27159845986974424,354,2.7159845688887665,"005: -10.7302, 012: -3.9644, 009: -0.4441, 010: 10.6903, 004: 10.3200, 011: 10.2587, 013: 7.0341, 006: -5.0927, 007: 9.9852, 003: 10.3639, 001: -127.6218, 002: 10.1312, 000: 9.9814, 008: -6.2715, 014: 9.9871"
4,0.2672596132505583,500,2.672596105258078,"005: 3.3538, 012: 13.7179, 009: 14.7355, 010: 13.5208, 004: -1.4006, 011: 13.6551, 013: 14.2227, 006: -2.2719, 007: 14.2220, 003: -1.0194, 001: 1.2483, 002: -2.4399, 000: 14.3981, 008: 13.6954, 014: 14.5797"
5,0.2681210380013605,487,2.6812103483386927,"005: 5.2317, 012: 13.7462, 009: 13.9381, 010: 13.7252, 004: 1.5098, 011: 14.0278, 013: -3.0139, 006: 13.2398, 007: 1.3905, 003: -0.1375, 001: 8.8570, 002: 1.3472, 000: 13.9904, 008: 14.1475, 014: 13.6894"
6,0.24994756931162307,149,2.4994755931503847,"005: 4.4014, 012: -7.1141, 009: 3.8446, 010: -1.7977, 004: 4.4241, 011: -2.2791, 013: 4.2957, 006: -6.3067, 007: -0.8381, 003: 4.4479, 001: 4.4854, 002: -3.9864, 000: 4.4302, 008: -0.3679, 014: 4.4424"
7,0.21384450629744034,268,2.138445030428864,"005: 2.8641, 012: 7.7688, 009: 7.2633, 010: 7.7609, 004: 7.6844, 011: 3.8276, 013: 6.1485, 006: 6.0834, 007: 8.1139, 003: 7.8547, 001: 1.2144, 002: -7.7488, 000: 7.5853, 008: 7.8144, 014: -0.5291"
MEAN,0.27000842363813937,341.875,2.7000841920122376,n/a
