{"initial_reset_timestamp": 1618070079.7609403, "timestamps": [1618070083.8401203, 1618070090.4869745], "episode_lengths": [5, 8], "episode_rewards": [3.1562209439572695, 5.6000188637517825], "episode_rewards_": [[0.8222222222222223, 0.7116739868390409, 0.8033308294365552, 0.8189939054594507, 0.0], [0.9105482353831814, 0.8188913927856669, 0.6926800813795904, 0.7816602885667372, 0.7968659590896169, 0.7994644292815786, 0.7999084772654115, 0.0]], "episode_seeds": [5904001261850024854, 7863903840447224368], "episode_types": ["t", "t"], "episode_speed": [[25.0, 20.8544411731307, 24.29157277053749, 24.878938121396065, 15.394905052287282], [29.1455588268693, 25.70842722946251, 20.975503051734638, 24.312260821252643, 24.88247346586063, 24.979916098059196, 24.996567897452927, 17.249184249841207]], "episode_crashed": [[false, false, false, false, true], [false, false, false, false, false, false, false, true]], "episode_action": [[0, 4, 3, 1, 0], [3, 4, 4, 3, 1, 1, 0, 4]], "episode_cost": [[0.0, 0.0, 0.0, 0.0, 1.0], [0.0, 0.0, 0.0, 0.0, 0.0, 0.0, 0.0, 1.0]]}