{"initial_reset_timestamp": 1618394294.9292, "timestamps": [1618394297.2632506, 1618394301.3996236, 1618394303.2401, 1618394308.4516153, 1618394312.3509758, 1618394314.4251797, 1618394315.5415883, 1618394317.9692605, 1618394319.6206224, 1618394323.5309286, 1618394328.5920155, 1618394330.4431593, 1618394332.1882865, 1618394337.953822, 1618394341.573661, 1618394345.1247272, 1618394347.7460861, 1618394350.2526205, 1618394353.244491, 1618394356.2452357], "episode_lengths": [6, 13, 6, 13, 13, 7, 6, 6, 6, 13, 13, 6, 6, 13, 13, 13, 8, 7, 10, 9], "episode_rewards": [-2.0, 8.0, -1.0, 2.0, 3.0, 1.0, 0.0, 1.0, -1.0, 4.0, 6.0, -2.0, 0.0, 0.0, 1.0, 1.0, -1.0, 0.0, -1.0, 8.0], "episode_rewards_": [[1.0, 1.0, 1.0, 0.0, 0.0, -5.0], [1.0, 1.0, 1.0, 0.0, 0.0, 0.0, 0.0, 1.0, 1.0, 1.0, 1.0, 0.0, 1.0], [1.0, 1.0, 0.0, 0.0, 1.0, -4.0], [1.0, 0.0, 0.0, 0.0, 1.0, 0.0, 0.0, 0.0, 0.0, 0.0, 0.0, 0.0, 0.0], [0.0, 0.0, 1.0, 0.0, 1.0, 0.0, 0.0, 0.0, 0.0, 0.0, 1.0, 0.0, 0.0], [1.0, 0.0, 1.0, 1.0, 1.0, 1.0, -4.0], [0.0, 1.0, 1.0, 1.0, 1.0, -4.0], [1.0, 1.0, 1.0, 1.0, 1.0, -4.0], [1.0, 1.0, 1.0, 1.0, 0.0, -5.0], [1.0, 1.0, 0.0, 0.0, 0.0, 1.0, 0.0, 1.0, 0.0, 0.0, 0.0, 0.0, 0.0], [1.0, 1.0, 0.0, 0.0, 0.0, 1.0, 1.0, 1.0, 1.0, 0.0, 0.0, 0.0, 0.0], [1.0, 0.0, 0.0, 1.0, 0.0, -4.0], [0.0, 1.0, 1.0, 1.0, 1.0, -4.0], [0.0, 0.0, 0.0, 0.0, 0.0, 0.0, 0.0, 0.0, 0.0, 0.0, 0.0, 0.0, 0.0], [0.0, 0.0, 0.0, 0.0, 0.0, 0.0, 0.0, 0.0, 0.0, 1.0, 0.0, 0.0, 0.0], [1.0, 0.0, 0.0, 0.0, 0.0, 0.0, 0.0, 0.0, 0.0, 0.0, 0.0, 0.0, 0.0], [0.0, 1.0, 1.0, 0.0, 0.0, 0.0, 1.0, -4.0], [1.0, 1.0, 1.0, 1.0, 1.0, 0.0, -5.0], [1.0, 1.0, 0.0, 0.0, 0.0, 0.0, 0.0, 1.0, 1.0, -5.0], [0.0, 1.0, 1.0, 1.0, 1.0, 1.0, 1.0, 1.0, 1.0]], "episode_seeds": [1524261407057665716, 12504883392305946308, 9509353865032676244, 3144179006401241533, 4287454526366585783, 6489968052976261832, 350775947069890590, 14207588023117244659, 10269973574816491960, 6384791754476878756, 11132914495448224301, 12237905774914892769, 3546995956110203386, 5232044547834984286, 8265329049573285292, 13409551256432320349, 16364953293886013316, 3929469330212029348, 14766339819072139215, 15337535806974745485], "episode_types": ["t", "t", "t", "t", "t", "t", "t", "t", "t", "t", "t", "t", "t", "t", "t", "t", "t", "t", "t", "t"], "episode_speed": [[9.17088823462614, 9.029202788733636, 9.00499041301285, 5.2698498586874525, 0.9005553390959131, 0.8616822015110209], [9.17088823462614, 9.029202788733636, 9.00499041301285, 5.2698498586874525, 4.631558283278283, 4.522481762779872, 4.503841868752735, 8.23165947435119, 8.868699643980154, 8.977562313953985, 8.9961656634425, 5.2683418128123565, 4.631300575980953], [9.17088823462614, 9.029202788733636, 5.273987468830482, 4.632265352171195, 8.25360553671711, 7.169678227348164], [9.17088823462614, 5.29819984455127, 4.636402962314226, 4.523309661427653, 8.234986291073476, 5.138265213634381, 0.8780690713988863, 0.15005167349116993, 0.025642065585604022, 3.735384871502461, 4.369336270522616, 0.7466681617575731, 3.858599748196666], [5.439885290443771, 4.660615338035013, 8.258450215753053, 5.142274922300276, 8.340760171798905, 5.1563407253811055, 4.612160907873617, 4.519166979540587, 0.7722724671144371, 3.862975222737929, 8.122142904582944, 5.118981606527779, 4.605776674005585], [9.17088823462614, 5.29819984455127, 8.367405906496595, 8.89189711212628, 8.981526488333271, 8.996843094203927, 3.9316678849232765], [5.439885290443771, 8.391618282217381, 8.896034722269311, 8.982233557226186, 8.996963923958795, 7.839427990283454], [9.17088823462614, 9.029202788733636, 9.00499041301285, 9.000852802869822, 9.000145733976908, 6.8295413823486495], [9.17088823462614, 9.029202788733636, 9.00499041301285, 9.000852802869822, 5.269142789794539, 0.9927290465485012], [9.17088823462614, 9.029202788733636, 5.273987468830482, 4.632265352171195, 4.52260259253474, 8.234865461318604, 5.138244565250881, 8.34007143119782, 5.156223027715671, 0.8811378505449824, 0.15057609174190378, 0.025731682494677652, 0.0043972417954758185], [9.17088823462614, 9.029202788733636, 5.273987468830482, 0.9012624079888264, 3.885018086018484, 8.125909770575063, 8.850628263789613, 8.974474127695965, 8.99563792874467, 5.268251629161494, 0.9002822204736947, 0.1538476393220512, 3.7572936956675136], [9.17088823462614, 5.29819984455127, 4.636402962314226, 8.254312605610021, 5.141567853407362, 8.340639342044035], [5.439885290443771, 8.391618282217381, 8.896034722269311, 8.982233557226186, 8.996963923958795, 6.8288804703986195], [5.439885290443771, 4.660615338035013, 0.796444327388315, 3.867105909267762, 0.6608429019470824, 0.11293027687895235, 0.019298455651685382, 0.003297879017327373, 3.731566512905651, 0.6376808137804686, 0.10897214852190469, 0.018622058084325842, 3.734185234813505], [5.439885290443771, 4.660615338035013, 0.796444327388315, 0.13610296508539277, 0.023258395430825963, 0.003974586135410534, 0.0006792100080498393, 0.00011606899921604351, 3.73102277900874, 8.099593784419458, 5.115128227190669, 0.8741152326309517, 0.1493760089641212], [9.17088823462614, 5.29819984455127, 0.9054000181318569, 0.15472221072902836, 0.026440205448937302, 3.735521264214691, 0.6383566342500558, 0.10908763828887671, 0.01864179392672108, 0.003185663254401667, 3.7315473365520275, 0.6376775367672514, 3.8399745327012704], [5.439885290443771, 8.391618282217381, 8.896034722269311, 5.251230613043818, 4.628376473260172, 4.5219380288829605, 8.234751895209355, 7.165948515283059], [9.17088823462614, 9.029202788733636, 9.00499041301285, 9.000852802869822, 9.000145733976908, 5.2690219600396695, 3.574493503558152], [9.17088823462614, 9.029202788733636, 5.273987468830482, 0.9012624079888264, 0.15401514183611464, 0.026319375694068215, 3.7355006158311905, 8.100358994048989, 8.846261936695747, 3.688577694686685], [5.439885290443771, 8.391618282217381, 8.896034722269311, 8.982233557226186, 8.996963923958795, 8.99948117032513, 8.999911338112788, 8.999984848726616, 5.26899446664327]], "episode_crashed": [[false, false, false, false, false, true], [false, false, false, false, false, false, false, false, false, false, false, false, false], [false, false, false, false, false, true], [false, false, false, false, false, false, false, false, false, false, false, false, false], [false, false, false, false, false, false, false, false, false, false, false, false, false], [false, false, false, false, false, false, true], [false, false, false, false, false, true], [false, false, false, false, false, true], [false, false, false, false, false, true], [false, false, false, false, false, false, false, false, false, false, false, false, false], [false, false, false, false, false, false, false, false, false, false, false, false, false], [false, false, false, false, false, true], [false, false, false, false, false, true], [false, false, false, false, false, false, false, false, false, false, false, false, false], [false, false, false, false, false, false, false, false, false, false, false, false, false], [false, false, false, false, false, false, false, false, false, false, false, false, false], [false, false, false, false, false, false, false, true], [false, false, false, false, false, false, true], [false, false, false, false, false, false, false, false, false, true], [false, false, false, false, false, false, false, false, false]], "episode_action": [[2, 1, 1, 0, 0, 2], [1, 1, 1, 0, 1, 1, 1, 2, 1, 2, 2, 0, 1], [2, 1, 0, 1, 2, 1], [1, 0, 1, 1, 2, 0, 0, 0, 0, 2, 1, 0, 2], [0, 1, 2, 0, 2, 0, 1, 1, 0, 2, 2, 0, 1], [1, 0, 2, 1, 1, 1, 1], [0, 2, 1, 2, 1, 2], [1, 2, 2, 2, 2, 2], [2, 1, 2, 2, 0, 0], [1, 1, 0, 1, 1, 2, 0, 2, 0, 0, 0, 1, 0], [2, 2, 0, 0, 2, 2, 2, 2, 2, 0, 0, 1, 2], [2, 0, 1, 2, 0, 2], [0, 2, 2, 2, 1, 1], [0, 1, 0, 2, 0, 0, 0, 0, 2, 0, 0, 0, 2], [0, 1, 0, 1, 0, 1, 1, 0, 2, 2, 0, 0, 1], [2, 0, 0, 0, 0, 2, 0, 0, 0, 0, 2, 0, 2], [0, 2, 1, 0, 1, 1, 2, 2], [1, 1, 1, 1, 2, 0, 1], [1, 2, 0, 0, 1, 1, 2, 2, 2, 0], [0, 2, 2, 1, 1, 2, 2, 1, 0]],