episode,sim/wall,total steps,steps/sec,score
0,0.20700111011969338,160,2.0700110501163986,"012: 4.9542, 000: 4.3737, 026: 4.8977, 015: 0.8297, 020: 4.7252, 016: 4.7199, 023: 1.0448, 009: 4.7895, 007: 4.6661, 004: 4.5458, 018: -0.0436, 002: -0.4587, 025: -10.4406, 001: -13.6225, 029: 3.9676, 017: 4.1251, 003: -4.4180, 011: -0.7739, 008: 4.7847, 013: -0.3677, 021: 1.1667, 027: 4.7057, 006: 4.8858, 028: -2.7107, 019: -1.6426, 014: -0.0715, 022: 4.8783, 005: 0.4563, 010: 4.7348, 024: 4.7840"
1,0.14113654970907633,209,1.4113654834567393,"012: 6.1486, 026: 5.5036, 000: -0.1084, 015: 6.0263, 020: 5.9489, 016: -3.1045, 023: -9.3381, 009: 1.3778, 007: 5.8623, 004: -0.7769, 018: 6.1678, 024: -0.0997, 002: 6.3350, 025: 6.3210, 001: -0.2528, 017: 6.0207, 029: 2.8983, 003: 5.9991, 011: 6.2539, 008: 5.9660, 013: 1.2770, 021: 6.0773, 027: 0.7632, 006: 2.1274, 028: 6.3024, 019: -10.2668, 014: 2.7110, 022: 6.0800, 005: 5.9582, 010: 5.7751"
2,0.06125768514985179,365,0.6125768497827189,"012: 8.7533, 026: 10.0858, 000: 10.1559, 015: 5.2600, 020: 3.1439, 016: 10.5929, 023: 10.1825, 009: -5.8035, 007: 10.3799, 004: 10.2811, 018: 9.6945, 024: -2.1960, 002: 2.3223, 025: 10.4312, 001: 0.1067, 017: -1.7873, 029: 10.5289, 003: 10.0583, 011: 10.6423, 008: -17.6832, 013: 10.1867, 021: 10.7269, 027: -0.1003, 006: 10.5653, 028: 10.2843, 019: 3.5099, 014: 10.2498, 022: 10.7458, 005: 0.3118, 010: 1.2647"
3,0.0542651052311537,141,0.5426510483281521,"012: 1.1041, 026: 4.0844, 000: 4.0596, 015: -2.4422, 020: 3.8610, 016: 4.0743, 023: 1.1763, 009: -3.9014, 007: 1.3212, 004: 4.0716, 018: 3.9856, 024: 4.0074, 002: 4.0125, 025: 4.0522, 001: 4.1283, 017: -0.7753, 029: -0.0934, 003: 3.6073, 011: 3.5507, 008: 1.6288, 013: 4.1859, 021: 1.2545, 027: -0.2694, 006: -4.0215, 028: 0.9234, 019: 4.3343, 014: 4.2041, 022: 4.0838, 005: -2.6115, 010: 4.0901"
4,0.05605403055187417,336,0.5605403037351128,"012: 9.8888, 026: 0.6595, 000: 9.4881, 015: -0.1016, 020: 9.7259, 016: -8.8670, 023: -0.8804, 009: 9.8192, 007: 3.3292, 004: -81.3254, 018: -0.5255, 024: 9.7477, 002: -4.0115, 025: -0.3282, 001: 9.6217, 017: 9.4907, 029: 9.9097, 003: -0.8228, 011: 7.7741, 008: 9.7976, 013: 9.9692, 021: 9.3500, 027: 0.9627, 006: 9.8923, 028: 9.4894, 019: 3.2020, 014: 3.7174, 022: 9.5586, 005: 9.3079, 010: 9.5880"
MEAN,0.10394289615232988,242.2,1.0394289470838243,n/a
