{"initial_reset_timestamp": 1618337009.599982, "timestamps": [1618337038.5165243, 1618337061.978091, 1618337093.7887764, 1618337099.8342836, 1618337126.8525944], "episode_lengths": [15, 12, 16, 3, 13], "episode_rewards": [10.231101585434786, 9.533196194022265, 12.115806546533681, 1.6907196972817513, 9.972522786609883], "episode_rewards_": [[0.7999999999999999, 0.7999999999999999, 0.7999999999999999, 0.7999999999999999, 0.6894517646168187, 0.6705603718311518, 0.6673320550683801, 0.6667803737159762, 0.6666860978635878, 0.7772182226127865, 0.6855586268974719, 0.6698950803991361, 0.6894405868122734, 0.7995314029562443, 0.04864700266095926], [0.6894517646168187, 0.7811086072143331, 0.9073199186204097, 0.928887946816444, 0.9325736690792313, 0.9554257378722636, 0.9555333712408345, 0.9333295422949542, 0.8227844501062961, 0.8038935944555923, 0.8228875917050885, 0.0], [0.7116739868390409, 0.8033308294365552, 0.9295421408426319, 0.928887946816444, 0.9325736690792313, 0.9554257378722636, 0.9555333712408345, 0.9333295422949542, 0.8227844501062961, 0.6933453590724109, 0.671225741314018, 0.6674457588846813, 0.6667998043604143, 0.6666894183321134, 0.777218790041791, 0.0], [0.7999999999999999, 0.7999999999999999, 0.09071969728175151], [0.8222222222222223, 0.8222222222222223, 0.7116739868390409, 0.6705603718311518, 0.6673320550683801, 0.7773286090991576, 0.7961257260324359, 0.9098861675444064, 0.9293264885646773, 0.954870832926619, 0.9332163222920657, 0.9555355597452818, 0.022222222222222216]], "episode_seeds": [18180762302719054593, 4556884834863901768, 15798641501365168698, 588283848755154499, 7851293706261542275], "episode_types": ["t", "t", "t", "t", "t"], "episode_speed": [[25.0, 25.0, 25.0, 25.0, 20.8544411731307, 20.146013943668194, 20.024952065064255, 20.004264014349108, 20.00072866988454, 24.145683347979496, 20.7084485086552, 20.121065514967608, 20.02068867212692, 24.149094277525826, 20.157595933119307], [20.8544411731307, 24.29157277053749, 29.024496948265362, 29.833298005616655, 29.971512590471175, 29.99513183687655, 29.999168088197962, 29.999857836060784, 25.8544168789861, 25.146009792084712, 25.024951355607485, 16.531444614419645], [20.8544411731307, 24.29157277053749, 29.024496948265362, 29.833298005616655, 29.971512590471175, 29.99513183687655, 29.999168088197962, 29.999857836060784, 25.8544168789861, 21.00045096521541, 20.17096529927568, 20.02921595817555, 20.004992663515534, 20.00085318745425, 24.14570462656716, 17.080862654998523], [25.0, 25.0, 23.401988648065682], [25.0, 25.0, 20.8544411731307, 20.146013943668194, 20.024952065064255, 24.14982284121841, 24.854714726216347, 29.120731282915237, 29.849743321175396, 29.97432290141488, 29.995612085952466, 29.99925015711473, 11.806659443189929]], "episode_crashed": [[false, false, false, false, false, false, false, false, false, false, false, false, false, false, true], [false, false, false, false, false, false, false, false, false, false, false, true], [false, false, false, false, false, false, false, false, false, false, false, false, false, false, false, true], [false, false, true], [false, false, false, false, false, false, false, false, false, false, false, false, true]], "episode_action": [[0, 1, 0, 1, 4, 1, 4, 0, 1, 3, 4, 0, 2, 3, 2], [4, 3, 3, 0, 1, 2, 1, 0, 4, 0, 2, 0], [4, 3, 3, 0, 1, 2, 3, 0, 4, 4, 1, 1, 1, 1, 3, 4], [1, 0, 3], [1, 1, 4, 0, 4, 3, 1, 3, 3, 2, 0, 2, 4]], "episode_cost": [[0.0, 0.0, 0.0, 0.0, 0.0, 0.0, 0.0, 0.0, 0.0, 0.0, 0.0, 0.0, 0.0, 0.0, 1.0], [0.0, 0.0, 0.0, 0.0, 0.0, 0.0, 0.0, 0.0, 0.0, 0.0, 0.0, 1.0], [0.0, 0.0, 0.0, 0.0, 0.0, 0.0, 0.0, 0.0, 0.0, 0.0, 0.0, 0.0, 0.0, 0.0, 0.0, 1.0], [0.0, 0.0, 1.0], [0.0, 0.0, 0.0, 0.0, 0.0, 0.0, 0.0, 0.0, 0.0, 0.0, 0.0, 0.0, 1.0]]}