episode,sim/wall,total steps,steps/sec,score
0,2.6197130524094385,500,26.19712823335575,000: 13.5793
1,2.2598872735272426,500,22.59887054354717,000: 14.1825
2,2.2921509673247122,500,22.921507919550223,000: 4.9712
MEAN,2.3905837644204646,500.0,23.90583556548438,n/a
