episode,sim/wall,total steps,steps/sec,score
0,3.222254580716728,500,32.22254085620379,000: 13.5537
1,2.6734255539840177,101,26.734243729762344,000: 0.7828
2,2.6914292034349954,500,26.914289271063204,000: 13.8728
3,2.6652478798263415,500,26.652475749752433,000: 14.4416
4,2.654722824175286,500,26.547225217271453,000: 14.4781
5,2.7633667949239746,500,27.63366503626244,000: -253.6467
MEAN,2.77840780617689,433.5,27.78407331005261,n/a
