episode,sim/wall,total steps,steps/sec,score
0,3.7766010475319494,500,37.766005714625194,000: 13.5537
1,2.7209706130472315,101,27.20969739198441,000: 0.7828
2,2.7527447187589895,500,27.527445019620316,000: 13.8728
3,2.722795589323333,500,27.227954125689696,000: 14.4416
4,2.712146519891849,500,27.121463445173823,000: 14.4781
5,2.7595786790639836,500,27.595784975017033,000: -253.6467
MEAN,2.907472861269556,433.5,29.074725112018413,n/a
