episode,sim/wall,total steps,steps/sec,score
0,0.39024109100180243,447,3.9024108531593664,"006: 12.7150, 012: 9.4869, 000: 2.1518, 001: 6.7702, 011: 12.6430, 003: 12.6593, 005: -11.5118, 009: 12.7570, 007: 1.9425, 002: 1.5341, 013: -50.9644, 004: 13.2849, 010: 13.0017, 008: 12.4573, 014: 12.3379"
1,0.2913739081934627,207,2.913739013485313,"006: 5.8776, 012: 4.6224, 000: 1.6333, 001: 6.2288, 011: 1.2638, 003: 5.0809, 005: 6.1777, 009: 6.0950, 007: -3.5348, 002: -0.8365, 013: 3.6251, 004: 5.9777, 010: 5.4906, 008: 5.1375, 014: -1.7647"
2,0.2524584874386825,212,2.524584838547965,"006: 5.8706, 012: 5.2597, 000: 6.0258, 001: 0.3112, 011: 6.0524, 003: -21.4067, 005: -6.2369, 009: 0.8484, 007: 6.2306, 002: -0.2413, 013: 6.2545, 004: 5.8818, 010: 5.7835, 008: 3.4961, 014: 4.1282"
3,0.24938969881754233,144,2.4938969160924565,"006: 4.1982, 012: -4.3296, 000: 4.0433, 001: 1.1007, 011: 3.9110, 003: 4.1565, 005: -10.7711, 009: 4.0614, 007: 3.6678, 002: 2.4798, 013: 2.6464, 004: 4.2904, 010: 4.3967, 008: -6.6605, 014: 0.3293"
4,0.2659527191972923,500,2.6595271649912458,"006: 1.0401, 012: -5.6775, 000: 5.7130, 001: 14.3649, 011: 14.1845, 003: 4.0288, 005: 13.4946, 009: 14.5108, 007: 5.1247, 002: 13.8193, 013: 14.0847, 004: 4.0003, 010: 13.8887, 008: 14.4330, 014: -0.7183"
5,0.25408342595226635,500,2.5408342379739772,"006: -2.8087, 012: 14.2687, 000: 13.9270, 001: 13.7954, 011: 8.6411, 003: -0.7420, 005: 14.5109, 009: 13.8149, 007: -1.2606, 002: -0.9848, 013: -6.7676, 004: 14.7007, 010: 13.3551, 008: 14.2629, 014: 14.6563"
6,0.25672969031971,188,2.5672968446867803,"006: -2.0358, 012: 0.1502, 000: 5.4187, 001: 5.3497, 011: -16.9399, 003: 5.6776, 005: 5.5913, 009: 3.8465, 007: -0.8466, 002: -0.5513, 013: 5.3322, 004: 5.5346, 010: 1.5406, 008: 5.2511, 014: 5.3869"
7,0.2553157413466022,500,2.553157385491171,"006: 14.1894, 012: 14.0095, 000: 13.9936, 001: -4.6375, 011: 14.1953, 003: 14.7799, 005: -18.8801, 009: 14.1471, 007: 3.4417, 002: 13.5532, 013: 3.5171, 004: 5.0161, 010: 14.3606, 008: 13.8717, 014: -3.7187"
MEAN,0.2769430952834201,337.25,2.7694309068035343,n/a
