{"initial_reset_timestamp": 1618335090.476427, "timestamps": [1618335115.4849846, 1618335126.8985107], "episode_lengths": [14, 6], "episode_rewards": [10.972679124290245, 4.2], "episode_rewards_": [[0.8222222222222223, 0.9327704576054036, 0.9516618503910704, 0.9548901671538421, 0.8448936131230647, 0.8260964961897863, 0.7123360546778158, 0.6706735114353228, 0.6673513892956032, 0.7773319130911155, 0.9066745260289703, 0.9509998790380746, 0.9547770440379555, 0.0], [0.8444444444444444, 0.8222222222222223, 0.8444444444444444, 0.8444444444444444, 0.8222222222222223, 0.022222222222222216]], "episode_seeds": [14194007859887968714, 5987379586000577095], "episode_types": ["t", "t"], "episode_speed": [[25.0, 29.1455588268693, 29.853986056331806, 29.975047934935745, 25.85017715878159, 25.145285273783653, 20.879268717084763, 20.150256678824604, 20.02567709858512, 24.149946740916832, 29.00029472608638, 29.82916213059446, 29.970805818089996, 13.099829609932865], [25.0, 25.0, 25.0, 25.0, 25.0, 14.797718539600456]], "episode_crashed": [[false, false, false, false, false, false, false, false, false, false, false, false, false, true], [false, false, false, false, false, true]], "episode_action": [[1, 3, 3, 1, 4, 1, 4, 0, 1, 3, 3, 2, 3, 0], [0, 0, 2, 1, 0, 3]], "episode_cost": [[0.0, 0.0, 0.0, 0.0, 0.0, 0.0, 0.0, 0.0, 0.0, 0.0, 0.0, 0.0, 0.0, 1.0], [0.0, 0.0, 0.0, 0.0, 0.0, 1.0]]}