{"initial_reset_timestamp": 1618647051.707718, "timestamps": [1618647071.2628863], "episode_lengths": [5], "episode_rewards": [3.6240236260513417], "episode_rewards_": [[0.7338962090612631, 0.8255530516587775, 0.9517643630648541, 0.9733323912608887, 0.13947761100555844]], "episode_seeds": [11487739923538227752], "episode_types": ["t"], "episode_speed": [[20.8544411731307, 24.29157277053749, 29.024496948265362, 29.833298005616655, 22.73041041270844]], "episode_crashed": [[false, false, false, false, true]], "episode_action": [[[4, 3, 2, 3, 0, 0, 4, 3, 2, 0], [3, 1, 3, 1, 4, 3, 2, 3, 2, 2], [3, 3, 2, 2, 1, 4, 0, 2, 0, 4], [1, 0, 0, 0, 2, 3, 0, 0, 2, 1], [2, 0, 1, 2, 3, 4, 0, 2, 0, 2]]], "episode_cost": [[0.0, 0.0, 0.0, 0.0, 1.0]]}