episode,sim/wall,total steps,steps/sec,score
0,2.5184894707449534,500,25.184892590315403,000: 13.5537
1,2.2058266355737537,101,22.058259464256118,000: 0.7828
2,2.1887080202935407,500,21.887078375526656,000: 13.8728
3,2.1942658165069653,500,21.942655869193164,000: 14.4416
4,2.186381167041541,500,21.863809391008807,000: 14.4781
5,2.218079310673031,500,22.180791699142638,000: -253.6467
MEAN,2.2519584034722975,433.5,22.5195812315738,n/a
