episode,sim/wall,total steps,steps/sec,score
0,1.242144759020652,500,12.421447001627904,"003: 0.8228, 004: 13.9775, 001: 13.3613, 002: 1.0507, 000: 14.4589"
1,0.9458252437010236,500,9.458252095753004,"003: -5.0374, 004: 14.3939, 001: -0.0235, 002: 13.7808, 000: 12.7981"
2,0.8024268605863747,70,8.024267070713353,"003: 2.0924, 004: -8.0064, 001: -0.6685, 002: -1.8495, 000: 2.0801"
3,0.8937212992480548,500,8.937212725873064,"003: -0.6255, 004: 14.1570, 001: 14.6719, 002: 11.5922, 000: 0.9715"
4,0.8950787298890763,266,8.950786796225414,"003: 0.0871, 004: 7.3316, 001: -1.9013, 002: 7.7082, 000: -7.9401"
5,0.8465723596897016,500,8.465723289329295,"003: -1.0191, 004: -3.1898, 001: 13.7783, 002: 13.6466, 000: 14.1404"
6,0.885086320069673,500,8.85086293921619,"003: -5.3039, 004: 14.2833, 001: 1.7757, 002: 14.2970, 000: 14.4404"
MEAN,0.9301222246006509,405.14285714285717,9.301221702676889,n/a
