{"initial_reset_timestamp": 1618859412.4627223, "timestamps": [1618859431.8872135, 1618859434.1118448, 1618859437.3244464, 1618859446.6380165, 1618859451.9039507, 1618859467.4204853, 1618859469.6448188, 1618859474.0529444, 1618859477.3164368, 1618859480.57688, 1618859489.0557487, 1618859506.2943134, 1618859508.571701, 1618859512.8363216, 1618859515.0544527, 1618859519.2647514, 1618859522.5416417, 1618859529.0107267, 1618859531.24767, 1618859541.5092893, 1618859552.7331922, 1618859555.9910014, 1618859559.2550936, 1618859562.628142, 1618859568.936818], "episode_lengths": [19, 2, 3, 9, 5, 15, 2, 4, 3, 3, 8, 17, 2, 4, 2, 4, 3, 6, 2, 10, 11, 3, 3, 3, 6], "episode_rewards": [13.734135864925536, 0.9111111111111111, 1.7333333333333334, 5.8891285247866785, 3.8392087681010065, 10.049140680722525, 0.9327704576054037, 2.622222222222222, 1.6531358024691358, 1.6444444444444444, 5.494143996429248, 11.892782711009481, 0.7999999999999999, 2.249117245059953, 0.8666666666666667, 2.094010858183017, 1.6444444444444446, 4.462772961502181, 0.9555555555555556, 6.671362786487173, 8.128212045025021, 1.3822343586701926, 1.6444444444444446, 1.8724017846359433, 4.2], "episode_rewards_": [[0.8222222222222223, 0.8444444444444444, 0.9549926798276257, 0.9516618503910704, 0.9548901671538421, 0.8448936131230647, 0.7155482608066049, 0.6712224396699269, 0.6674451946725514, 0.6667997079431993, 0.6666894018555457, 0.6666705518429582, 0.6666673305975843, 0.6888890023468713, 0.6888889082775232, 0.6666666699799562, 0.7772149026160502, 0.7961062949322723, 0.022222222222222216], [0.8666666666666667, 0.04444444444444443], [0.8222222222222223, 0.8444444444444444, 0.06666666666666665], [0.7116739868390409, 0.7150048162755963, 0.7117764995128245, 0.6890025959381983, 0.6889083200858099, 0.6666699872296054, 0.7772154694949865, 0.9066546271883942, 0.022222222222222216], [0.9327704576054036, 0.9738840726132926, 0.9771123893760643, 0.955441848506246, 0.0], [0.6894517646168187, 0.7811086072143331, 0.6862234478540471, 0.7805569258619292, 0.6861291720016586, 0.6699925798447652, 0.689457248320414, 0.6667637926065529, 0.6889054865692925, 0.6888917252371919, 0.7111115958096654, 0.7111111939403915, 0.7111111252656607, 0.8216593489131384, 0.06666666666666665], [0.9105482353831814, 0.022222222222222216], [0.8444444444444444, 0.8444444444444444, 0.8666666666666667, 0.06666666666666665], [0.8222222222222223, 0.7999999999999999, 0.030913580246913597], [0.8222222222222223, 0.7999999999999999, 0.022222222222222216], [0.8666666666666667, 0.8666666666666667, 0.7561184312834853, 0.7372270384978186, 0.7339987217350469, 0.7334470403826429, 0.7333527645302546, 0.06666666666666665], [0.7116739868390409, 0.6927825940533742, 0.6895542772906024, 0.6890025959381983, 0.7111305423080322, 0.6888922094518275, 0.6888894563340274, 0.711111208080809, 0.6888889054598694, 0.7994371271038557, 0.7961062953194337, 0.8215568339032048, 0.8443307374092667, 0.8222027910277161, 0.7116706662765152, 0.8033302619914874, 0.022222222222222216], [0.7999999999999999, 0.0], [0.7116739868390409, 0.7150048162755963, 0.6895542772906024, 0.13288416465471312], [0.8444444444444444, 0.022222222222222216], [0.6894517646168187, 0.6705603718311518, 0.6895542772906024, 0.04444444444444443], [0.8222222222222223, 0.8222222222222223, 0.0], [0.8444444444444444, 0.8444444444444444, 0.8666666666666667, 0.9772149020498481, 0.8855580594523337, 0.04444444444444443], [0.8222222222222223, 0.1333333333333333], [0.8666666666666667, 0.8666666666666667, 0.7561184312834853, 0.7150048162755963, 0.6895542772906024, 0.6667803737159762, 0.6666860978635878, 0.6666699872296054, 0.7772154694949865, 0.0], [0.7999999999999999, 0.6894517646168187, 0.6705603718311518, 0.6673320550683801, 0.7773286090991576, 0.8183479482546581, 0.8215601543834472, 0.9326573180012326, 0.9516425161638473, 0.954886863161884, 0.04444444444444443], [0.7116739868390409, 0.6705603718311518, 0.0], [0.8222222222222223, 0.8222222222222223, 0.0], [0.9105482353831814, 0.9294396281688483, 0.03241392108391361], [0.8444444444444444, 0.8444444444444444, 0.8444444444444444, 0.8222222222222223, 0.8222222222222223, 0.022222222222222216]], "episode_seeds": [10588175531817949, 9773415233850949804, 1576370876470795035, 15021872153420493657, 17237817628112988037, 4249360398448355543, 11029309202873147494, 13287332238256086773, 17236363110099808669, 7518421731206605518, 12537639947715277741, 11692891558801547803, 16291682089998109396, 2566225407395230908, 11281529348223112898, 12080366283833091366, 14901072385065209256, 16910048850182803581, 9547226286982685462, 16014812189086743989, 15920208266140062029, 18056144802658080185, 2126485437934695209, 156965870073040839, 16296125921196095763], "episode_types": ["t", "t", "t", "t", "t", "t", "t", "t", "t", "t", "t", "t", "t", "t", "t", "t", "t", "t", "t", "t", "t", "t", "t", "t", "t"], "episode_speed": [[25.0, 25.0, 29.1455588268693, 29.853986056331806, 29.975047934935745, 25.85017715878159, 20.99972644691435, 20.17084148762226, 20.029194800220676, 20.004989047869977, 20.000852569582964, 20.00014569411093, 20.00002489740941, 20.000004254674344, 20.00000072707379, 20.000000124248356, 24.14555884810188, 24.853986059960206, 15.388905156766914], [25.0, 16.525730589849108], [25.0, 25.0, 15.424015217192501], [20.8544411731307, 20.146013943668194, 20.024952065064255, 20.004264014349108, 20.00072866988454, 20.000124521110198, 24.145580106061995, 28.999548519564783, 18.268252791872484], [29.1455588268693, 29.853986056331806, 29.975047934935745, 29.995735985650892, 12.233495748723882], [20.8544411731307, 24.29157277053749, 20.733379294526763, 24.270884719822345, 20.7298439500622, 20.124721744178697, 20.021313478682192, 20.00364222274574, 20.000622413015137, 20.000106363061363, 20.000018176195788, 20.00000310609801, 20.000000530795607, 24.145558917576025, 12.302454328373686], [29.1455588268693, 18.30336197878178], [25.0, 25.0, 25.0, 17.706139917695474], [25.0, 25.0, 20.325925925925926], [25.0, 25.0, 15.424015217192501], [25.0, 25.0, 20.8544411731307, 20.146013943668194, 20.024952065064255, 20.004264014349108, 20.00072866988454, 11.148703827357664], [20.8544411731307, 20.146013943668194, 20.024952065064255, 20.004264014349108, 20.00072866988454, 20.000124521110198, 20.000021279192694, 20.000003636363672, 20.00000062141177, 24.145558933061256, 24.85398607447876, 24.975047938036845, 24.995735986180833, 24.99927133020602, 20.854316652035987, 24.291551491347445, 19.43671110773839], [25.0, 17.30653372478389], [20.8544411731307, 20.146013943668194, 20.024952065064255, 24.14982284121841], [25.0, 15.424015217192501], [20.8544411731307, 20.146013943668194, 20.024952065064255, 11.522897920049553], [25.0, 25.0, 15.424015217192501], [25.0, 25.0, 25.0, 29.1455588268693, 25.70842722946251, 11.911332818384151], [25.0, 23.333333333333332], [25.0, 25.0, 20.8544411731307, 20.146013943668194, 20.024952065064255, 20.004264014349108, 20.00072866988454, 20.000124521110198, 24.145580106061995, 17.080838021792772], [25.0, 20.8544411731307, 20.146013943668194, 20.024952065064255, 24.14982284121841, 24.854714726216347, 24.975172456045936, 29.141316091712888, 29.853261022810944, 29.97492403523732, 17.268565869877925], [20.8544411731307, 20.146013943668194, 16.289625875060754], [25.0, 25.0, 17.706139917695474], [29.1455588268693, 29.853986056331806, 21.21552204064676], [25.0, 25.0, 25.0, 25.0, 25.0, 11.574335447376644]],