{"initial_reset_timestamp": 1618333668.3615882, "timestamps": [1618333690.6129415, 1618333694.1597457], "episode_lengths": [13, 2], "episode_rewards": [10.598774939576913, 1.0438815687165146], "episode_rewards_": [[0.7999999999999999, 0.9105482353831814, 0.9516618503910704, 0.9548901671538421, 0.955441848506246, 0.8449878889754533, 0.7155643714405876, 0.8039956503931304, 0.8413297377612844, 0.9544604131011623, 0.8632448791088758, 0.9582054529176346, 0.04444444444444443], [0.9772149020498481, 0.06666666666666665]], "episode_seeds": [10278200737850740320, 5862621418787997763], "episode_types": ["t", "t"], "episode_speed": [[25.0, 29.1455588268693, 29.853986056331806, 29.975047934935745, 29.995735985650892, 25.85371250324616, 21.000330595688702, 24.316503556409057, 24.8831984993815, 29.12559882462692, 25.705016299916174, 29.266037817744632, 13.830610935256813], [29.1455588268693, 15.896721689633127]], "episode_crashed": [[false, false, false, false, false, false, false, false, false, false, false, false, true], [false, true]], "episode_action": [[0, 3, 2, 1, 3, 4, 4, 3, 2, 3, 4, 3, 3], [3, 2]], "episode_cost": [[0.0, 0.0, 0.0, 0.0, 0.0, 0.0, 0.0, 0.0, 0.0, 0.0, 0.0, 0.0, 1.0], [0.0, 1.0]]}