episode,sim/wall,total steps,steps/sec,score
0,2.2289740372255475,500,22.289738950806306,000: -220.4649
1,1.5551112221622188,253,15.551110854228103,000: -131.1268
2,1.51503489095694,75,15.150343072243766,000: 1.1780
3,1.5656905891617654,106,15.65690203200212,000: 1.1506
4,1.570640604051654,163,15.706403153853849,000: -4.1326
5,1.5062516584535695,500,15.062515719059496,000: 14.4407
MEAN,1.6569505003352827,266.1666666666667,16.569502297032273,n/a
