episode,sim/wall,total steps,steps/sec,score
0,2.2993827092812893,500,22.993816504135815,000: 11.3638
1,0.7724603636016435,500,7.724603209226927,000: 11.5524
2,0.7785849604304244,500,7.7858491418145395,000: 11.3843
3,0.7754826416650942,500,7.754825900488108,000: 11.0528
MEAN,1.1564776687446128,500.0,11.564773688916347,n/a
