{"initial_reset_timestamp": 1618394357.170077, "timestamps": [1618394360.6383607, 1618394364.7382681, 1618394367.3076088, 1618394368.7630718, 1618394372.417051, 1618394376.801901, 1618394380.2056983, 1618394384.7773952, 1618394387.3333833, 1618394391.9504662, 1618394395.8746405, 1618394397.9917066, 1618394401.297618, 1618394403.4400277, 1618394406.9974842, 1618394411.372876, 1618394414.8152456, 1618394419.1284287, 1618394423.0218647, 1618394424.5935583], "episode_lengths": [13, 13, 13, 8, 11, 13, 11, 13, 13, 13, 13, 6, 13, 7, 11, 13, 11, 13, 13, 7], "episode_rewards": [6.0, 3.0, 7.0, 0.0, -2.0, 0.0, 10.0, 8.0, 4.0, -2.0, 2.0, 0.0, 0.0, -2.0, 8.0, 2.0, 10.0, 2.0, 4.0, 1.0], "episode_rewards_": [[1.0, 1.0, 1.0, 1.0, 1.0, 1.0, 0.0, 0.0, 0.0, 0.0, 0.0, 0.0, 0.0], [1.0, 1.0, 0.0, 1.0, 0.0, 0.0, 0.0, 0.0, 0.0, 0.0, 0.0, 0.0, 0.0], [1.0, 1.0, 1.0, 1.0, 0.0, 0.0, 0.0, 1.0, 1.0, 0.0, 0.0, 0.0, 1.0], [1.0, 1.0, 1.0, 0.0, 1.0, 1.0, 0.0, -5.0], [1.0, 1.0, 0.0, 0.0, 0.0, 0.0, 0.0, 0.0, 0.0, 0.0, -4.0], [0.0, 0.0, 0.0, 0.0, 0.0, 0.0, 0.0, 0.0, 0.0, 0.0, 0.0, 0.0, 0.0], [1.0, 1.0, 1.0, 0.0, 1.0, 1.0, 1.0, 1.0, 1.0, 1.0, 1.0], [1.0, 1.0, 1.0, 1.0, 0.0, 0.0, 0.0, 0.0, 0.0, 1.0, 1.0, 1.0, 1.0], [0.0, 0.0, 0.0, 0.0, 0.0, 1.0, 0.0, 1.0, 0.0, 1.0, 1.0, 0.0, 0.0], [1.0, 1.0, 1.0, 0.0, 0.0, 0.0, 0.0, 0.0, 0.0, 0.0, 0.0, 0.0, -5.0], [1.0, 0.0, 1.0, 0.0, 0.0, 0.0, 0.0, 0.0, 0.0, 0.0, 0.0, 0.0, 0.0], [1.0, 1.0, 1.0, 0.0, 1.0, -4.0], [0.0, 0.0, 0.0, 0.0, 0.0, 0.0, 0.0, 0.0, 0.0, 0.0, 0.0, 0.0, 0.0], [0.0, 0.0, 0.0, 0.0, 1.0, 1.0, -4.0], [1.0, 1.0, 1.0, 0.0, 1.0, 0.0, 1.0, 1.0, 0.0, 1.0, 1.0], [1.0, 1.0, 0.0, 0.0, 0.0, 0.0, 0.0, 0.0, 0.0, 0.0, 0.0, 0.0, 0.0], [1.0, 1.0, 1.0, 1.0, 1.0, 1.0, 1.0, 1.0, 0.0, 1.0, 1.0], [1.0, 1.0, 0.0, 0.0, 0.0, 0.0, 0.0, 0.0, 0.0, 0.0, 0.0, 0.0, 0.0], [1.0, 1.0, 0.0, 0.0, 0.0, 0.0, 0.0, 1.0, 1.0, 0.0, 0.0, 0.0, 0.0], [0.0, 1.0, 1.0, 1.0, 1.0, 1.0, -4.0]], "episode_seeds": [9910101667769903194, 4389559148557070783, 10597048677477018075, 3343917279390018178, 5413319102393862576, 1952781233628750326, 4559941789598083591, 9751600793115123558, 10252768913215914556, 1410029640159510616, 13111094968855713541, 8597490938432388131, 472335554827509298, 12101750155892068291, 2057444626747457163, 7473623892418163426, 12300117492319556012, 11251372070799120166, 13163180582763395846, 4757566424168817567], "episode_types": ["t", "t", "t", "t", "t", "t", "t", "t", "t", "t", "t", "t", "t", "t", "t", "t", "t", "t", "t", "t"], "episode_speed": [[9.17088823462614, 9.029202788733636, 9.00499041301285, 9.000852802869822, 9.000145733976908, 9.000024904222037, 5.26900131165617, 0.9004103323917398, 3.8848724763239297, 4.394881943409048, 4.482036560881841, 0.7659273154189148, 0.13088796678387726], [9.17088823462614, 9.029202788733636, 5.273987468830482, 8.363268296353564, 5.160187099050997, 0.8818152636974087, 0.15069185367963447, 0.02575146484785336, 0.004400622366886767, 0.0007520145875335863, 0.00012851044527671955, 2.1960923124357797e-05, 3.752863383481882e-06], [9.17088823462614, 9.029202788733636, 9.00499041301285, 9.000852802869822, 5.269142789794539, 0.9004345093410442, 3.884876607880115, 8.12588559362576, 8.850624132233428, 5.243470477479254, 0.896047413210714, 3.884126904767267, 8.125757478184312], [9.17088823462614, 9.029202788733636, 9.00499041301285, 5.2698498586874525, 8.362561227460652, 8.891069213478497, 5.250382066012534, 1.7764511033658659], [9.17088823462614, 9.029202788733636, 5.273987468830482, 4.632265352171195, 0.7915996483523712, 3.8662780106199794, 0.6607014238087138, 3.843909044112017, 0.6568788306117569, 3.8432558079088954, 5.249516710965284], [5.439885290443771, 4.660615338035013, 4.527447271570684, 0.7736874716016492, 0.1322140861743678, 0.02259383177904608, 0.003861020026161168, 0.0006598028961268556, 3.7311156967344896, 4.368606718783207, 0.7465434899487571, 0.12757549906898075, 0.021801151817446907], [9.17088823462614, 9.029202788733636, 9.00499041301285, 5.2698498586874525, 8.362561227460652, 8.891069213478497, 8.981385010194904, 8.996818917254624, 8.999456390385442, 8.999907103512642, 5.268981180900902], [9.17088823462614, 9.029202788733636, 9.00499041301285, 9.000852802869822, 5.269142789794539, 0.9004345093410442, 0.1538736636977458, 0.026295198744764176, 3.7354964842750054, 8.100358288014647, 8.846261816042787, 8.973727953148922, 8.995510416293605], [5.439885290443771, 0.9296123938526437, 3.889862765054427, 4.395734725040477, 4.482182291229358, 8.22795810738547, 5.1370641797313095, 8.339869717200202, 5.156188557166718, 8.343137848298463, 8.887749986502996, 5.249814849174367, 4.628134535871873], [9.17088823462614, 9.029202788733636, 9.00499041301285, 5.2698498586874525, 4.631558283278283, 0.7914788185975021, 3.8662573622364795, 4.391700839425279, 0.7504900034555237, 0.1282499117950803, 0.021916401017619463, 3.7347481992616287, 0.7036425405158357], [9.17088823462614, 5.29819984455127, 8.367405906496595, 5.16089416794391, 4.612939037634647, 0.788297008579391, 0.1347106841571994, 3.7540234151832723, 4.372521378348233, 4.478215403393356, 0.7652743245614787, 0.13077637832902292, 3.7533510886058163], [9.17088823462614, 9.029202788733636, 9.00499041301285, 5.2698498586874525, 8.362561227460652, 3.2100880276649657], [5.439885290443771, 4.660615338035013, 0.796444327388315, 0.13610296508539277, 0.023258395430825963, 3.7349775303177797, 4.369266660706675, 4.4776592104413835, 0.7651792777298048, 3.8617630801261207, 4.390932819489527, 0.7503587578845458, 0.1282274834711534], [5.439885290443771, 4.660615338035013, 4.527447271570684, 4.504690415784019, 8.231804481055361, 8.868724423919838, 7.81526711978093], [9.17088823462614, 9.029202788733636, 9.00499041301285, 5.2698498586874525, 8.362561227460652, 5.160066269296128, 8.343800503678647, 8.88786322651108, 5.249834200559438, 8.359140786978276, 8.89048470044282], [9.17088823462614, 9.029202788733636, 5.273987468830482, 0.9012624079888264, 0.15401514183611464, 0.026319375694068215, 0.004497671648821459, 0.0007685991679951405, 0.00013134455495380972, 3.731025389421493, 4.368591286325914, 4.477543796905743, 0.7651595549144471], [9.17088823462614, 9.029202788733636, 9.00499041301285, 9.000852802869822, 9.000145733976908, 9.000024904222037, 9.00000425583854, 9.000000727272734, 5.2689971800999835, 8.362415514722136, 8.891044312885848], [9.17088823462614, 9.029202788733636, 5.273987468830482, 0.9012624079888264, 0.15401514183611464, 3.757322319876437, 4.373085122347447, 0.7473087964277937, 0.12770628094213127, 0.02182350090087071, 0.003729379542311775, 0.0006373070862365019, 0.00010890828288168507], [9.17088823462614, 9.029202788733636, 5.273987468830482, 0.9012624079888264, 3.885018086018484, 4.3949068263926945, 4.48204081309099, 8.227933930436167, 8.868062992357492, 5.2464505734997475, 0.8965566765586725, 0.15321098769939093, 3.7571848993956456], [5.439885290443771, 8.391618282217381, 8.896034722269311, 8.982233557226186, 8.996963923958795, 8.99948117032513, 3.425587989578523]],