episode,sim/wall,total steps,steps/sec,score
0,4.180608910494468,500,41.80608327120354,000: 13.5793
1,2.961571613180634,500,29.61571404065944,000: 14.1825
2,3.0515375322195197,463,30.51537244514297,000: 10.8498
3,2.988712146374523,209,29.887114330947266,000: 0.2997
4,2.9825437777854806,382,29.825433336245965,000: 9.2919
5,3.043230547761262,205,30.43229686081669,000: 4.9279
6,3.553669518065484,27,35.53660596947107,000: -1.6478
7,3.1187224542570338,316,31.18721867178268,000: -243.8257
MEAN,3.2350745625173003,325.25,32.3507298657837,n/a
