episode,sim/wall,total steps,steps/sec,score
0,2.995751769058193,500,29.9575151229489,000: 13.5079
1,2.769818513279732,99,27.69817035201968,000: 0.9950
2,2.7998367801449806,500,27.99836518487281,000: 11.5570
3,2.790007473671429,500,27.900072509653665,000: 14.2280
4,2.770855874633633,500,27.70855618364698,000: 14.3237
5,2.783645973716747,500,27.83645715076509,000: 11.6264
MEAN,2.8183193974174525,433.1666666666667,28.183189417317852,n/a
