{"initial_reset_timestamp": 1618334551.4864266, "timestamps": [1618334555.2524881, 1618334566.4945586], "episode_lengths": [2, 6], "episode_rewards": [0.9111111111111111, 4.639752212632016], "episode_rewards_": [[0.8666666666666667, 0.04444444444444443], [0.9327704576054036, 0.9516618503910704, 0.9548901671538421, 0.955441848506246, 0.8449878889754533, 0.0]], "episode_seeds": [10285537183757412067, 16427396539553036138], "episode_types": ["t", "t"], "episode_speed": [[25.0, 15.424015217192501], [29.1455588268693, 29.853986056331806, 29.975047934935745, 29.995735985650892, 25.85371250324616, 15.629296285334938]], "episode_crashed": [[false, true], [false, false, false, false, false, true]], "episode_action": [[1, 0], [3, 1, 1, 1, 4, 0]], "episode_cost": [[0.0, 1.0], [0.0, 0.0, 0.0, 0.0, 0.0, 1.0]]}