episode,sim/wall,total steps,steps/sec,score
0,2.821720159279873,500,28.217196657184026,000: 13.5537
1,2.333216958347677,101,23.332151592420114,000: 0.7828
2,2.3559266273602564,500,23.559263626970537,000: 13.8728
3,2.331466920144085,500,23.31466583189092,000: 14.4416
4,2.321584854684082,500,23.21584494879091,000: 14.4781
5,2.395241423978263,500,23.952410409801406,000: -253.6467
MEAN,2.426526157299039,433.5,24.26525551117632,n/a
