episode,sim/wall,total steps,steps/sec,score
0,0.3777007981166945,500,3.7770079335497364,"000: 0.1382, 012: 14.6023, 001: 13.3642, 003: 13.7977, 004: 14.3172, 005: 9.3109, 013: -3.9490, 006: 0.1000, 007: 13.6822, 002: -1.0236, 009: 14.5015, 010: 14.2804, 008: 13.4988, 014: -3.9871, 011: 13.6236"
1,0.27988151535252626,223,2.798815094900419,"000: -1.0935, 012: 6.1474, 001: 6.3864, 003: 6.0401, 004: 6.5485, 005: 6.6087, 013: 5.1634, 006: 1.8427, 007: -0.5342, 002: -0.8828, 009: -5.4326, 010: 6.4850, 008: 6.2555, 014: -1.9273, 011: 2.1820"
2,0.24093365886651133,177,2.409336533930783,"000: 4.8922, 012: -82.6476, 001: -6.9513, 003: -14.6508, 004: 5.0411, 005: -4.0630, 013: 5.2895, 006: 3.8533, 007: 5.2232, 002: -0.2798, 009: 5.0390, 010: 4.8090, 008: 3.4167, 014: 4.9112, 011: 5.2119"
3,0.25631659132419504,154,2.5631658522146648,"000: 4.3971, 012: -3.9745, 001: 1.2855, 003: 4.3971, 004: -2.6124, 005: -10.9258, 013: 4.5319, 006: 4.4249, 007: 3.8606, 002: 4.4474, 009: -4.4367, 010: 4.5072, 008: -6.2699, 014: -4.6389, 011: 4.3864"
4,0.257550846421067,192,2.575508414789153,"000: 5.3568, 012: 1.0918, 001: -0.2639, 003: -0.9738, 004: -0.9841, 005: -0.7802, 013: 5.5485, 006: -0.1709, 007: 3.2712, 002: 5.4987, 009: 5.7710, 010: 5.7814, 008: 5.5800, 014: 5.8405, 011: 5.6118"
5,0.27230791187218306,500,2.7230790868994172,"000: 7.4610, 012: 0.8281, 001: 13.8358, 003: 0.7349, 004: 14.5175, 005: 14.0606, 013: -1.5717, 006: -29.4023, 007: 0.9277, 002: 13.9824, 009: 13.9567, 010: 13.9345, 008: 14.7150, 014: 14.8318, 011: 14.6647"
6,0.26282316116465543,356,2.628231574637555,"000: 10.1070, 012: -6.2037, 001: 9.5004, 003: 9.1758, 004: 10.1262, 005: 9.6088, 013: 9.7748, 006: 10.2882, 007: -0.8486, 002: 1.6350, 009: 9.5593, 010: 10.0748, 008: -1.9529, 014: 10.5784, 011: -7.9885"
7,0.2669208714764149,463,2.669208689082541,"000: 13.5333, 012: 12.8890, 001: 0.6224, 003: 13.4154, 004: 12.9858, 005: -1.7355, 013: 1.3840, 006: 1.4116, 007: 12.9481, 002: 12.1864, 009: 13.0378, 010: -47.4072, 008: 12.8625, 014: -1.4404, 011: -7.0483"
MEAN,0.2768044193242809,320.625,2.7680441475005337,n/a
