episode,sim/wall,total steps,steps/sec,score
0,0.35283070904070907,299,3.5283070010674584,"001: 5.3645, 004: 8.6923, 000: 8.5292, 012: 8.6709, 009: -14.2475, 002: -2.9976, 014: 8.4999, 008: 8.3840, 010: 8.7218, 005: -7.8087, 003: 8.7163, 013: -0.1989, 011: 8.8095, 007: 3.3105, 006: 3.6216"
1,0.3278923379547417,500,3.278923333407678,"001: 13.5263, 004: 14.4693, 000: 14.3358, 012: 14.3929, 009: 13.5876, 002: -0.8831, 014: -1.7645, 008: 13.9713, 010: 14.0387, 005: 14.8275, 003: 14.1604, 013: 13.7543, 011: 3.3838, 007: -1.6958, 006: 2.9832"
2,0.24456844185987375,246,2.4456843838165363,"001: -2.9836, 004: 1.0322, 000: 7.1231, 012: -138.1367, 009: 6.9924, 002: -0.2110, 014: 7.0888, 008: -3.6260, 010: 0.2704, 005: -16.6189, 003: -1.8000, 013: 6.7968, 011: 7.0021, 007: 7.2641, 006: 6.5375"
3,0.280327332202715,299,2.8032732781642005,"001: -6.5414, 004: 8.5172, 000: 8.7417, 012: -4.0380, 009: 2.5519, 002: 2.8979, 014: -2.3520, 008: -6.6339, 010: 8.7702, 005: -10.7914, 003: 8.6985, 013: 7.0047, 011: 8.4626, 007: 4.3867, 006: 8.6926"
4,0.23340898215151473,253,2.3340897804432577,"001: -3.2641, 004: 5.9908, 000: 7.0154, 012: 3.2529, 009: 7.2792, 002: 3.1773, 014: 1.6281, 008: 7.4401, 010: 7.6417, 005: -5.1413, 003: 3.9575, 013: 7.4911, 011: 7.0968, 007: 7.2027, 006: -1.1755"
5,0.24751150189599122,335,2.4751149840799473,"001: 9.4789, 004: 9.8013, 000: 9.8669, 012: 9.3154, 009: 9.7047, 002: -0.8377, 014: 9.6276, 008: 9.7677, 010: 9.6747, 005: 8.0721, 003: -20.6023, 013: -6.9749, 011: 8.9727, 007: -0.3023, 006: 1.3272"
6,0.23452807651662982,107,2.3452806793748446,"001: 3.2371, 004: 3.1741, 000: 2.8546, 012: 0.2970, 009: 2.7035, 002: 0.2564, 014: 3.2196, 008: 0.0271, 010: 1.6962, 005: 3.1871, 003: 3.1004, 013: 2.9654, 011: -13.1877, 007: -0.8524, 006: -0.3581"
7,0.2466179757491438,500,2.4661797342902867,"001: -4.2832, 004: 14.1274, 000: 13.7517, 012: 14.0417, 009: 14.0987, 002: 13.7943, 014: 2.2331, 008: 14.1130, 010: 14.1022, 005: 13.3345, 003: 14.3947, 013: 4.6796, 011: 3.4389, 007: 14.2104, 006: 4.5095"
MEAN,0.27096066967141486,317.375,2.709606646830526,n/a
