episode,sim/wall,total steps,steps/sec,score
0,3.2100880995872574,500,32.10087559086127,000: 13.5537
1,2.669903204005832,101,26.699021943790996,000: 0.7828
2,2.714103180549545,500,27.141028995453905,000: 13.8728
3,2.6776652466706183,500,26.776649389723058,000: 14.4416
4,2.672160784888108,500,26.721605125018424,000: 14.4781
5,2.7782484398622755,500,27.78248145418627,000: -253.6467
MEAN,2.787028159260606,433.5,27.870277083172322,n/a
