{"initial_reset_timestamp": 1618333715.7475204, "timestamps": [1618333719.3191483, 1618333726.5094187], "episode_lengths": [2, 4], "episode_rewards": [0.8888888888888888, 2.466666666666667], "episode_rewards_": [[0.8444444444444444, 0.04444444444444443], [0.8444444444444444, 0.8222222222222223, 0.7999999999999999, 0.0]], "episode_seeds": [9552934867070203345, 8936105107185240952], "episode_types": ["t", "t"], "episode_speed": [[25.0, 12.583746739567895], [25.0, 25.0, 25.0, 13.436031033643246]], "episode_crashed": [[false, true], [false, false, false, true]], "episode_action": [[2, 3], [0, 0, 0, 1]], "episode_cost": [[0.0, 1.0], [0.0, 0.0, 0.0, 1.0]]}