episode,sim/wall,total steps,steps/sec,score
0,1.4909132261532811,500,14.909130459661814,"000: 11.2558, 001: 11.6969"
MEAN,1.4909132261532811,500.0,14.909130459661814,n/a
