{"initial_reset_timestamp": 1618333337.5513833, "timestamps": [1618333347.8619633, 1618333373.3706589], "episode_lengths": [6, 15], "episode_rewards": [4.780587606172475, 12.55475312149677], "episode_rewards_": [[0.8666666666666667, 0.8444444444444444, 0.8666666666666667, 0.9772149020498481, 0.9961062948355148, 0.22948863150933319], [0.8444444444444444, 0.8444444444444444, 0.8444444444444444, 0.8222222222222223, 0.7999999999999999, 0.9105482353831814, 0.9294396281688483, 0.8221197095484385, 0.9143282334983569, 0.952307807595863, 0.955000553640213, 0.9554607122580284, 0.9555393479518751, 0.8450045504835938, 0.15944878741281462]], "episode_seeds": [12058815239029005996, 17068454862399644852], "episode_types": ["t", "t"], "episode_speed": [[25.0, 25.0, 25.0, 29.1455588268693, 29.853986056331806, 26.105823681599993], [25.0, 25.0, 25.0, 25.0, 25.0, 29.1455588268693, 29.853986056331806, 25.82948910806644, 29.28730875618838, 29.878209451511527, 29.979187428174654, 29.996443376342732, 29.99939221486198, 25.854337309801434, 25.145996194647214]], "episode_crashed": [[false, false, false, false, false, true], [false, false, false, false, false, false, false, false, false, false, false, false, false, false, true]], "episode_action": [[2, 0, 2, 3, 2, 3], [0, 1, 1, 0, 0, 3, 0, 4, 3, 2, 3, 1, 3, 4, 1]], "episode_cost": [[0.0, 0.0, 0.0, 0.0, 0.0, 1.0], [0.0, 0.0, 0.0, 0.0, 0.0, 0.0, 0.0, 0.0, 0.0, 0.0, 0.0, 0.0, 0.0, 0.0, 1.0]]}