episode,sim/wall,total steps,steps/sec,score
0,1.7115021281676033,5000,17.115021169934412,000: 128.9362
MEAN,1.7115021281676033,5000.0,17.115021169934412,n/a
