{"initial_reset_timestamp": 1618333694.5640044, "timestamps": [1618333701.559061, 1618333715.3558598], "episode_lengths": [4, 8], "episode_rewards": [2.6399878635520295, 5.466236929184967], "episode_rewards_": [[0.7999999999999999, 0.9105482353831814, 0.9294396281688483, 0.0], [0.7999999999999999, 0.7999999999999999, 0.6894517646168187, 0.6705603718311518, 0.7778802904515616, 0.7962200018848242, 0.9099022781783889, 0.022222222222222216]], "episode_seeds": [11065888893204622767, 3098695409290299555], "episode_types": ["t", "t"], "episode_speed": [[25.0, 29.1455588268693, 29.853986056331806, 13.063978709464212], [25.0, 25.0, 20.8544411731307, 20.146013943668194, 24.17051089193356, 24.85825007068091, 29.12133543168958, 12.839135033813587]], "episode_crashed": [[false, false, false, true], [false, false, false, false, false, false, false, true]], "episode_action": [[0, 3, 3, 1], [0, 0, 4, 1, 3, 0, 3, 2]], "episode_cost": [[0.0, 0.0, 0.0, 1.0], [0.0, 0.0, 0.0, 0.0, 0.0, 0.0, 0.0, 1.0]]}