episode,sim/wall,total steps,steps/sec,score
0,3.92937647881961,500,39.293760370777306,000: 13.5079
1,1.7666702717448974,99,17.66669670424768,000: 0.9950
2,3.0709017028021317,500,30.709013430595412,000: 11.5570
3,3.018806130141966,500,30.188058694115185,000: 14.2280
4,3.001812665712168,500,30.018123649416534,000: 14.3237
5,3.0181341166193305,500,30.18133769133502,000: 11.6264
MEAN,2.967616894306684,433.1666666666667,29.676165090081188,n/a
