episode,sim/wall,total steps,steps/sec,score
0,0.404458913297389,398,4.044589064377086,"005: 0.5607, 007: 4.3779, 014: 6.6021, 003: 0.0704, 009: 11.2783, 001: 11.5239, 002: 0.7651, 000: 4.6322, 006: 11.2010, 011: 11.3835, 013: 0.0754, 012: 11.7000, 004: 11.4383, 008: 11.4992, 010: 11.4907"
1,0.3281779769844363,251,3.281779708463006,"005: 7.3752, 007: -0.5659, 014: -1.7713, 003: 6.7026, 009: 7.0115, 001: 7.3787, 002: -0.8330, 000: -38.1156, 006: -1.8202, 011: 3.4078, 013: 2.6802, 012: 7.0562, 004: 7.3233, 008: 7.0565, 010: 7.3218"
2,0.2503674086602564,205,2.5036740355708855,"005: -1.1448, 007: 5.6379, 014: 3.0646, 003: -2.1785, 009: 3.1709, 001: -0.7984, 002: -4.6275, 000: 5.7461, 006: 5.7114, 011: 5.8494, 013: 5.9202, 012: 5.6925, 004: 5.7665, 008: 0.9609, 010: 5.1237"
3,0.2929678436458589,324,2.9296783985632118,"005: -10.8074, 007: 8.9755, 014: 1.0867, 003: 9.4837, 009: -1.1162, 001: -0.9990, 002: 9.4567, 000: 9.4333, 006: -272.7816, 011: 9.0827, 013: 6.8750, 012: -3.9943, 004: 7.0848, 008: -6.6493, 010: 9.6229"
4,0.2553521540463483,225,2.553521485188756,"005: -1.3283, 007: 6.6469, 014: 6.4237, 003: -0.9741, 009: 6.6008, 001: 6.4014, 002: 1.2992, 000: 6.5213, 006: 0.9711, 011: 3.2116, 013: 1.9050, 012: -1.8048, 004: -0.9854, 008: 6.5845, 010: 6.4310"
5,0.2764357897645205,500,2.764357864850696,"005: 14.0100, 007: 14.1009, 014: 14.3155, 003: -0.2244, 009: -7.7519, 001: 13.8253, 002: 0.6589, 000: 14.4226, 006: -18.4277, 011: 14.6417, 013: -17.9714, 012: -2.2919, 004: 13.8943, 008: 14.5021, 010: 13.8402"
6,0.2591611876809793,173,2.5916118027599926,"005: 4.8164, 007: -0.8388, 014: 5.0434, 003: 4.9712, 009: 4.6216, 001: 4.9578, 002: -4.4101, 000: 5.0489, 006: -1.0819, 011: -4.3051, 013: 4.2017, 012: -2.8456, 004: 0.0130, 008: -2.6824, 010: 4.8785"
7,0.24784386560680946,500,2.4784386355647614,"005: 2.7029, 007: 3.9921, 014: -5.3860, 003: 14.2281, 009: 13.6434, 001: 8.3271, 002: 13.9808, 000: 13.9195, 006: 14.4108, 011: 13.8142, 013: 4.1657, 012: 13.7336, 004: 4.7996, 008: 14.2726, 010: 13.9397"
MEAN,0.2893456424608247,322.0,2.8934563744172994,n/a
