episode,sim/wall,total steps,steps/sec,score
0,0.3429185346215006,456,3.4291853093250264,"014: 12.9165, 006: 10.9300, 004: 13.3494, 005: 0.9290, 001: 12.4244, 010: 13.0960, 011: 11.8194, 009: 13.2451, 007: 10.8644, 008: 12.5372, 002: -4.3486, 013: -5.2162, 012: 13.0293, 003: 12.1577, 000: 12.8115"
1,0.23207271075984506,387,2.3207270876904094,"014: -1.7729, 006: 10.5288, 004: 11.2035, 005: 10.9170, 001: 10.2666, 010: 10.9437, 011: -1.2630, 009: 9.2323, 007: -0.5791, 008: 11.0496, 002: -0.8391, 013: 10.5594, 012: 11.3461, 003: 3.5535, 000: 2.9706"
2,0.19848297170707416,209,1.984829681118142,"014: 4.6468, 006: 5.6353, 004: 5.9500, 005: 2.7585, 001: -5.3423, 010: 3.7477, 011: 6.1105, 009: 6.1298, 007: 6.1244, 008: -0.2429, 002: -0.2382, 013: 6.1803, 012: -0.6514, 003: -0.0502, 000: 5.9849"
3,0.20969102970939804,293,2.096910272048451,"014: -0.8823, 006: 8.6975, 004: 8.3574, 005: -10.7872, 001: 2.2455, 010: 8.6695, 011: 8.2839, 009: -3.8253, 007: 8.1142, 008: -6.5962, 002: 8.3548, 013: 4.5826, 012: -3.9982, 003: 8.7897, 000: 8.3428"
4,0.17896899632852237,181,1.7896899337517072,"014: -3.6199, 006: 1.0422, 004: -1.3098, 005: 5.1688, 001: -0.8767, 010: 5.4460, 011: 1.8077, 009: 5.3478, 007: 5.3025, 008: 5.2526, 002: 1.5760, 013: 5.2603, 012: 3.2943, 003: 0.7752, 000: 5.2996"
MEAN,0.23242684862526808,305.2,2.324268456786747,n/a
