{"initial_reset_timestamp": 1618069533.4616637, "timestamps": [1618069555.809173, 1618069558.3973513], "episode_lengths": [27, 3], "episode_rewards": [21.667397315151838, 1.9994371242720703], "episode_rewards_": [[0.8222222222222223, 0.7116739868390409, 0.8033308294365552, 0.7084456700762692, 0.7144531349231923, 0.8222304590436175, 0.8628705579175083, 0.7554697209608928, 0.8476644169191881, 0.841197183531173, 0.8216673035373828, 0.8443496153700313, 0.7338800038881454, 0.7372242692243924, 0.7339982484988, 0.7334469595121362, 0.7333527507104362, 0.8438848869178087, 0.8405513063215205, 0.9543273883266435, 0.973770382123178, 0.9770929610089149, 0.867112515265923, 0.9588663864326885, 0.9523238212742692, 0.9327810679672236, 0.13920926690268232], [0.8666666666666667, 0.8444444444444444, 0.2883260131609591]], "episode_seeds": [4372323085488641245, 9829450188550206273], "episode_types": ["t", "t"], "episode_speed": [[25.0, 20.8544411731307, 24.29157277053749, 20.733379294526763, 20.125325892953043, 24.166975547468986, 24.857645921906563, 20.83011453603348, 24.287415634469557, 24.878227715752317, 24.979190549318524, 24.996443909709505, 20.85383347913879, 20.14591009591472, 20.024934318705, 20.00426098170511, 20.000728151641358, 24.14568325941783, 24.85400732039035, 29.120610395582467, 29.84972266295251, 29.97431937116764, 25.85005265580545, 29.290822824559154, 29.87880996445176, 29.97929004877088, 24.387014175517255], [25.0, 25.0, 29.1455588268693]], "episode_crashed": [[false, false, false, false, false, false, false, false, false, false, false, false, false, false, false, false, false, false, false, false, false, false, false, false, false, false, true], [false, false, true]], "episode_action": [[2, 4, 3, 4, 2, 3, 2, 4, 3, 0, 0, 2, 4, 2, 4, 1, 1, 3, 0, 3, 3, 3, 4, 3, 0, 0, 2], [2, 0, 3]], "episode_cost": [[0.0, 0.0, 0.0, 0.0, 0.0, 0.0, 0.0, 0.0, 0.0, 0.0, 0.0, 0.0, 0.0, 0.0, 0.0, 0.0, 0.0, 0.0, 0.0, 0.0, 0.0, 0.0, 0.0, 0.0, 0.0, 0.0, 1.0], [0.0, 0.0, 1.0]]}