{"initial_reset_timestamp": 1618068810.709478, "timestamps": [1618068814.0679064, 1618068815.79675], "episode_lengths": [4, 2], "episode_rewards": [2.5999999999999996, 0.8222222222222223], "episode_rewards_": [[0.8222222222222223, 0.8444444444444444, 0.8666666666666667, 0.06666666666666665], [0.8222222222222223, 0.0]], "episode_seeds": [6668671648452954566, 13911798154354858242], "episode_types": ["t", "t"], "episode_speed": [[25.0, 25.0, 25.0, 10.195724803722253], [25.0, 14.395747536046335]], "episode_crashed": [[false, false, false, true], [false, true]], "episode_action": [[2, 2, 2, 2], [1, 0]], "episode_cost": [[0.0, 0.0, 0.0, 1.0], [0.0, 1.0]]}