{"initial_reset_timestamp": 1618601851.11181, "timestamps": [1618601864.9836338, 1618601875.3938076, 1618601896.820957], "episode_lengths": [8, 6, 15], "episode_rewards": [5.0719256622151025, 4.718697894421094, 11.182238363532237], "episode_rewards_": [[0.7338962090612631, 0.7150048162755963, 0.7117764995128245, 0.7334470403826429, 0.7333527645302546, 0.7111144316740498, 0.7111116785562497, 0.022222222222222216], [0.9327704576054036, 0.9516618503910704, 0.9326679449316199, 0.9332196262840239, 0.9333139021364123, 0.03506411307256441], [0.9549926798276257, 0.8633358372301115, 0.847672761207216, 0.7344478904136672, 0.7150990921279848, 0.7340148323690294, 0.7334497935004428, 0.7333532350056949, 0.7333367342949892, 0.8438821499008481, 0.8627730608197464, 0.8660012952371566, 0.7560047271345257, 0.7372076077965332, 0.06666666666666665]], "episode_seeds": [14066985760812407434, 2917652442375913603, 241302137369394580], "episode_types": ["t", "t", "t"], "episode_speed": [[20.8544411731307, 20.146013943668194, 20.024952065064255, 20.004264014349108, 20.00072866988454, 20.000124521110198, 20.000021279192694, 11.51660340140237], [29.1455588268693, 29.853986056331806, 29.975047934935745, 29.995735985650892, 29.99927133011546, 21.314904240221164], [29.1455588268693, 25.70842722946251, 25.121061878603935, 20.875129223845853, 20.149549288132764, 20.025556213838602, 20.004367256266605, 20.00074631271356, 20.0001275360621, 24.145580621281805, 24.853989780740488, 24.97504857139337, 20.850177267544712, 20.14528529236999, 7.661964698545701]], "episode_crashed": [[false, false, false, false, false, false, false, true], [false, false, false, false, false, true], [false, false, false, false, false, false, false, false, false, false, false, false, false, false, true]], "episode_action": [[[4, 1], [4, 3], [1, 3], [2, 0], [2, 0], [0, 1], [1, 3], [0, 3]], [[3, 0], [3, 0], [0, 4], [0, 4], [0, 4], [4, 2]], [[3, 2], [4, 1], [1, 1], [4, 4], [4, 0], [2, 4], [1, 4], [1, 3], [4, 2], [3, 4], [2, 3], [1, 3], [4, 2], [4, 0], [1, 3]]], "episode_cost": [[0.0, 0.0, 0.0, 0.0, 0.0, 0.0, 0.0, 1.0], [0.0, 0.0, 0.0, 0.0, 0.0, 1.0], [0.0, 0.0, 0.0, 0.0, 0.0, 0.0, 0.0, 0.0, 0.0, 0.0, 0.0, 0.0, 0.0, 0.0, 1.0]]}