{"initial_reset_timestamp": 1618069630.2345915, "timestamps": [1618069635.1122859, 1618069637.5723186], "episode_lengths": [6, 3], "episode_rewards": [4.6658681400187225, 1.4894517646168186], "episode_rewards_": [[0.9772149020498481, 0.9738840726132926, 0.9771123893760643, 0.8671158353452869, 0.8260964961897863, 0.04444444444444443], [0.7999999999999999, 0.6894517646168187, 0.0]], "episode_seeds": [16503250900624459298, 7468499039721073544], "episode_types": ["t", "t"], "episode_speed": [[29.1455588268693, 29.853986056331806, 29.975047934935745, 25.85017715878159, 25.145285273783653, 12.580737084343218], [25.0, 20.8544411731307, 15.35417221914053]], "episode_crashed": [[false, false, false, false, false, true], [false, false, true]], "episode_action": [[3, 0, 3, 4, 0, 2], [0, 4, 1]], "episode_cost": [[0.0, 0.0, 0.0, 0.0, 0.0, 1.0], [0.0, 0.0, 1.0]]}