episode,sim/wall,total steps,steps/sec,score
0,0.3131492096834722,380,3.1314920168508396,"007: 2.2642, 004: 11.0234, 000: 10.7260, 011: 10.9126, 014: 10.4225, 001: 11.1895, 005: -9.3802, 009: 10.8277, 010: 9.7782, 008: 2.2624, 013: -49.0679, 006: 2.7421, 012: 10.9406, 002: 1.5790, 003: 10.8915"
1,0.28692746576204675,403,2.869274613785388,"007: -0.5702, 004: 11.7779, 000: 3.4862, 011: -2.1137, 014: -1.7626, 001: 11.4734, 005: 8.0632, 009: 11.0143, 010: 11.5251, 008: 10.9015, 013: 2.8243, 006: 10.7866, 012: 11.5440, 002: -0.8828, 003: 10.8164"
2,0.2151691757876709,242,2.151691712264108,"007: 6.6743, 004: 5.4497, 000: 7.0316, 011: 6.6368, 014: 6.8480, 001: -0.7997, 005: 6.9563, 009: 0.7579, 010: 6.3983, 008: 4.6859, 013: 6.7950, 006: 6.7287, 012: -0.2132, 002: -0.2552, 003: -2.6546"
3,0.2540230102943645,324,2.5402300507119797,"007: 9.3152, 004: 8.4906, 000: 9.4133, 011: 9.3070, 014: 0.2600, 001: 1.8164, 005: -10.8526, 009: 0.8747, 010: 9.5114, 008: -6.6570, 013: 1.6479, 006: 9.2535, 012: -3.9987, 002: 9.3301, 003: 9.5376"
4,0.24428930253545705,500,2.442892991206967,"007: 1.6803, 004: -0.8630, 000: 14.0966, 011: 13.8171, 014: -1.4375, 001: 14.3659, 005: 0.0656, 009: 14.7502, 010: 13.2732, 008: 14.2849, 013: 14.3223, 006: -4.5037, 012: 3.0811, 002: 13.6304, 003: -9.0628"
5,0.22427911247395815,500,2.24279109595705,"007: 14.4944, 004: 14.5417, 000: 14.2455, 011: 13.6434, 014: 14.1187, 001: 0.2836, 005: 14.1371, 009: 14.0020, 010: 13.8137, 008: 14.1845, 013: -31.8007, 006: 1.8931, 012: 13.9704, 002: 0.8178, 003: -2.3511"
6,0.2264254443349255,180,2.2642543550694465,"007: -0.8445, 004: 3.9725, 000: 5.4165, 011: -4.4536, 014: 5.3031, 001: 5.2674, 005: 5.2044, 009: 4.6209, 010: -0.5502, 008: 1.9043, 013: 4.2538, 006: -2.6767, 012: -1.6826, 002: -3.2924, 003: 4.1550"
MEAN,0.25203753155312786,361.2857142857143,2.520375262263683,n/a
