episode,sim/wall,total steps,steps/sec,score
0,1.5047187847115866,500,15.047185363933929,"000: 11.2558, 001: 11.6969"
MEAN,1.5047187847115866,500.0,15.047185363933929,n/a
