episode,sim/wall,total steps,steps/sec,score
0,4.138103587556675,500,41.38103015984884,000: 13.5793
1,2.6521308560862584,500,26.52130621307939,000: 14.1825
2,3.082444988293548,463,30.824446458036505,000: 10.8498
3,3.1400541175240053,209,31.400533301773145,000: 0.2997
4,3.0167858918070944,382,30.167854373889845,000: 9.2919
5,3.1198291945022096,205,31.198282888994637,000: 4.9279
6,3.5930018354270743,27,35.92993855695459,000: -1.6478
7,3.29006012662784,316,32.90059554940405,000: -243.8257
MEAN,3.254051324728088,325.25,32.54049843774763,n/a
