{"initial_reset_timestamp": 1618571799.3250434, "timestamps": [1618571802.0585861, 1618571803.4306796, 1618571806.108116, 1618571814.186024, 1618571824.7759683, 1618571829.5392005, 1618571842.0766292, 1618571848.7109833, 1618571852.7830021, 1618571864.7238305], "episode_lengths": [4, 2, 4, 12, 16, 7, 19, 10, 6, 18], "episode_rewards": [2.906654530218696, 0.8888888888888888, 2.9504335862614273, 10.408074724506019, 11.023024753253537, 5.119893588890549, 13.225779203672117, 8.305852018592976, 4.550996461989357, 11.916370223601534], "episode_rewards_": [[0.8666666666666667, 0.9772149020498481, 0.9961062948355148, 0.06666666666666665], [0.8444444444444444, 0.04444444444444443], [0.7999999999999999, 0.9105482353831814, 0.9516618503910704, 0.28822350048717543], [0.8222222222222223, 0.8222222222222223, 0.9327704576054036, 0.9516618503910704, 0.8443419317706606, 0.8482244425596202, 0.9556386370324184, 0.9739944590996638, 0.9993534753500691, 0.9776672943217087, 0.999981119677237, 0.2799966122537225], [0.7116739868390409, 0.6927825940533742, 0.8001025126737838, 0.8406644463292686, 0.8215762650174296, 0.7115636003526699, 0.6927637303015914, 0.7117732759195841, 0.7112242672862626, 0.6889082259478977, 0.6666699711425436, 0.6888894535849378, 0.6666667631665776, 0.7772149185405475, 0.8183285198758036, 0.022222222222222216], [0.9327704576054036, 0.8411136150078892, 0.7149023036018125, 0.6933342754057782, 0.8001967885261724, 0.9290065701242104, 0.20856957861928174], [0.9327704576054036, 0.8411136150078892, 0.8254505389849939, 0.800551681352404, 0.6895460404692072, 0.6705764824651345, 0.6673348081861802, 0.7773290795745981, 0.7961258064311534, 0.6887897105172386, 0.6704472345748477, 0.66731272124238, 0.6889992920148046, 0.6889077554841738, 0.6666698907458283, 0.6888894398460851, 0.6888889830409916, 0.6888889049783754, 0.08718676115043045], [0.7999999999999999, 0.9105482353831814, 0.9294396281688483, 0.9548901671538421, 0.9332196262840239, 0.9333139021364123, 0.9333300127703947, 0.9333327658881948, 0.9555554585858577, 0.022222222222222216], [0.8222222222222223, 0.8444444444444444, 0.9549926798276257, 0.9961062948355148, 0.888786376215105, 0.04444444444444443], [0.6894517646168187, 0.6927825940533742, 0.6895542772906024, 0.7112248181604207, 0.8216787776912134, 0.7300058244597164, 0.7143399953190213, 0.711662889433213, 0.7112054035344801, 0.688905002354657, 0.6888916424906076, 0.6666671372248031, 0.6666667470795158, 0.6666666804082765, 0.6888888912371681, 0.6888888892901822, 0.6888888889574653, 0.0]], "episode_seeds": [14119746040678304729, 14843090673020453234, 9944374274421693278, 14207305473990241317, 7973900831614501267, 14685663538009837401, 11010716383993347202, 8353896061913551742, 10634939999559843635, 5924519091327448193], "episode_types": ["t", "t", "t", "t", "t", "t", "t", "t", "t", "t"], "episode_speed": [[25.0, 29.1455588268693, 29.853986056331806, 16.084528397790784], [25.0, 14.797718539600456], [25.0, 29.1455588268693, 29.853986056331806, 29.975047934935745], [25.0, 25.0, 29.1455588268693, 29.853986056331806, 25.82948910806644, 25.14174992931909, 29.169782222049022, 29.858125549570723, 29.97575532562759, 29.99585687039741, 29.999291987896385, 27.999872959514594], [20.8544411731307, 20.146013943668194, 24.17051089193356, 24.85825007068091, 24.97577660482028, 20.850301679891786, 20.145306552976347, 20.024831180317737, 20.004243356568182, 20.000725139712827, 20.000123917845386, 20.000021176101836, 20.000003618746657, 24.14555944527053, 24.8539861620093, 18.940534828445724], [29.1455588268693, 25.70842722946251, 20.975503051734638, 20.166701994383345, 24.174046236398127, 29.004413046324558, 27.821359198223064], [29.1455588268693, 25.70842722946251, 25.121061878603935, 25.02068805071515, 20.857976517595272, 20.14661809244254, 20.025055306981756, 24.14984048404743, 24.85471774116825, 20.829614144396448, 20.141771296556787, 20.024227046589246, 20.004140117221837, 20.000707497323184, 20.00012090296856, 20.000020660894858, 20.00000353070385, 20.000000603355744, 22.43617020980781], [25.0, 29.1455588268693, 29.853986056331806, 29.975047934935745, 29.995735985650892, 29.99927133011546, 29.999875478889802, 29.999978720807306, 29.999996363636328, 13.932089254996082], [25.0, 25.0, 29.1455588268693, 29.853986056331806, 25.82948910806644, 11.94671640576498], [20.8544411731307, 20.146013943668194, 20.024952065064255, 20.004264014349108, 24.14628749675384, 20.708551750572703, 20.121083157796633, 20.020691687078823, 20.00353596587634, 20.000604254966305, 20.000103260064453, 20.000017645930118, 20.000003015481845, 20.000000515310365, 20.000000088060474, 20.0000000150485, 20.00000000257161, 11.516598029486348]], "episode_crashed": [[false, false, false, true], [false, true], [false, false, false, true], [false, false, false, false, false, false, false, false, false, false, false, true], [false, false, false, false, false, false, false, false, false, false, false, false, false, false, false, true], [false, false, false, false, false, false, true], [false, false, false, false, false, false, false, false, false, false, false, false, false, false, false, false, false, false, true], [false, false, false, false, false, false, false, false, false, true], [false, false, false, false, false, true], [false, false, false, false, false, false, false, false, false, false, false, false, false, false, false, false, false, true]], "episode_action": [[2, 3, 1, 2], [0, 3], [0, 3, 2, 3], [0, 1, 3, 1, 4, 2, 3, 1, 2, 0, 2, 3], [4, 4, 3, 2, 0, 4, 4, 2, 4, 0, 0, 2, 0, 3, 2, 1], [3, 4, 4, 1, 3, 3, 0], [3, 4, 1, 0, 4, 1, 4, 3, 0, 4, 1, 1, 2, 4, 0, 2, 1, 4, 3], [0, 3, 3, 2, 0, 1, 1, 0, 2, 4], [0, 2, 3, 2, 4, 0], [4, 2, 1, 2, 3, 4, 4, 4, 4, 0, 1, 0, 4, 0, 2, 4, 1, 0]], "episode_cost": [[0.0, 0.0, 0.0, 1.0], [0.0, 1.0], [0.0, 0.0, 0.0, 1.0], [0.0, 0.0, 0.0, 0.0, 0.0, 0.0, 0.0, 0.0, 0.0, 0.0, 0.0, 1.0], [0.0, 0.0, 0.0, 0.0, 0.0, 0.0, 0.0, 0.0, 0.0, 0.0, 0.0, 0.0, 0.0, 0.0, 0.0, 1.0], [0.0, 0.0, 0.0, 0.0, 0.0, 0.0, 1.0], [0.0, 0.0, 0.0, 0.0, 0.0, 0.0, 0.0, 0.0, 0.0, 0.0, 0.0, 0.0, 0.0, 0.0, 0.0, 0.0, 0.0, 0.0, 1.0], [0.0, 0.0, 0.0, 0.0, 0.0, 0.0, 0.0, 0.0, 0.0, 1.0], [0.0, 0.0, 0.0, 0.0, 0.0, 1.0], [0.0, 0.0, 0.0, 0.0, 0.0, 0.0, 0.0, 0.0, 0.0, 0.0, 0.0, 0.0, 0.0, 0.0, 0.0, 0.0, 0.0, 1.0]]}