episode,sim/wall,total steps,steps/sec,score
0,2.3003121408113705,500,23.003112577080618,000: 11.3638
1,0.11270413599455852,500,1.127041350860248,000: 11.5886
2,0.11254525730866012,500,1.1254525579870343,000: 11.3843
3,0.11507081634221011,500,1.150708141954704,000: 11.1101
MEAN,0.6601580876141998,500.0,6.601578656970652,n/a
