episode,sim/wall,total steps,steps/sec,score
0,2.316193635321769,5000,23.161936199730878,000: 128.0762
1,2.3265295065369114,5000,23.26529485888949,000: 127.0080
2,1.9043396292355663,5000,19.043396188600397,000: 123.3671
3,2.1848404604534353,5000,21.848404422438715,000: 126.5504
4,1.816922911899707,5000,18.169228993065946,000: 126.5998
MEAN,2.109765228689478,5000.0,21.097652132545086,n/a
