episode,sim/wall,total steps,steps/sec,score
0,0.3995420038250769,351,3.99541997319151,"013: -7.0717, 000: -0.4599, 003: 7.8036, 002: 1.4820, 007: 9.5952, 009: 10.3363, 011: 10.0716, 008: 10.2922, 001: 10.2532, 004: 10.2586, 006: -0.3149, 014: 8.4693, 012: 10.5062, 010: 9.5627, 005: -11.1352"
1,0.35118955511458194,335,3.5118954984798947,"013: 8.8404, 000: 2.2810, 003: 0.8517, 002: -0.8852, 007: -0.5679, 009: 9.3550, 011: 3.5940, 008: 9.3318, 001: 9.5377, 004: 9.4727, 006: 2.3738, 014: -1.7673, 012: 9.6291, 010: 9.7863, 005: 9.7588"
2,0.2574643017344848,216,2.5746429661273433,"013: 6.2226, 000: 5.6549, 003: 0.8300, 002: -0.4457, 007: 6.1298, 009: 3.3451, 011: 6.0868, 008: 0.6855, 001: -14.4745, 004: 4.6615, 006: 5.6806, 014: 6.3726, 012: 5.8326, 010: 5.8429, 005: 2.5798"
3,0.24997226140947112,118,2.49972252571761,"013: 2.1714, 000: 3.4393, 003: 3.4435, 002: 2.0263, 007: 3.3450, 009: 1.4328, 011: 3.1803, 008: -6.1769, 001: 3.3112, 004: 3.1997, 006: 3.3291, 014: -7.3742, 012: -3.9754, 010: 3.5148, 005: -10.7169"
4,0.2763853602814788,500,2.7638535700322433,"013: 13.8341, 000: 14.0466, 003: -0.9762, 002: -4.1274, 007: 14.4301, 009: 14.2069, 011: 8.2475, 008: 14.0967, 001: 13.9102, 004: -0.9972, 006: 1.0042, 014: 14.1178, 012: 13.9024, 010: 14.0668, 005: -9.9381"
5,0.2780153367650922,500,2.780153338166163,"013: -0.6776, 000: 14.3022, 003: -0.1597, 002: -12.4956, 007: 14.2267, 009: 13.8608, 011: 14.6792, 008: 14.6956, 001: -1.5512, 004: 0.7221, 006: 1.9843, 014: 14.2714, 012: 14.4646, 010: 13.5538, 005: 14.1762"
6,0.2775434234028697,359,2.775434193102866,"013: 9.7298, 000: 10.3433, 003: 10.2959, 002: -3.6334, 007: -0.8397, 009: 9.7628, 011: -9.7652, 008: 9.6872, 001: 10.5108, 004: 2.5734, 006: -7.5618, 014: -55.1330, 012: -1.2321, 010: -270.3545, 005: 9.6613"
7,0.22509234542657125,236,2.2509234133170684,"013: 7.0074, 000: 6.8594, 003: 2.4940, 002: 6.8186, 007: 1.5143, 009: 6.4663, 011: 1.0764, 008: 6.4272, 001: 1.8518, 004: 6.7589, 006: 1.6449, 014: -9.5912, 012: 7.0328, 010: 6.8279, 005: 2.5241"
MEAN,0.28940057349495335,326.875,2.894005684766837,n/a
