{"initial_reset_timestamp": 1618336015.8932798, "timestamps": [1618336028.9539597, 1618336059.4427876, 1618336063.3418055, 1618336067.3356457, 1618336091.564538], "episode_lengths": [7, 16, 2, 2, 12], "episode_rewards": [5.794744892459641, 13.071905546633968, 0.9333333333333333, 0.7999999999999999, 9.372518802116028], "episode_rewards_": [[0.8666666666666667, 0.8444444444444444, 0.9549926798276257, 0.9516618503910704, 0.9548901671538421, 0.955441848506246, 0.2666472354697456], [0.8444444444444444, 0.8666666666666667, 0.8666666666666667, 0.9772149020498481, 0.9961062948355148, 0.9993346115982865, 0.9998862929506904, 0.9999805688030788, 0.8894484440538801, 0.760011569002832, 0.8484405653130153, 0.7530038049990427, 0.7366947855105499, 0.7339077659616781, 0.7334314971111029, 0.06666666666666665], [0.8666666666666667, 0.06666666666666665], [0.7999999999999999, 0.0], [0.6894517646168187, 0.6705603718311518, 0.6673320550683801, 0.7773286090991576, 0.9066739614156173, 0.9287775603300732, 0.9325548053274487, 0.9332002920568007, 0.9333105981444544, 0.955551670379264, 0.9555548916246379, 0.022222222222222216]], "episode_seeds": [11783741559598255813, 8268370211291744323, 10427737232815405368, 3788219365223718845, 6311727230044922946], "episode_types": ["t", "t", "t", "t", "t"], "episode_speed": [[25.0, 25.0, 29.1455588268693, 29.853986056331806, 29.975047934935745, 29.995735985650892, 29.99927133011546], [25.0, 25.0, 25.0, 29.1455588268693, 29.853986056331806, 29.975047934935745, 29.995735985650892, 29.99927133011546, 25.854316652020504, 21.000433837606195, 24.316521199238075, 20.737642687464106, 20.126054456645623, 20.021541223562927, 20.003681141666355, 11.517527442574009], [25.0, 18.970864197530865], [25.0, 11.70427592264034], [20.8544411731307, 20.146013943668194, 20.024952065064255, 24.14982284121841, 29.00027355308565, 29.82915851237774, 29.970805199779324, 29.995010952130023, 29.999147430417036, 29.99985430588907, 29.99997510259059, 11.207736471386804]], "episode_crashed": [[false, false, false, false, false, false, true], [false, false, false, false, false, false, false, false, false, false, false, false, false, false, false, true], [false, true], [false, true], [false, false, false, false, false, false, false, false, false, false, false, true]], "episode_action": [[2, 0, 3, 0, 1, 1, 0], [2, 2, 1, 3, 1, 1, 2, 2, 4, 4, 3, 4, 4, 4, 4, 1], [1, 2], [0, 1], [4, 0, 0, 3, 3, 0, 3, 0, 3, 2, 3, 4]], "episode_cost": [[0.0, 0.0, 0.0, 0.0, 0.0, 0.0, 1.0], [0.0, 0.0, 0.0, 0.0, 0.0, 0.0, 0.0, 0.0, 0.0, 0.0, 0.0, 0.0, 0.0, 0.0, 0.0, 1.0], [0.0, 1.0], [0.0, 1.0], [0.0, 0.0, 0.0, 0.0, 0.0, 0.0, 0.0, 0.0, 0.0, 0.0, 0.0, 1.0]]}