{"initial_reset_timestamp": 1618335831.9677348, "timestamps": [1618335840.4942057, 1618335849.0760143, 1618335859.4607008], "episode_lengths": [5, 5, 6], "episode_rewards": [3.6622100857742517, 3.02745789856566, 4.68376691959476], "episode_rewards_": [[0.8222222222222223, 0.8444444444444444, 0.9549926798276257, 0.9738840726132926, 0.06666666666666665], [0.7561184312834853, 0.7372270384978186, 0.7339987217350469, 0.7334470403826429, 0.06666666666666665], [0.8666666666666667, 0.8444444444444444, 0.9549926798276257, 0.9738840726132926, 0.9771123893760643, 0.06666666666666665]], "episode_seeds": [12360795990798217015, 824319401962365856, 15377486982797611701], "episode_types": ["t", "t", "t", "t"], "episode_speed": [[25.0, 25.0, 29.1455588268693, 29.853986056331806, 18.47370819933294], [20.8544411731307, 20.146013943668194, 20.024952065064255, 20.004264014349108, 15.381674185901874], [25.0, 25.0, 29.1455588268693, 29.853986056331806, 29.975047934935745, 13.101131476214087]], "episode_crashed": [[false, false, false, false, true], [false, false, false, false, true], [false, false, false, false, false, true]], "episode_action": [[1, 2, 3, 3, 2], [4, 4, 4, 1, 3], [2, 0, 3, 1, 3, 2]], "episode_cost": [[0.0, 0.0, 0.0, 0.0, 1.0], [0.0, 0.0, 0.0, 0.0, 1.0], [0.0, 0.0, 0.0, 0.0, 0.0, 1.0]]}