episode,sim/wall,total steps,steps/sec,score
0,4.16780277598076,500,41.67802113345826,000: 13.5793
1,2.6617811904605273,500,26.617809877548037,000: 14.1825
2,3.093460970303193,463,30.934606253609537,000: 10.8498
3,3.025808756469641,209,30.258080253731574,000: 0.2997
4,3.0226003947771343,382,30.22599995627087,000: 9.2919
5,3.114144235234149,205,31.141434457169208,000: 4.9279
6,3.5975606292653968,27,35.97553772125696,000: -1.6478
7,3.1513597091714076,316,31.51359109740857,000: -243.8257
MEAN,3.229314832707776,325.25,32.293135093806626,n/a
