episode,sim/wall,total steps,steps/sec,score
0,3.0319016498681806,500,30.31900948541773,000: 11.3638
1,0.24400854441327324,500,2.4400854157417675,000: 11.5882
MEAN,1.6379550971407268,500.0,16.37954745057975,n/a
