episode,sim/wall,total steps,steps/sec,score
0,3.220860596420831,500,32.20860200686361,000: 13.5537
1,2.739079569048163,101,27.39078506425435,000: 0.7828
2,2.7647976618019774,500,27.647974431023645,000: 13.8728
3,2.7376870158670816,500,27.376867299582145,000: 14.4416
4,2.725735959379834,500,27.257356405344623,000: 14.4781
5,2.7779248103504997,500,27.779244791785676,000: -253.6467
MEAN,2.8276809354780643,433.5,28.276804999809013,n/a
