episode,sim/wall,total steps,steps/sec,score
0,2.8300336817072256,500,28.30033261613766,000: 13.5537
1,2.336525961696557,101,23.365244152286838,000: 0.7828
2,2.354825084940761,500,23.5482479408342,000: 13.8728
3,2.334357036660262,500,23.34356750837188,000: 14.4416
4,2.327121161730977,500,23.271208776771047,000: 14.4781
5,2.400124078680093,500,24.001237490562144,000: -253.6467
MEAN,2.4304978342359793,433.5,24.304973080827295,n/a
