episode,sim/wall,total steps,steps/sec,score
0,2.2996014872222426,500,22.996010585512533,000: 11.3638
1,0.24937050402378363,500,2.4937049779677394,000: 11.5886
2,0.2209056492863101,500,2.2090564463244573,000: 11.4053
3,0.2131032722398713,500,2.1310326899168013,000: 11.1101
MEAN,0.7457452281930519,500.0,7.457451174930382,n/a
