episode,sim/wall,total steps,steps/sec,score
0,2.1477340799791995,500,21.477335080999477,000: 11.3638
1,0.2120163701331361,500,2.1201636713233705,000: 11.5886
2,0.20697071982398552,500,2.069707163515289,000: 11.4053
3,0.200813816522058,500,2.0081381363770423,000: 11.1101
MEAN,0.6918837466145947,500.0,6.918836013053795,n/a
