{"initial_reset_timestamp": 1618336887.243433, "timestamps": [1618336911.224981, 1618336921.5977745, 1618336943.8124425, 1618336952.6273227, 1618336961.418338], "episode_lengths": [14, 6, 13, 5, 5], "episode_rewards": [11.661408219160602, 3.82745789856566, 11.394744872572955, 3.422222222222222, 3.6842160882733808], "episode_rewards_": [[0.8222222222222223, 0.7999999999999999, 0.7999999999999999, 0.7999999999999999, 0.9105482353831814, 0.9294396281688483, 0.8221197095484385, 0.826002220337398, 0.9334164148101962, 0.9295500146552192, 0.9326868086834024, 0.9332228498772643, 0.9333144530105703, 0.28888566246386277], [0.8666666666666667, 0.7561184312834853, 0.7150048162755963, 0.7117764995128245, 0.7112248181604207, 0.06666666666666665], [0.8444444444444444, 0.9549926798276257, 0.9738840726132926, 0.9993346115982865, 0.889338057567509, 0.8705409406342307, 0.8451065122832194, 0.9551058194317971, 0.9961256290627379, 0.9993379155902445, 0.9998868575640434, 0.999980665288858, 0.06666666666666665], [0.8222222222222223, 0.7999999999999999, 0.7999999999999999, 0.8222222222222223, 0.17777777777777773], [0.9327704576054036, 0.9516618503910704, 0.9548901671538421, 0.8448936131230647, 0.0]], "episode_seeds": [77595973544019588, 7668710085468745242, 11623205482333778216, 8038197848549926896, 12222661094678135876], "episode_types": ["t", "t", "t", "t", "t"], "episode_speed": [[25.0, 25.0, 25.0, 25.0, 29.1455588268693, 29.853986056331806, 25.82948910806644, 25.14174992931909, 29.169782222049022, 29.858125549570723, 29.97575532562759, 29.99585687039741, 29.999291987896385, 29.99987900906152], [25.0, 20.8544411731307, 20.146013943668194, 20.024952065064255, 20.004264014349108, 12.340237485456518], [25.0, 29.1455588268693, 29.853986056331806, 29.975047934935745, 25.85017715878159, 25.145285273783653, 25.024827543954064, 29.14980156202572, 29.85471108985267, 29.975171834634168, 29.995757158651625, 29.99927494833217, 19.830710666217428], [25.0, 25.0, 25.0, 25.0, 25.0], [29.1455588268693, 29.853986056331806, 29.975047934935745, 25.85017715878159, 12.776950033216446]], "episode_crashed": [[false, false, false, false, false, false, false, false, false, false, false, false, false, true], [false, false, false, false, false, true], [false, false, false, false, false, false, false, false, false, false, false, false, true], [false, false, false, false, true], [false, false, false, false, true]], "episode_action": [[0, 0, 0, 1, 3, 3, 4, 2, 3, 0, 0, 1, 1, 2], [2, 4, 0, 1, 1, 2], [2, 3, 1, 2, 4, 1, 0, 3, 2, 1, 1, 2, 3], [1, 0, 1, 2, 2], [3, 1, 3, 4, 0]], "episode_cost": [[0.0, 0.0, 0.0, 0.0, 0.0, 0.0, 0.0, 0.0, 0.0, 0.0, 0.0, 0.0, 0.0, 1.0], [0.0, 0.0, 0.0, 0.0, 0.0, 1.0], [0.0, 0.0, 0.0, 0.0, 0.0, 0.0, 0.0, 0.0, 0.0, 0.0, 0.0, 0.0, 1.0], [0.0, 0.0, 0.0, 0.0, 1.0], [0.0, 0.0, 0.0, 0.0, 1.0]]}