{"initial_reset_timestamp": 1618070066.694919, "timestamps": [1618070072.466189, 1618070076.7170336], "episode_lengths": [7, 5], "episode_rewards": [4.294143996429248, 3.3549926798276255], "episode_rewards_": [[0.7999999999999999, 0.6894517646168187, 0.6705603718311518, 0.6673320550683801, 0.6890025959381983, 0.7111305423080322, 0.06666666666666665], [0.8222222222222223, 0.7999999999999999, 0.7999999999999999, 0.9105482353831814, 0.022222222222222216]], "episode_seeds": [13545746807396908066, 12834456659598090424], "episode_types": ["t", "t"], "episode_speed": [[25.0, 20.8544411731307, 20.146013943668194, 20.024952065064255, 20.004264014349108, 20.00072866988454, 10.032439336887608], [25.0, 25.0, 25.0, 29.1455588268693, 18.30336197878178]], "episode_crashed": [[false, false, false, false, false, false, true], [false, false, false, false, true]], "episode_action": [[0, 4, 4, 0, 2, 2, 2], [1, 0, 1, 3, 2]], "episode_cost": [[0.0, 0.0, 0.0, 0.0, 0.0, 0.0, 1.0], [0.0, 0.0, 0.0, 0.0, 1.0]]}