episode,sim/wall,total steps,steps/sec,score
0,3.7983418985138493,500,37.983414857426354,000: 13.5537
1,2.6965137116664333,101,26.965128534558737,000: 0.7828
2,2.7155531987649155,500,27.15552952623484,000: 13.8728
3,2.6886444492355914,500,26.886441734784412,000: 14.4416
4,2.679034588837406,500,26.790343150479774,000: 14.4781
5,2.7827165462995676,500,27.82716324755948,000: -253.6467
MEAN,2.893467398886294,433.5,28.93467017517393,n/a
