{"initial_reset_timestamp": 1618336680.6185565, "timestamps": [1618336704.0451224, 1618336711.4344227, 1618336715.1804814, 1618336729.8496714, 1618336737.0710013], "episode_lengths": [13, 4, 2, 8, 4], "episode_rewards": [9.35555956050271, 2.466666666666667, 0.8041829436193862, 6.0889880809997345, 2.271788635960795], "episode_rewards_": [[0.7338962090612631, 0.7150048162755963, 0.7117764995128245, 0.7112248181604207, 0.7111305423080322, 0.7111144316740498, 0.7111116785562497, 0.8216594434639903, 0.862772978073162, 0.8660012810967387, 0.8665529601012761, 0.8666472355524416, 0.06666666666666665], [0.8444444444444444, 0.8222222222222223, 0.7999999999999999, 0.0], [0.7999999999999999, 0.0041829436193863145], [0.8222222222222223, 0.8444444444444444, 0.9549926798276257, 0.8633358372301115, 0.8254505389849939, 0.712225668191445, 0.803425105288944, 0.2628915848099478], [0.7561184312834853, 0.7372270384978186, 0.7339987217350469, 0.04444444444444443]], "episode_seeds": [16354277882452046815, 15440723517503853107, 5687618655348765342, 1930332275455707810, 10860499229026432615], "episode_types": ["t", "t", "t", "t", "t"], "episode_speed": [[20.8544411731307, 20.146013943668194, 20.024952065064255, 20.004264014349108, 20.00072866988454, 20.000124521110198, 20.000021279192694, 24.14556246323297, 24.853986677743574, 24.975048041127703, 24.99573600379785, 24.999271333216562, 17.249719055649454], [25.0, 25.0, 25.0, 12.07434352768604], [25.0, 20.156860385726986], [25.0, 25.0, 29.1455588268693, 25.70842722946251, 25.121061878603935, 20.875129223845853, 24.295108115002062, 29.02510109703971], [20.8544411731307, 20.146013943668194, 20.024952065064255, 11.522897920049553]], "episode_crashed": [[false, false, false, false, false, false, false, false, false, false, false, false, true], [false, false, false, true], [false, true], [false, false, false, false, false, false, false, true], [false, false, false, true]], "episode_action": [[4, 4, 4, 1, 4, 1, 1, 3, 2, 2, 1, 2, 4], [2, 0, 0, 4], [0, 3], [1, 2, 3, 4, 0, 4, 3, 3], [4, 2, 1, 0]], "episode_cost": [[0.0, 0.0, 0.0, 0.0, 0.0, 0.0, 0.0, 0.0, 0.0, 0.0, 0.0, 0.0, 1.0], [0.0, 0.0, 0.0, 1.0], [0.0, 1.0], [0.0, 0.0, 0.0, 0.0, 0.0, 0.0, 0.0, 1.0], [0.0, 0.0, 0.0, 1.0]]}