{"initial_reset_timestamp": 1618596170.5876546, "timestamps": [1618596177.176582, 1618596192.2832322, 1618596196.6066093], "episode_lengths": [6, 13, 13], "episode_rewards": [0.25, 4.25, 5.25], "episode_rewards_": [[0.5, 0.25, 0.5, 0.5, 0.5, -2.0], [0.5, 0.25, 0.25, 0.0, 0.0, 0.0, 0.25, 0.25, 0.5, 0.0, 0.75, 0.75, 0.75], [0.25, 0.75, 0.5, 0.5, 0.5, 0.75, 0.5, 0.25, 0.25, 0.25, 0.25, 0.25, 0.25]], "episode_seeds": [10139074162901083880, 172528619684589312, 6011299539455574874], "episode_types": ["t", "t", "t"], "episode_speed": [[5.439885290443771, 0.9296123938526437, 0.15885982087205838, 0.027147274341850918, 0.004639149787190416, 3.7317957202996688], [5.439885290443771, 4.660615338035013, 0.796444327388315, 0.13610296508539277, 0.023258395430825963, 3.7349775303177797, 8.100269604889045, 5.11524371695764, 4.605137912655716, 4.517966832286012, 8.23407326443355, 8.869112132306087, 8.977632803355807], [5.439885290443771, 8.391618282217381, 8.896034722269311, 5.251230613043818, 8.35937941744254, 5.1595225353992165, 0.8817016975881591, 0.15067244656771145, 0.02574814840075764, 0.004400055625097347, 0.0007519177380297034, 3.731131438077205, 0.6376064646111054]], "episode_crashed": [[false, false, false, false, false, false], [false, false, false, false, false, false, false, false, false, false, false, false, false], [false, false, false, false, false, false, false, false, false, false, false, false, false]], "episode_action": [[[0, 1, 0, 2], [0, 0, 1, 2], [0, 0, 2, 1], [0, 0, 2, 1], [0, 0, 2, 1], [2, 2, 2, 1]], [[0, 2, 0, 1], [1, 0, 0, 1], [0, 0, 2, 1], [0, 2, 0, 0], [1, 1, 0, 0], [2, 0, 1, 1], [2, 1, 1, 2], [0, 2, 2, 2], [1, 2, 0, 2], [1, 0, 0, 0], [2, 2, 2, 2], [2, 2, 1, 2], [1, 2, 0, 0]], [[0, 2, 0, 0], [2, 2, 2, 0], [2, 0, 2, 0], [0, 2, 1, 2], [2, 0, 2, 1], [0, 2, 1, 2], [0, 1, 0, 1], [1, 2, 1, 0], [1, 2, 0, 0], [0, 1, 1, 2], [1, 2, 2, 0], [2, 2, 0, 1], [0, 1, 2, 2]]], "episode_cost": [[0.0, 0.0, 0.0, 0.0, 0.0, 0.0], [0.0, 0.0, 0.0, 0.0, 0.0, 0.0, 0.0, 0.0, 0.0, 0.0, 0.0, 0.0, 0.0], [0.0, 0.0, 0.0, 0.0, 0.0, 0.0, 0.0, 0.0, 0.0, 0.0, 0.0, 0.0, 0.0]], "episode_agents_rewards": [[[0, 1, 0, 1], [0, 0, 0, 1], [0, 0, 1, 1], [0, 0, 1, 1], [0, 0, 1, 1], [0, 0, -4, -4]], [[0, 1, 0, 1], [0, 0, 0, 1], [0, 0, 0, 1], [0, 0, 0, 0], [0, 0, 0, 0], [0, 0, 0, 0], [1, 0, 0, 0], [0, 0, 0, 1], [0, 1, 0, 1], [0, 0, 0, 0], [1, 1, 0, 1], [1, 1, 0, 1], [1, 1, 0, 1]], [[0, 1, 0, 0], [1, 1, 1, 0], [1, 0, 1, 0], [0, 1, 1, 0], [1, 0, 1, 0], [0, 1, 1, 1], [0, 1, 0, 1], [0, 1, 0, 0], [0, 1, 0, 0], [0, 1, 0, 0], [0, 1, 0, 0], [0, 1, 0, 0], [0, 1, 0, 0]]], "episode_agents_dones": [[[false, false, false, false], [false, false, false, false], [false, false, false, false], [false, false, false, false], [false, false, false, false], [false, false, true, true]], [[false, false, false, false], [false, false, false, false], [false, false, false, false], [false, false, false, false], [false, false, false, false], [false, false, false, false], [false, false, false, false], [false, false, false, false], [false, false, false, false], [false, false, false, false], [false, false, false, false], [false, false, false, false], [true, true, true, true]], [[false, false, false, false], [false, false, false, false], [false, false, false, false], [false, false, false, false], [false, false, false, false], [false, false, false, false], [false, false, false, false], [false, false, false, false], [false, false, false, false], [false, false, false, false], [false, true, false, false], [false, true, false, false], [true, true, true, true]]]}