episode,sim/wall,total steps,steps/sec,score
0,0.3853445292482733,500,3.853445242918713,"006: 14.2795, 002: 1.5298, 008: 13.7855, 007: 13.6829, 011: 13.9102, 009: 14.1052, 014: 6.1949, 004: 14.0667, 003: 13.7914, 005: 0.8824, 010: 14.4774, 012: 14.3055, 000: 14.2276, 001: 13.9842, 013: -1.5826"
1,0.28219387289673875,199,2.8219386717229327,"006: 5.3000, 002: -0.8313, 008: 5.0949, 007: -2.5142, 011: 3.2329, 009: -10.1261, 014: -1.7634, 004: 5.9597, 003: 5.5592, 005: 5.8716, 010: 5.8855, 012: 5.3138, 000: 1.1869, 001: 5.8893, 013: 3.1959"
2,0.27107090910706383,246,2.7107090412202153,"006: 7.0870, 002: -0.1528, 008: 0.1564, 007: 7.1337, 011: -4.3931, 009: -4.9727, 014: 0.8425, 004: 7.1772, 003: 7.1929, 005: -3.4768, 010: 3.8878, 012: 6.7160, 000: 6.9980, 001: 1.3045, 013: 7.3281"
3,0.27234402065858415,221,2.723440150573782,"006: 6.4533, 002: 6.3973, 008: -6.2815, 007: 6.2587, 011: 6.2112, 009: 2.3999, 014: -7.8553, 004: 6.4674, 003: 6.2503, 005: -10.7184, 010: -10.9855, 012: -4.0314, 000: 6.5475, 001: -5.1915, 013: 6.4573"
4,0.2810968427509838,223,2.8109683599268878,"006: 0.9471, 002: 6.3808, 008: 6.3609, 007: 6.5308, 011: 6.6549, 009: 6.4962, 014: 1.1083, 004: -0.9777, 003: -0.9755, 005: -121.8592, 010: 6.6840, 012: 2.4936, 000: 6.5604, 001: 1.3763, 013: 6.6400"
5,0.270256222887445,298,2.7025621821262154,"006: 1.9622, 002: 2.0821, 008: 6.9778, 007: 0.0308, 011: 8.5250, 009: 8.3293, 014: 8.6756, 004: 8.2360, 003: -2.4921, 005: 1.4732, 010: 8.9995, 012: 8.5319, 000: 8.7114, 001: 8.2019, 013: -1.5800"
6,0.2731331584090222,120,2.731331465513983,"006: -1.4206, 002: 0.0794, 008: 0.3107, 007: -0.8432, 011: -4.4813, 009: 2.9801, 014: 3.7350, 004: 3.5702, 003: 3.4210, 005: 3.6512, 010: 0.6013, 012: 0.4758, 000: 3.6441, 001: 3.6771, 013: 3.2902"
7,0.24902723579772515,228,2.490272312583406,"006: 6.8026, 002: 3.4072, 008: 6.4356, 007: 0.2961, 011: 4.0969, 009: 6.5009, 014: 2.2245, 004: 4.8872, 003: 6.5149, 005: 3.0054, 010: 6.7130, 012: 6.8098, 000: 6.8875, 001: 2.3054, 013: 0.4922"
MEAN,0.2855583489694795,254.375,2.8555834283232673,n/a
