episode,sim/wall,total steps,steps/sec,score
0,0.5413119446689921,1000,5.413119397787163,"003: 25.5959, 009: 25.9027, 005: -5.1804, 000: 25.9949, 001: 26.3651, 006: 25.9068, 007: 25.4115, 002: 0.2111, 004: 26.7023, 008: 25.5290"
1,0.6925856463038936,1000,6.925856405857235,"003: 26.6652, 009: 25.3230, 005: 26.4070, 000: 26.3295, 001: 0.7881, 006: 25.3968, 007: -1.9634, 002: -1.6709, 004: 25.2444, 008: 2.4636"
2,0.11663244319836781,200,1.1663244254972018,"003: 5.5212, 009: -0.2898, 005: 5.1216, 000: -0.7375, 001: 5.1883, 006: -2.6089, 007: -1.7821, 002: 5.2830, 004: 2.0580, 008: 5.4281"
3,0.11166343587176036,132,1.1166343474570917,"003: -0.5192, 009: 3.2731, 005: 3.5114, 000: 2.6671, 001: 0.0213, 006: 3.2251, 007: 2.6846, 002: -3.2647, 004: -3.0454, 008: 3.5247"
4,0.32750670289853656,1000,3.2750670136416082,"003: -11.1459, 009: 26.1013, 005: 25.8150, 000: 25.4972, 001: -1.3325, 006: -5.1184, 007: 24.9636, 002: 25.1765, 004: 26.8667, 008: 25.5275"
5,0.26610854396449846,1000,2.6610854295149955,"003: -4.4400, 009: 26.1375, 005: -6.6006, 000: 26.7700, 001: 26.5493, 006: 0.7976, 007: 25.3504, 002: 26.1346, 004: 25.5583, 008: -5.8929"
6,0.43679245226528135,1000,4.367924495360422,"003: 26.5131, 009: 25.9916, 005: -4.4909, 000: 26.3908, 001: 25.1816, 006: -0.4073, 007: 25.6574, 002: 26.6329, 004: 25.6543, 008: 25.9732"
MEAN,0.35608588131019003,761.7142857142857,3.560858787873674,n/a
