episode,sim/wall,total steps,steps/sec,score
0,4.502598446516453,500,45.02597866490108,000: 12.9647
1,4.601876459610182,500,46.01875651761701,000: 13.6445
2,4.731343147207091,500,47.31342506749796,000: 12.7560
3,4.66877165439524,500,46.68770926827674,000: 13.6135
4,0.8459298329513741,500,8.45929805653505,000: 13.5944
MEAN,3.8701039081360675,500.0,38.70103351496557,n/a
