episode,sim/wall,total steps,steps/sec,score
0,0.2465017518880372,500,2.4650175014959057,"010: 14.7230, 006: 13.8064, 013: 0.3312, 002: -1.0462, 014: 13.8320, 008: 13.4463, 004: 14.3953, 009: 14.5865, 011: 14.0168, 007: 14.2652, 005: -3.7444, 001: 13.7881, 003: 13.7539, 000: 13.8719, 012: 14.2556"
1,0.2218781629510856,293,2.2187816054753733,"010: 4.5594, 006: 3.4331, 013: 7.8854, 002: -0.8823, 014: -1.7664, 008: 7.9532, 004: 8.6628, 009: 7.8587, 011: 3.4025, 007: -6.1825, 005: 8.5589, 001: 8.3960, 003: 8.2447, 000: 2.7238, 012: 8.1836"
2,0.22691379920926413,500,2.269137972450814,"010: 13.5975, 006: 13.9749, 013: 14.2589, 002: -0.2319, 014: 0.6446, 008: 0.1668, 004: 13.7288, 009: 14.2078, 011: 13.9079, 007: 14.1311, 005: -0.5726, 001: -3.6528, 003: 1.0696, 000: 14.3364, 012: 13.8496"
3,0.20594809404626024,145,2.0594808846698713,"010: 4.5076, 006: 0.6881, 013: 3.9862, 002: 4.1062, 014: -0.7094, 008: -6.6541, 004: 4.1578, 009: 1.2842, 011: 3.9649, 007: 3.6674, 005: -10.7579, 001: 1.9506, 003: 4.2971, 000: 4.3390, 012: -4.0058"
4,0.19323991779905836,238,1.9323991518054457,"010: 7.2637, 006: 0.9698, 013: 7.0393, 002: -0.7387, 014: 7.1682, 008: -0.3141, 004: 5.0197, 009: 6.7613, 011: 7.0553, 007: 2.7693, 005: -12.9499, 001: 6.0884, 003: 4.5413, 000: 7.0254, 012: -4.8822"
5,0.2091098189189467,500,2.0910981725089726,"010: 13.9543, 006: -1.8584, 013: -2.6343, 002: -3.5674, 014: 14.3340, 008: 14.2997, 004: 14.3950, 009: 13.6470, 011: 14.0871, 007: 13.6461, 005: 14.4704, 001: 0.3012, 003: -7.9202, 000: 14.4413, 012: 14.6585"
6,0.21235279179092065,181,2.1235278763300665,"010: -0.0242, 006: -2.7622, 013: 3.3363, 002: -3.9295, 014: 5.2003, 008: 5.2206, 004: -3.0931, 009: 4.5637, 011: -2.4663, 007: -0.8384, 005: 5.2720, 001: 5.4131, 003: 5.3691, 000: 5.4872, 012: 0.1662"
7,0.1912761713441398,500,1.9127616994847276,"010: 14.2381, 006: 14.3812, 013: 7.2916, 002: 13.4780, 014: 0.3794, 008: 14.4679, 004: 14.1208, 009: 13.9448, 011: 13.8076, 007: 14.6505, 005: -0.4427, 001: 0.8005, 003: 14.6903, 000: 13.6869, 012: 13.7871"
MEAN,0.2134025634934641,357.125,2.134025608027647,n/a
