episode,sim/wall,total steps,steps/sec,score
0,3.488726391418508,500,34.88725985160531,000: 13.5793
1,2.955310641584131,500,29.55310391706385,000: 14.1825
2,3.0222507001928163,463,30.222503709486634,000: 10.8502
3,2.9898847551923122,226,29.898839064361507,000: -2.0710
4,2.937482781008238,500,29.374825341361646,000: 14.3258
5,3.060717173899297,245,30.60716262265783,000: 2.0083
6,3.504540365301382,27,35.045316891449026,000: -1.6440
7,3.0218763342371204,353,30.218757791499435,000: 8.2327
MEAN,3.122598642854225,351.75,31.225971148685655,n/a
