episode,sim/wall,total steps,steps/sec,score
0,0.27247197246164656,500,2.7247196998358665,"003: 0.6897, 009: 14.1041, 005: -2.2860, 006: 13.5627, 001: 14.1448, 012: 14.4032, 008: 14.0959, 014: 14.0760, 002: 0.4382, 013: 0.6816, 010: 14.3692, 007: 13.9438, 004: 14.3757, 000: 3.5935, 011: 13.3347"
1,0.22095253595462522,320,2.2095253377220017,"003: 0.2487, 009: 8.5150, 005: 9.3836, 006: -0.5918, 001: 9.3200, 012: 8.7014, 008: 8.8270, 014: -1.7629, 002: -0.8859, 013: 8.4643, 010: 9.3472, 007: -1.2008, 004: 9.2670, 000: -5.4644, 011: -12.0742"
2,0.19834266634020573,325,1.983426643200397,"003: -1.1043, 009: 3.8688, 005: 9.1836, 006: 9.6120, 001: 1.5795, 012: 8.9513, 008: -1.9537, 014: 9.0753, 002: -31.7371, 013: 9.5297, 010: -1.3933, 007: 9.2693, 004: 9.1489, 000: 9.3773, 011: 6.3181"
3,0.19808044901818558,163,1.980804450008904,"003: 0.3311, 009: 1.3441, 005: -10.7423, 006: 4.5810, 001: 2.2342, 012: -4.0452, 008: -6.1839, 014: -3.9549, 002: 4.7376, 013: 4.8395, 010: 4.9749, 007: 3.9374, 004: 4.8737, 000: 4.8198, 011: 4.5072"
4,0.20978454423757398,241,2.0978454075452153,"003: -0.9710, 009: 6.9375, 005: -151.6819, 006: -2.1483, 001: 1.7727, 012: 5.7934, 008: -0.2777, 014: 6.8285, 002: 2.9018, 013: 7.1470, 010: 7.0861, 007: 6.8740, 004: -0.9875, 000: 6.7867, 011: 6.8800"
5,0.19337471000771358,500,1.9337470875956158,"003: -7.8275, 009: 14.0489, 005: 14.1607, 006: 1.9506, 001: 14.0497, 012: 14.3175, 008: 14.1422, 014: 14.3321, 002: -164.6641, 013: -2.7902, 010: 13.8797, 007: 13.8915, 004: 2.4264, 000: 13.9669, 011: 14.2046"
6,0.20396126581583013,191,2.0396126218086574,"003: 5.5058, 009: 5.0849, 005: 5.6043, 006: 0.4618, 001: 5.5401, 012: -0.4637, 008: 5.4757, 014: 5.6146, 002: -4.4801, 013: 3.6267, 010: -20.2736, 007: -0.8475, 004: 5.7215, 000: 5.7736, 011: -1.2276"
7,0.1932081241158383,487,1.93208122836575,"003: 13.8098, 009: 13.9050, 005: -331.0037, 006: 4.3719, 001: 1.7237, 012: 5.6557, 008: 13.4157, 014: -18.7604, 002: 13.6144, 013: 4.3358, 010: 14.1117, 007: 13.8639, 004: 5.0078, 000: 13.5389, 011: -0.3529"
MEAN,0.2112720334939524,340.875,2.1127203095103013,n/a
