episode,sim/wall,total steps,steps/sec,score
0,2.7983976551634395,500,27.983972070684125,000: 11.3638
1,0.2744256140891608,500,2.7442560870261157,000: 11.5681
MEAN,1.5364116346263001,500.0,15.36411407885512,n/a
