episode,sim/wall,total steps,steps/sec,score
0,2.9960066283378,500,29.960062431273283,000: 11.3638
1,0.2548059454979818,500,2.548059430212488,000: 11.5882
MEAN,1.625406286917891,500.0,16.254060930742884,n/a
