{"initial_reset_timestamp": 1618571671.9154332, "timestamps": [1618571672.614865, 1618571675.9849634, 1618571682.007498, 1618571686.7005262, 1618571690.035715, 1618571691.4128482, 1618571697.31718, 1618571700.0141819, 1618571715.6954594, 1618571717.0660496], "episode_lengths": [1, 5, 9, 7, 5, 2, 9, 4, 24, 2], "episode_rewards": [0.2883260131609591, 3.684432307996474, 7.867268875439922, 5.928074905230035, 3.293345469781304, 0.7999999999999999, 7.328097560020199, 2.533333333333333, 17.911350764160698, 0.8041829436193862], "episode_rewards_": [[0.2883260131609591], [0.8444444444444444, 0.8222222222222223, 0.8222222222222223, 0.9327704576054036, 0.2627729615021815], [0.8666666666666667, 0.9772149020498481, 0.9961062948355148, 0.9993346115982865, 0.9998862929506904, 0.9999805688030788, 0.9777744572148391, 0.9555549881104172, 0.09475009321058026], [0.9327704576054036, 0.9738840726132926, 0.9771123893760643, 0.9776640707284683, 0.9999805688030788, 0.9999966794370615, 0.06666666666666665], [0.8666666666666667, 0.8666666666666667, 0.7561184312834853, 0.7372270384978186, 0.06666666666666665], [0.7999999999999999, 0.0], [0.9549926798276257, 0.8633358372301115, 0.847672761207216, 0.8449961257968485, 0.9550869556800142, 0.9739001832472752, 0.9548929202716421, 0.9332200967594644, 0.0], [0.8444444444444444, 0.8222222222222223, 0.8444444444444444, 0.022222222222222216], [0.8444444444444444, 0.7338962090612631, 0.7150048162755963, 0.7339987217350469, 0.8439952757658243, 0.8627923926991027, 0.8437823766056693, 0.7337830694570919, 0.8255337174315543, 0.8189906014674926, 0.711121740873284, 0.7149104439374286, 0.7117603723905576, 0.8217702976081481, 0.7300214641367546, 0.7365648901780427, 0.7338855683776199, 0.7334277038051501, 0.7111272379144405, 0.7333360892142845, 0.733333804280964, 0.8438816491959238, 0.9733212106383471, 0.06666666666666665], [0.7999999999999999, 0.0041829436193863145]], "episode_seeds": [13744198956283314177, 17699399489345282304, 10212175313499250823, 3024847232077891172, 5169812690133826006, 9013192184097018526, 2976571858196073471, 2023973034432002770, 7966591523076194671, 11240822804318290691], "episode_types": ["t", "t", "t", "t", "t", "t", "t", "t", "t", "t"], "episode_speed": [[29.1455588268693], [25.0, 25.0, 25.0, 29.1455588268693, 29.853986056331806], [25.0, 29.1455588268693, 29.853986056331806, 29.975047934935745, 29.995735985650892, 29.99927133011546, 29.999875478889802, 29.999978720807306, 22.719795162063427], [29.1455588268693, 29.853986056331806, 29.975047934935745, 29.995735985650892, 29.99927133011546, 29.999875478889802, 18.796620274961754], [25.0, 25.0, 20.8544411731307, 20.146013943668194, 17.449731873955564], [25.0, 12.583746739567895], [29.1455588268693, 25.70842722946251, 25.121061878603935, 25.02068805071515, 29.149094171333864, 29.854590205106152, 29.97515117685324, 29.995753628479914, 14.043889990976705], [25.0, 25.0, 25.0, 15.424015217192501], [25.0, 20.8544411731307, 20.146013943668194, 20.024952065064255, 24.14982284121841, 24.854714726216347, 24.975172456045936, 20.85019843797428, 24.290847737016623, 24.87881422169764, 20.833731949414815, 20.142474980986904, 20.024347297979244, 24.149719493638887, 20.70913823846163, 20.1211833816766, 20.02070881416074, 20.00353889269313, 20.000604755124858, 20.00010334553567, 20.000017660536148, 24.14556184484714, 28.99954539893801, 11.08071095154755], [25.0, 20.156860385726986]], "episode_crashed": [[true], [false, false, false, false, true], [false, false, false, false, false, false, false, false, true], [false, false, false, false, false, false, true], [false, false, false, false, true], [false, true], [false, false, false, false, false, false, false, false, true], [false, false, false, true], [false, false, false, false, false, false, false, false, false, false, false, false, false, false, false, false, false, false, false, false, false, false, false, true], [false, true]], "episode_action": [[3], [1, 0, 1, 3, 0], [2, 3, 1, 1, 1, 1, 0, 0, 4], [3, 2, 1, 3, 2, 3, 4], [2, 1, 4, 1, 2], [0, 3], [3, 4, 1, 1, 3, 3, 0, 0, 3], [2, 0, 2, 0], [2, 4, 1, 2, 3, 1, 0, 4, 3, 0, 4, 2, 1, 3, 4, 2, 1, 1, 0, 2, 4, 3, 3, 3], [1, 3]], "episode_cost": [[1.0], [0.0, 0.0, 0.0, 0.0, 1.0], [0.0, 0.0, 0.0, 0.0, 0.0, 0.0, 0.0, 0.0, 1.0], [0.0, 0.0, 0.0, 0.0, 0.0, 0.0, 1.0], [0.0, 0.0, 0.0, 0.0, 1.0], [0.0, 1.0], [0.0, 0.0, 0.0, 0.0, 0.0, 0.0, 0.0, 0.0, 1.0], [0.0, 0.0, 0.0, 1.0], [0.0, 0.0, 0.0, 0.0, 0.0, 0.0, 0.0, 0.0, 0.0, 0.0, 0.0, 0.0, 0.0, 0.0, 0.0, 0.0, 0.0, 0.0, 0.0, 0.0, 0.0, 0.0, 0.0, 1.0], [0.0, 1.0]]}