episode,sim/wall,total steps,steps/sec,score
0,0.46521697968212017,5000,4.6521697916611835,"003: 0.9185, 004: 122.4307, 001: 126.6230, 002: 0.0812, 000: 124.0271"
1,0.5440496231834263,4869,5.440496223138081,"003: -12.5173, 004: 100.1739, 001: 13.6241, 002: 117.2714, 000: 35.8593"
2,1.0590845126683388,3239,10.590845077145026,"003: 2.3396, 004: -7.6533, 001: 77.7554, 002: -1.8538, 000: 5.2034"
3,0.5552965062835062,5000,5.552965054012978,"003: -0.6037, 004: 61.8716, 001: 89.6295, 002: 118.7409, 000: 3.7300"
4,0.5973164554977352,5000,5.9731645413670105,"003: 0.1548, 004: 152.0504, 001: -1.7845, 002: 0.7633, 000: 118.5619"
MEAN,0.6441928154630253,4621.6,6.441928137464856,n/a
