{"initial_reset_timestamp": 1618332085.4010956, "timestamps": [1618332109.2777724, 1618332145.2292085], "episode_lengths": [14, 21], "episode_rewards": [9.960251788916738, 14.986563276043997], "episode_rewards_": [[0.8444444444444444, 0.8444444444444444, 0.8222222222222223, 0.8222222222222223, 0.7116739868390409, 0.7150048162755963, 0.7339987217350469, 0.7334470403826429, 0.7111305423080322, 0.7333366538962719, 0.7111116785562497, 0.711111208080809, 0.8216593630652729, 0.04444444444444443], [0.8222222222222223, 0.7116739868390409, 0.8033308294365552, 0.7084456700762692, 0.6922309127009701, 0.6894600014382138, 0.6889864853042158, 0.6889055669680099, 0.6888917389763867, 0.68888937593531, 0.7994372075025734, 0.7077802958976696, 0.8026654434654046, 0.7083319634423145, 0.8027597169582096, 0.7083480736730717, 0.6922142346239218, 0.6672349291288481, 0.7773120114188146, 0.9066711250673244, 0.23077148496865227]], "episode_seeds": [8207178217151254028, 1417761655369874238], "episode_types": ["t", "t"], "episode_speed": [[25.0, 25.0, 25.0, 25.0, 20.8544411731307, 20.146013943668194, 20.024952065064255, 20.004264014349108, 20.00072866988454, 20.000124521110198, 20.000021279192694, 20.000003636363672, 24.145559448281066, 11.312115573658179], [25.0, 20.8544411731307, 24.29157277053749, 20.733379294526763, 20.125325892953043, 20.021416720599685, 20.003659865574758, 20.000625427967037, 20.00010687828117, 20.00001826424079, 24.145561948013167, 20.708427762829274, 24.26662079661934, 20.72911529575346, 24.27015605259952, 20.72971942940686, 20.124700465063736, 20.021309842331803, 24.149200428205543, 29.000167190024666, 27.820597352991125]], "episode_crashed": [[false, false, false, false, false, false, false, false, false, false, false, false, false, true], [false, false, false, false, false, false, false, false, false, false, false, false, false, false, false, false, false, false, false, false, true]], "episode_action": [[1, 1, 0, 1, 4, 2, 2, 4, 0, 2, 0, 4, 3, 3], [2, 4, 3, 4, 4, 1, 4, 1, 4, 1, 3, 4, 3, 4, 3, 4, 4, 0, 3, 3, 2]], "episode_cost": [[0.0, 0.0, 0.0, 0.0, 0.0, 0.0, 0.0, 0.0, 0.0, 0.0, 0.0, 0.0, 0.0, 1.0], [0.0, 0.0, 0.0, 0.0, 0.0, 0.0, 0.0, 0.0, 0.0, 0.0, 0.0, 0.0, 0.0, 0.0, 0.0, 0.0, 0.0, 0.0, 0.0, 0.0, 1.0]]}