episode,sim/wall,total steps,steps/sec,score
0,3.1423866688311652,500,31.423862921453438,000: 13.5537
1,2.541450366017103,101,25.414492987334828,000: 0.7828
2,2.553867569144789,500,25.53867351441575,000: 13.8728
3,2.527758093750995,500,25.277578804764058,000: 14.4416
4,2.5196830110473423,500,25.196828294066595,000: 14.4781
5,2.5581223157367523,500,25.581220973075467,000: -253.6467
MEAN,2.640544670754691,433.5,26.40544291585169,n/a
