episode,sim/wall,total steps,steps/sec,score
0,3.4960452515201386,483,34.960447085330564,000: 10.4449
1,3.5464278613756437,1332,35.4642770379018,000: 8.6495
2,3.009376498130051,953,30.09376362188733,000: 25.6400
3,2.8851871588488365,658,28.851869778759948,000: 14.6944
4,2.864711790221491,2549,28.647117441657922,000: 33.2665
MEAN,3.160349712019232,1195.0,31.60349499310751,n/a
