episode,sim/wall,total steps,steps/sec,score
0,2.516808379190751,500,25.168081375554735,000: 13.5537
1,2.284758373655403,101,22.847573878548065,000: 0.7828
2,2.291268471084436,500,22.912683208832814,000: 13.8728
3,2.280452664338555,500,22.804524907543435,000: 14.4416
4,2.2733744382830623,500,22.733742411307,000: 14.4781
5,2.303853632736431,500,23.038534302621766,000: -253.6467
MEAN,2.325085993214773,433.5,23.25085668073464,n/a
