episode,sim/wall,total steps,steps/sec,score
0,2.544013490033691,500,25.44012625928141,000: 11.1456
1,0.3963270788911113,500,3.963270714011845,000: 11.6115
MEAN,1.4701702844624012,500.0,14.701698486646627,n/a
