episode,sim/wall,total steps,steps/sec,score
0,1.4669577584489926,500,14.669575840057393,"001: 7.4393, 000: 11.6679"
1,0.12742011644736012,500,1.2742011551833528,"001: 11.5758, 000: 12.0405"
MEAN,0.7971889374481763,500.0,7.971888497620372,n/a
