{"initial_reset_timestamp": 1618571565.7108796, "timestamps": [1618571574.321955, 1618571577.0621746, 1618571589.9679163, 1618571595.9243133, 1618571597.326517, 1618571604.6747992, 1618571606.04123, 1618571609.9844828, 1618571614.6335964, 1618571621.1424465], "episode_lengths": [13, 4, 20, 9, 2, 11, 2, 6, 7, 10], "episode_rewards": [10.40001773523085, 2.533333333333333, 15.738592428683166, 6.82222554278516, 0.9111111111111111, 7.44956707815341, 0.8444444444444446, 3.9600121364479706, 4.471902343010105, 6.826914551004349], "episode_rewards_": [[0.9549926798276257, 0.9961062948355148, 0.9993346115982865, 0.889338057567509, 0.8705409406342307, 0.7567804991222603, 0.7373401781019894, 0.7340180559622699, 0.7334503443746009, 0.8439015645267887, 0.8627763785508992, 0.8660018621983762, 0.15543626793049992], [0.8444444444444444, 0.8222222222222223, 0.8444444444444444, 0.022222222222222216], [0.8666666666666667, 0.9772149020498481, 0.9961062948355148, 0.9993346115982865, 0.889338057567509, 0.8705409406342307, 0.8673287345054418, 0.8667798062708377, 0.8666860008938898, 0.7561217352754435, 0.8477758384943529, 0.7528902110064929, 0.736675373633699, 0.7339044487003124, 0.7334309302301643, 0.7333500114947378, 0.7333361834348926, 0.7333338203821573, 0.7333334165642471, 0.04444444444444443], [0.8444444444444444, 0.8666666666666667, 0.7561184312834853, 0.8477752738809997, 0.8634383499038951, 0.8661149853142627, 0.8665723908142783, 0.8666505560326843, 0.04444444444444443], [0.8444444444444444, 0.06666666666666665], [0.7999999999999999, 0.8222222222222223, 0.7116739868390409, 0.6927825940533742, 0.8001025126737838, 0.7962200018848242, 0.7993540427952075, 0.6893413781304476, 0.6705415080793693, 0.6673288314751397, 0.0], [0.8222222222222223, 0.022222222222222216], [0.8444444444444444, 0.8222222222222223, 0.8222222222222223, 0.7116739868390409, 0.7150048162755963, 0.04444444444444443], [0.7999999999999999, 0.8222222222222223, 0.7116739868390409, 0.6927825940533742, 0.7117764995128245, 0.6890025959381983, 0.04444444444444443], [0.8444444444444444, 0.7338962090612631, 0.8255530516587775, 0.8412161276816729, 0.7333445277088592, 0.6926883182009855, 0.6673159444343977, 0.6889998428203983, 0.7994560849935507, 0.0]], "episode_seeds": [4806955481541815929, 16827018870917742033, 15877050059579688264, 1192964809124302074, 9775972119995901799, 16320117907252640572, 12615487537528101822, 567276823453223486, 11014982123102094331, 2245652165014918541], "episode_types": ["t", "t", "t", "t", "t", "t", "t", "t", "t", "t"], "episode_speed": [[29.1455588268693, 29.853986056331806, 29.975047934935745, 25.85017715878159, 25.145285273783653, 20.879268717084763, 20.150256678824604, 20.02567709858512, 20.004387914047534, 24.146308669754575, 24.854114195658717, 24.975069832439104, 23.328860047393746], [25.0, 25.0, 25.0, 15.424015217192501], [25.0, 29.1455588268693, 29.853986056331806, 29.975047934935745, 25.85017715878159, 25.145285273783653, 25.024827543954064, 25.004242735156414, 25.000725033520865, 20.854565072829132, 24.29159394353823, 20.733382912743483, 20.125326511263708, 20.02141682626171, 20.00365988363116, 20.000625431052665, 20.00010687880847, 20.0000182643309, 20.000003121159263, 11.516598816866587], [25.0, 25.0, 20.8544411731307, 24.29157277053749, 24.878938121396065, 24.97931194928485, 24.996464655535434, 24.999395851225657, 15.423869945446754], [25.0, 17.706139917695474], [25.0, 25.0, 20.8544411731307, 20.146013943668194, 24.17051089193356, 24.85825007068091, 24.97577660482028, 20.850301679891786, 20.145306552976347, 20.024831180317737, 8.164581324651163], [25.0, 14.797718539600456], [25.0, 25.0, 25.0, 20.8544411731307, 20.146013943668194, 12.149221175452924], [25.0, 25.0, 20.8544411731307, 20.146013943668194, 20.024952065064255, 20.004264014349108, 15.177577060823538], [25.0, 20.8544411731307, 24.29157277053749, 24.878938121396065, 20.83375312241555, 20.142478599203624, 20.024347916289912, 20.004160772431604, 24.146269853924817, 14.180197960039674]], "episode_crashed": [[false, false, false, false, false, false, false, false, false, false, false, false, true], [false, false, false, true], [false, false, false, false, false, false, false, false, false, false, false, false, false, false, false, false, false, false, false, true], [false, false, false, false, false, false, false, false, true], [false, true], [false, false, false, false, false, false, false, false, false, false, true], [false, true], [false, false, false, false, false, true], [false, false, false, false, false, false, true], [false, false, false, false, false, false, false, false, false, true]], "episode_action": [[3, 2, 3, 4, 1, 4, 2, 2, 4, 3, 1, 2, 2], [1, 0, 2, 0], [1, 3, 2, 3, 4, 2, 1, 1, 1, 4, 3, 4, 1, 1, 4, 2, 2, 4, 4, 0], [2, 2, 4, 3, 1, 1, 1, 1, 0], [2, 2], [1, 2, 4, 1, 3, 0, 0, 4, 0, 1, 1], [2, 3], [2, 0, 1, 4, 2, 3], [0, 2, 4, 4, 2, 0, 2], [2, 4, 3, 1, 4, 0, 0, 2, 3, 0]], "episode_cost": [[0.0, 0.0, 0.0, 0.0, 0.0, 0.0, 0.0, 0.0, 0.0, 0.0, 0.0, 0.0, 1.0], [0.0, 0.0, 0.0, 1.0], [0.0, 0.0, 0.0, 0.0, 0.0, 0.0, 0.0, 0.0, 0.0, 0.0, 0.0, 0.0, 0.0, 0.0, 0.0, 0.0, 0.0, 0.0, 0.0, 1.0], [0.0, 0.0, 0.0, 0.0, 0.0, 0.0, 0.0, 0.0, 1.0], [0.0, 1.0], [0.0, 0.0, 0.0, 0.0, 0.0, 0.0, 0.0, 0.0, 0.0, 0.0, 1.0], [0.0, 1.0], [0.0, 0.0, 0.0, 0.0, 0.0, 1.0], [0.0, 0.0, 0.0, 0.0, 0.0, 0.0, 1.0], [0.0, 0.0, 0.0, 0.0, 0.0, 0.0, 0.0, 0.0, 0.0, 1.0]]}