{"initial_reset_timestamp": 1618334700.2276316, "timestamps": [1618334708.3142953, 1618334720.3144822], "episode_lengths": [4, 6], "episode_rewards": [2.994878030705871, 4.027729673685557], "episode_rewards_": [[0.9549926798276257, 0.9961062948355148, 0.9993346115982865, 0.04444444444444443], [0.6894517646168187, 0.7811086072143331, 0.7967716832372284, 0.7994483186475959, 0.9104539595307927, 0.05049534043878845]], "episode_seeds": [11623711474393572936, 3758808953902466042], "episode_types": ["t", "t"], "episode_speed": [[29.1455588268693, 29.853986056331806, 29.975047934935745, 17.268597152043117], [20.8544411731307, 24.29157277053749, 24.878938121396065, 24.97931194928485, 29.142023482404728, 21.060241933121233]], "episode_crashed": [[false, false, false, true], [false, false, false, false, false, true]], "episode_action": [[3, 2, 1, 0], [4, 3, 1, 0, 3, 2]], "episode_cost": [[0.0, 0.0, 0.0, 1.0], [0.0, 0.0, 0.0, 0.0, 0.0, 1.0]]}