episode,sim/wall,total steps,steps/sec,score
0,0.49760984124209223,1277,4.976098380059682,"001: 20.9237, 003: 15.0870, 019: -3.9031, 023: 4.0570, 015: -5.8878, 011: 6.3492, 018: 22.9227, 024: 3.2632, 012: 17.4428, 017: -1.6490, 007: 7.0546, 010: -0.4373, 013: -0.5390, 009: -0.4769, 002: -1.2836, 014: 22.4152, 008: 30.2725, 021: 0.2984, 000: 1.9470, 020: -0.4134, 016: -0.4722, 022: -36.3266, 005: 0.9190, 004: 16.4671, 006: 2.2975"
1,0.5706913768710816,1176,5.706913729093354,"001: -0.8821, 003: -1.0189, 019: 3.5444, 015: 5.8878, 023: 1.6141, 011: 0.7729, 018: 0.0795, 024: 13.5570, 012: 1.4789, 017: 4.6088, 007: 6.2665, 010: 3.1978, 013: -0.2815, 009: -85.7373, 002: 14.0560, 014: -0.2313, 008: 3.6263, 021: 3.0887, 000: -608.1979, 020: -1.0634, 016: -4.2263, 022: 8.1360, 005: 11.2383, 004: 4.6407, 006: 2.5943"
2,0.6710458991764048,1370,6.710458952581382,"001: 1.4331, 003: 0.6748, 019: 15.3938, 015: 5.1284, 023: 1.0255, 011: -5.8582, 018: 1.7834, 024: 9.8787, 012: 13.9175, 017: -2.7531, 007: 15.9024, 010: 15.2547, 013: -3.9753, 009: 1.6047, 002: -6.6419, 014: -11.2215, 008: 0.1206, 021: 9.7715, 000: 33.0290, 020: -1.0230, 016: -0.1060, 022: -7.0296, 005: 4.9734, 004: 10.1472, 006: -4.0335"
3,0.7378844381671957,1227,7.378844297034576,"001: -1.4754, 003: -1.4665, 019: -17.8521, 015: -0.9819, 023: -4.0120, 011: 14.1402, 018: 3.1753, 024: 11.1410, 012: -10.7313, 017: -1.7426, 007: 2.7170, 010: 10.0489, 013: 31.4458, 009: 7.2886, 002: 0.6133, 014: -0.7516, 008: 0.5907, 021: 13.0255, 000: 5.5927, 020: -3.9945, 016: -0.8668, 022: -0.9872, 005: 11.8699, 004: 0.8625, 006: 1.3622"
4,1.007870355816502,5000,10.07870352425895,"001: 15.6467, 003: 2.4403, 019: 8.3893, 015: 20.8059, 023: 2.7181, 011: -11.2834, 018: -318.3675, 024: 18.2477, 012: -0.5962, 017: 14.1217, 007: 18.0035, 010: 29.7707, 013: 2.7964, 009: 4.9094, 002: 0.7364, 014: 4.7957, 008: 8.0272, 021: 70.4005, 000: 3.9020, 020: 32.0815, 016: 1.2691, 022: 0.6531, 005: 0.9295, 004: -332.2149, 006: 23.3788"
MEAN,0.6970203822546553,2010.0,6.970203776605588,n/a
