{"initial_reset_timestamp": 1618069520.553625, "timestamps": [1618069523.0897832, 1618069530.463337], "episode_lengths": [3, 9], "episode_rewards": [1.3822343586701926, 6.64442567766236], "episode_rewards_": [[0.6894517646168187, 0.6705603718311518, 0.022222222222222216], [0.7338962090612631, 0.7150048162755963, 0.822324734896006, 0.9512126817124501, 0.8626898800253189, 0.8475623747208451, 0.8449772620450661, 0.8445354967035925, 0.022222222222222216]], "episode_seeds": [3596168569708097432, 8222210565909685626], "episode_types": ["t", "t"], "episode_speed": [[20.8544411731307, 20.146013943668194, 11.553463593200036], [20.8544411731307, 20.146013943668194, 24.17051089193356, 29.003808897550215, 25.68420383428279, 25.116922385365022, 25.019980660023307, 25.00341445971805, 15.424836247615964]], "episode_crashed": [[false, false, true], [false, false, false, false, false, false, false, false, true]], "episode_action": [[4, 0, 2], [4, 1, 3, 3, 4, 1, 1, 1, 0]], "episode_cost": [[0.0, 0.0, 1.0], [0.0, 0.0, 0.0, 0.0, 0.0, 0.0, 0.0, 0.0, 1.0]]}