episode,sim/wall,total steps,steps/sec,score
0,3.758793765937645,500,37.58793294347118,000: 13.5537
1,2.6501148660209215,101,26.501138713046878,000: 0.7828
2,2.654323081495102,500,26.543228463284915,000: 13.8728
3,2.644174946713713,500,26.44174746680698,000: 14.4416
4,2.6292948210808675,500,26.29294623292894,000: 14.4781
5,2.7366902001920606,500,27.36689843066193,000: -253.6467
MEAN,2.8455652802400517,433.5,28.455648708366805,n/a
